timestamp,storm_name,tc_lon,tc_lat,ibt_vmax,ibt_rmw_km,rec_vmax,era5_vmax,rec_rmw_km,era5_rmw_km,cygnss_cov,cygnss_vmax,diff_rec_vmax,diff_era5_vmax,diff_rec_rmw,diff_era5_rmw,ccmp_vmax,ccmp_dt_h,diff_ccmp_vmax,krige_vmax,linear_vmax,nearest_vmax,n_used
20180801T000000,JONGDARI,128.0,30.2,18.00554,111.12,15.609546661376951,12.498881340026855,84.53427029710159,131.19849184936595,0.2099609375,16.485620498657227,-2.3959933386230468,-5.506658659973144,-26.58572970289842,20.078491849365943,13.175007820129396,0.0,-4.830532179870605,16.211742401123047,16.485620498657227,16.485620498657227,215
20180801T060000,JONGDARI,127.0,29.6,18.00554,55.56,12.68921947479248,10.84889793395996,465.5830301600944,157.16020433768676,0.1943359375,12.83552074432373,-5.316320525207519,-7.156642066040039,410.0230301600944,101.60020433768676,11.353922843933104,0.0,-6.651617156066894,12.765727043151855,12.83552074432373,12.83552074432373,199
20180801T180000,JONGDARI,126.4,28.5,18.00554,55.56,12.879270553588867,12.706196784973145,104.15622247298964,341.51388968541266,0.0380859375,12.27260398864746,-5.126269446411133,-5.299343215026855,48.59622247298965,285.95388968541266,12.767645835876465,0.0,-5.237894164123535,12.160895347595215,12.272603988647461,12.272603988647461,39
20180802T000000,JONGDARI,126.8,28.6,18.00554,55.56,15.404739379882812,14.23019027709961,277.23634634721304,318.62771053753136,0.32421875,20.10994911193848,-2.6008006201171874,-3.775349722900392,221.67634634721304,263.0677105375313,13.790706634521484,0.0,-4.214833365478516,19.026891708374023,20.109949111938477,20.109949111938477,332
20180802T060000,JONGDARI,126.7,29.4,18.00554,55.56,15.554120063781738,15.345845222473145,462.89054348395047,170.28074929894257,0.1611328125,16.340566635131836,-2.4514199362182616,-2.659694777526856,407.33054348395046,114.72074929894256,14.75323486328125,0.0,-3.25230513671875,16.067588806152344,16.340566635131836,16.340566635131836,165
20180802T180000,JONGDARI,122.7,30.7,18.00554,55.56,17.138471603393555,13.142269134521484,327.73624451561443,291.5579568433702,0.01953125,9.677793502807615,-0.8670683966064452,-4.863270865478516,272.1762445156144,235.99795684337025,12.05156135559082,0.0,-5.95397864440918,9.5239896774292,9.677793502807617,9.677793502807617,20
20180808T000000,YAGI,132.5,19.2,18.00554,111.12,17.221229553222656,17.81479263305664,241.7751449445393,147.9214303536429,0.23828125,17.012840270996094,-0.7843104467773436,-0.1907473669433592,130.6551449445393,36.8014303536429,19.52025604248047,0.0,1.5147160424804689,16.739192962646484,17.012840270996094,17.012840270996094,244
20180808T060000,SHANSHAN,141.2,33.8,33.43886,22.224,12.825763702392578,19.797645568847656,477.4482401487266,213.36604432942133,0.0,,-20.61309629760742,-13.641214431152342,455.2242401487266,191.1420443294213,21.06848907470703,0.0,-12.370370925292969,,,,0
20180808T060000,YAGI,133.4,19.5,18.00554,111.12,10.853227615356444,18.806621551513672,434.0472049877371,173.29137426551898,0.0,,-7.152312384643555,0.801081551513672,322.92720498773707,62.17137426551898,18.37990379333496,0.0,0.374363793334961,,,,0
20180808T120000,YAGI,134.0,19.9,18.00554,111.12,6.397907257080078,17.82318115234375,418.1711903380076,168.924299422912,0.0,,-11.607632742919922,-0.1823588476562498,307.0511903380076,57.80429942291201,17.569292068481445,0.0,-0.4362479315185545,,,,0
20180808T180000,YAGI,134.1,20.6,18.00554,111.12,17.330293655395508,17.811710357666016,283.6188611745066,198.1485056228533,0.1982421875,16.013870239257812,-0.6752463446044921,-0.1938296423339842,172.4988611745066,87.02850562285334,17.66847801208496,0.0,-0.3370619879150389,15.857967376708984,16.013870239257812,16.013870239257812,203
20180809T000000,YAGI,133.7,20.9,18.00554,111.12,13.31114673614502,16.546951293945312,262.9409625757734,202.47032862926,0.2734375,16.640199661254883,-4.69439326385498,-1.4585887060546874,151.82096257577342,91.35032862925996,17.056318283081055,0.0,-0.9492217169189452,16.389066696166992,16.640199661254883,16.640199661254883,280
20180809T060000,YAGI,133.4,20.9,18.00554,129.64,10.70211696624756,16.679946899414062,419.5984288419,139.69629304854993,0.0,,-7.303423033752441,-1.3255931005859374,289.95842884189994,10.056293048549918,16.756166458129883,0.0,-1.249373541870117,,,,0
20180809T120000,YAGI,133.4,21.1,18.00554,129.64,9.000056266784668,16.932430267333984,515.4641874081317,163.5182448091453,0.0,,-9.005483733215332,-1.0731097326660155,385.8241874081317,33.878244809145286,17.6103458404541,0.0,-0.3951941595458983,,,,0
20180809T180000,YAGI,133.0,22.1,18.00554,148.16,14.293540000915527,17.025989532470703,247.74876283243825,218.92519625786431,0.21484375,21.12779426574707,-3.711999999084473,-0.9795504675292968,99.58876283243823,70.76519625786432,15.469071388244627,0.0,-2.536468611755371,19.64507484436035,21.12779426574707,21.12779426574707,220
20180810T000000,YAGI,132.2,22.8,18.00554,148.16,17.288721084594727,16.414525985717773,275.0658984332877,203.2009400248241,0.23046875,17.052021026611328,-0.7168189154052733,-1.5910140142822264,126.90589843328772,55.04094002482413,16.60369300842285,0.0,-1.4018469915771483,16.685094833374023,17.052021026611328,17.052021026611328,236
20180810T060000,YAGI,132.0,22.8,18.00554,148.16,6.512939929962158,15.94674015045166,219.4262062844899,121.28986625398264,0.0,,-11.492600070037842,-2.05879984954834,71.26620628448987,-26.870133746017345,15.872339248657228,0.0,-2.1332007513427733,,,,0
20180810T120000,YAGI,131.9,23.3,18.00554,129.64,8.369261741638184,15.45583152770996,325.20435745371003,179.62390608130843,0.0,,-9.636278258361816,-2.549708472290039,195.56435745371,49.98390608130842,14.885624885559082,0.0,-3.119915114440918,,,,0
20180810T180000,YAGI,130.9,24.3,18.00554,129.64,43.3897590637207,16.180463790893555,209.31868312777144,178.29220289565228,0.25390625,16.732494354248047,25.384219063720703,-1.8250762091064447,79.67868312777142,48.652202895652266,16.986221313476562,0.0,-1.0193186865234374,16.453311920166016,16.732494354248047,16.732494354248047,260
20180811T000000,YAGI,129.6,25.0,18.00554,111.12,41.40311050415039,15.27294635772705,254.7076528840919,203.0597339852727,0.19140625,14.882189750671388,23.39757050415039,-2.732593642272949,143.5876528840919,91.93973398527268,14.508076667785645,0.0,-3.497463332214356,14.848053932189941,14.882189750671387,14.882189750671387,196
20180811T060000,YAGI,128.1,25.0,18.00554,101.86,5.907416820526123,14.179838180541992,515.9553376521434,253.40664069661383,0.0,,-12.098123179473877,-3.825701819458008,414.09533765214337,151.54664069661385,12.964387893676758,0.0,-5.041152106323242,,,,0
20180811T120000,YAGI,126.8,25.0,20.57776,83.34,10.897834777832031,13.68618392944336,548.9109426400795,314.76842687993565,0.0166015625,10.452656745910645,-9.67992522216797,-6.891576070556642,465.57094264007947,231.42842687993564,14.05426788330078,0.0,-6.52349211669922,10.340633392333984,10.452656745910645,10.452656745910645,17
20180811T180000,YAGI,125.6,25.2,20.57776,55.56,19.0224723815918,13.924903869628906,79.89127881001357,145.3709721468937,0.25390625,17.085840225219727,-1.5552876184082045,-6.652856130371095,24.33127881001357,89.81097214689373,13.45984172821045,0.0,-7.117918271789552,17.011716842651367,17.085840225219727,17.085840225219727,260
20180812T000000,YAGI,124.7,25.6,20.57776,37.04,16.085575103759766,15.201579093933104,359.0438856609349,182.2982441062072,0.25,24.22764205932617,-4.492184896240236,-5.376180906066896,322.0038856609349,145.25824410620723,14.19504165649414,0.0,-6.382718343505861,23.213552474975586,24.227642059326172,24.227642059326172,256
20180812T060000,YAGI,123.7,26.6,20.57776,37.04,7.232508182525635,15.831071853637695,296.67195111783303,236.88159950689305,0.0,,-13.345251817474368,-4.746688146362306,259.631951117833,199.84159950689303,15.029479026794434,0.0,-5.548280973205568,,,,0
20180812T120000,YAGI,122.2,27.7,20.57776,55.56,14.236988067626951,17.86526107788086,399.7250831691401,194.9599320635706,0.001953125,5.555567264556885,-6.340771932373048,-2.712498922119142,344.1650831691401,139.3999320635706,18.20231819152832,0.0,-2.375441808471681,,,,2
20180812T180000,LEEPI,140.6,24.5,23.14998,37.04,18.42996025085449,16.204862594604492,88.71016640318796,182.10154293594712,0.28125,19.67550468444824,-4.720019749145507,-6.945117405395507,51.67016640318796,145.06154293594713,16.844209671020508,0.0,-6.305770328979492,19.179292678833008,19.675504684448242,19.675504684448242,288
20180812T180000,YAGI,120.8,29.0,18.00554,46.3,27.342409133911133,16.680709838867188,172.4148095160592,250.6562128232044,0.146484375,28.644760131835938,9.336869133911131,-1.3248301611328124,126.11480951605918,204.3562128232044,16.708667755126953,0.0,-1.2968722448730468,27.0819034576416,28.644760131835938,28.644760131835938,150
20180813T000000,BEBINCA,112.9,20.6,18.00554,92.6,34.566368103027344,16.249370574951172,114.1778127771967,119.22069850847696,0.1552734375,27.569185256958008,16.560828103027344,-1.756169425048828,21.57781277719669,26.62069850847695,16.96773338317871,0.0,-1.037806616821289,27.78058433532715,27.569185256958008,27.569185256958008,159
20180813T000000,LEEPI,139.7,25.5,23.14998,18.52,20.969900131225582,15.083759307861328,15.808549799978078,183.5722267122161,0.2353515625,23.163291931152344,-2.1800798687744134,-8.066220692138671,-2.711450200021922,165.05222671221617,18.603025436401367,0.0,-4.546954563598632,22.92308807373047,23.163291931152344,23.163291931152344,241
20180813T060000,BEBINCA,113.2,20.6,18.00554,92.6,6.081067085266113,14.916732788085938,508.3959266862725,221.78566359268,0.0,,-11.924472914733888,-3.0888072119140624,415.7959266862725,129.18566359268,15.541048049926758,0.0,-2.464491950073242,,,,0
20180813T060000,LEEPI,138.6,26.4,25.7222,18.52,6.445384979248047,14.246953010559082,470.2907339484237,193.0960687891061,0.0,,-19.27681502075196,-11.47524698944092,451.7707339484237,174.5760687891061,15.38757038116455,0.0,-10.33462961883545,,,,0
20180813T120000,BEBINCA,113.4,20.6,18.00554,74.08,14.667800903320312,12.952392578125,418.8950222631077,148.71940644029664,0.1142578125,15.775628089904783,-3.3377390966796874,-5.053147421875,344.8150222631077,74.63940644029664,14.849836349487305,0.0,-3.155703650512695,15.675858497619629,15.775628089904785,15.775628089904785,117
20180813T120000,LEEPI,137.9,27.2,25.7222,37.04,23.33048248291016,13.163631439208984,414.6713402575208,211.6797897343404,0.1279296875,19.62930679321289,-2.3917175170898446,-12.558568560791016,377.6313402575208,174.6397897343404,16.85662269592285,0.0,-8.86557730407715,19.408164978027344,19.62930679321289,19.62930679321289,131
20180813T180000,BEBINCA,113.6,20.6,18.00554,64.82000000000001,15.227741241455078,14.811357498168944,420.0234070073818,96.52360136319233,0.1796875,22.36648941040039,-2.7777987585449218,-3.1941825018310546,355.2034070073818,31.703601363192305,15.694221496582031,0.0,-2.3113185034179686,20.579803466796875,22.36648941040039,22.36648941040039,184
20180813T180000,LEEPI,137.1,28.3,25.7222,46.3,16.97085952758789,12.451581954956056,129.769802751816,211.75110457664576,0.4306640625,18.488561630249023,-8.75134047241211,-13.270618045043946,83.46980275181599,165.45110457664575,12.204940795898438,0.0,-13.517259204101563,18.404651641845703,18.488561630249023,18.488561630249023,441
20180814T000000,BEBINCA,113.8,20.8,18.00554,64.82000000000001,22.97838592529297,13.919282913208008,84.67691179491644,98.02110709422738,0.208984375,38.53520965576172,4.972845925292969,-4.086257086791992,19.856911794916428,33.20110709422737,13.352477073669434,0.0,-4.653062926330566,35.7176399230957,38.53520965576172,38.53520965576172,214
20180814T000000,LEEPI,136.1,29.3,25.7222,37.04,29.965171813964844,12.814321517944336,477.2844790089102,171.49798804863445,0.2353515625,21.12516975402832,4.242971813964843,-12.907878482055663,440.24447900891016,134.45798804863443,13.321389198303224,0.0,-12.400810801696778,21.318952560424805,21.12516975402832,21.12516975402832,241
20180814T090000,LEEPI,134.1,30.9,25.7222,37.04,11.798916816711426,11.838156700134276,472.0571067575896,379.3041835577921,0.0,,-13.923283183288577,-13.884043299865723,435.0171067575896,342.2641835577921,12.432538986206056,3.0,-13.289661013793946,,,,0
20180814T120000,BEBINCA,113.4,21.1,18.00554,64.82000000000001,20.65206527709961,12.06552505493164,59.97229194423216,477.6954294875454,0.1328125,21.361846923828125,2.646525277099609,-5.940014945068359,-4.847708055767846,412.87542948754543,12.157148361206056,0.0,-5.848391638793945,21.165822982788086,21.361846923828125,21.361846923828125,136
20180814T120000,LEEPI,133.2,31.4,25.7222,37.04,66.0088882446289,12.697683334350586,453.6156169967662,212.56805645140847,0.0693359375,17.704021453857422,40.286688244628905,-13.024516665649417,416.5756169967662,175.52805645140847,14.745946884155272,0.0,-10.976253115844727,16.878511428833008,17.704021453857422,17.704021453857422,71
20180814T150000,LEEPI,132.3,31.8,23.14998,37.04,19.898548126220703,13.65231704711914,268.9333609782783,201.54248130327,0.1396484375,19.8630313873291,-3.251431873779296,-9.49766295288086,231.8933609782783,164.50248130326997,14.745946884155272,3.0,-8.404033115844726,19.678112030029297,19.8630313873291,19.8630313873291,143
20180814T170000,LEEPI,131.7,32.2,20.57776,37.04,16.03782081604004,12.664802551269531,322.49337453571934,453.4313008089737,0.2705078125,19.8630313873291,-4.539939183959962,-7.91295744873047,285.4533745357193,416.39130080897365,11.252094268798828,1.0,-9.325665731201171,19.528167724609375,19.8630313873291,19.8630313873291,277
20180814T180000,BEBINCA,112.9,21.0,18.00554,101.86,21.55995178222656,13.974292755126951,109.1417089612656,106.43877981419598,0.1455078125,26.609663009643555,3.5544117822265626,-4.031247244873047,7.281708961265608,4.578779814195983,13.895556449890137,0.0,-4.109983550109863,25.417404174804688,26.609663009643555,26.609663009643555,149
20180814T180000,LEEPI,131.4,32.4,20.57776,37.04,14.595335960388184,12.458395957946776,328.159079162674,427.14606929842967,0.2880859375,19.8630313873291,-5.982424039611818,-8.119364042053224,291.119079162674,390.1060692984297,11.252094268798828,0.0,-9.325665731201171,19.523649215698242,19.8630313873291,19.8630313873291,295
20180814T210000,LEEPI,130.6,33.2,18.00554,27.78,12.901885032653809,12.784951210021973,501.613845948932,353.78571746506987,0.24609375,12.718507766723633,-5.103654967346191,-5.220588789978027,473.833845948932,326.0057174650699,11.252094268798828,3.0,-6.753445731201172,12.66435718536377,12.718507766723633,12.718507766723633,252
20180815T000000,BEBINCA,112.0,20.9,18.00554,55.56,20.077816009521484,15.498048782348633,114.7170219885841,87.15378154530624,0.2158203125,22.51866149902344,2.0722760095214845,-2.507491217651367,59.15702198858409,31.593781545306243,15.844992637634276,0.0,-2.1605473623657225,21.522789001464844,22.518661499023438,22.518661499023438,221
20180815T120000,BEBINCA,110.7,20.9,20.57776,55.56,12.864960670471191,12.65567111968994,448.4727323949,336.4566026321712,0.142578125,15.468923568725586,-7.71279932952881,-7.92208888031006,392.91273239489993,280.8966026321712,12.155094146728516,0.0,-8.422665853271486,14.623254776000977,15.468923568725586,15.468923568725586,146
20180815T120000,RUMBIA,125.9,29.1,18.00554,101.86,65.98213958740234,18.455900192260746,398.0200361870213,194.05401553555663,0.1103515625,17.85094451904297,47.97659958740235,0.4503601922607423,296.16003618702126,92.19401553555666,19.17675971984864,0.0,1.171219719848633,17.825651168823242,17.85094451904297,17.85094451904297,113
20180815T180000,BEBINCA,109.6,20.6,20.57776,55.56,15.197904586791992,13.910926818847656,295.4640229871509,76.4446111880728,0.048828125,14.91842555999756,-5.379855413208009,-6.666833181152345,239.90402298715088,20.8846111880728,14.287564277648926,0.0,-6.290195722351076,14.582526206970215,14.918425559997559,14.918425559997559,50
20180815T180000,RUMBIA,125.1,29.6,20.57776,148.16,17.502483367919922,18.288726806640625,317.6696007376032,244.10638783735024,0.4443359375,21.71206855773925,-3.0752766320800795,-2.2890331933593764,169.50960073760317,95.94638783735024,18.68914604187012,0.0,-1.888613958129884,20.997337341308594,21.712068557739258,21.712068557739258,455
20180816T000000,RUMBIA,124.7,29.9,20.57776,148.16,43.73285675048828,16.949695587158203,344.34732194964914,288.64919320928374,0.0703125,18.620695114135746,23.15509675048828,-3.6280644128417983,196.18732194964915,140.48919320928374,16.660837173461914,0.0,-3.9169228265380873,18.33440399169922,18.620695114135742,18.620695114135742,72
20180816T120000,RUMBIA,123.0,30.4,23.14998,111.12,20.54520797729492,18.537277221679688,423.38580114997006,141.75615916091738,0.0810546875,16.892532348632812,-2.604772022705077,-4.612702778320312,312.26580114997006,30.636159160917373,19.1265926361084,0.0,-4.023387363891601,15.939329147338867,16.892532348632812,16.892532348632812,83
20180816T180000,RUMBIA,121.9,30.5,23.14998,92.6,34.46638488769531,19.62093162536621,52.15346332282064,186.2402671895975,0.2412109375,32.794734954833984,11.316404887695311,-3.5290483746337884,-40.44653667717937,93.64026718959748,21.205543518066406,0.0,-1.944436481933593,31.06371307373047,32.794734954833984,32.794734954833984,247
20180817T000000,RUMBIA,120.5,31.1,23.14998,92.6,11.243321418762209,19.120466232299805,336.9214503255716,164.9633161168166,0.0048828125,8.874810218811035,-11.906658581237792,-4.029513767700195,244.3214503255716,72.36331611681659,21.20549964904785,0.0,-1.944480350952148,8.843202590942383,8.874810218811035,8.874810218811035,5
20180817T000000,SOULIK,140.8,21.6,25.7222,55.56,4.097891330718994,18.10506248474121,395.3872881696125,125.359068988299,0.0,,-21.624308669281007,-7.61713751525879,339.8272881696125,69.79906898829901,19.26021957397461,0.0,-6.461980426025392,,,,0
20180817T120000,RUMBIA,117.3,31.6,18.00554,92.6,18.935245513916016,15.486659049987791,386.64967873916567,423.0953739298561,0.0,,0.9297055139160156,-2.518880950012207,294.04967873916564,330.4953739298561,16.19077491760254,0.0,-1.8147650823974608,,,,0
20180817T120000,SOULIK,140.1,23.8,33.43886,27.78,59.629512786865234,19.085193634033203,76.33214209681685,101.3763119254907,0.373046875,28.892383575439453,26.19065278686524,-14.353666365966795,48.55214209681685,73.5963119254907,20.45660781860352,0.0,-12.982252181396484,28.686912536621094,28.892383575439453,28.892383575439453,382
20180817T180000,RUMBIA,116.1,31.9,18.00554,92.6,18.33305549621582,12.402650833129885,465.2694587722781,481.8670796581819,0.0,,0.3275154962158204,-5.602889166870117,372.6694587722781,389.2670796581819,12.292722702026367,0.0,-5.712817297973633,,,,0
20180817T180000,SOULIK,140.0,24.3,36.01108,27.78,37.70888519287109,19.321882247924805,153.8549834545185,89.04052088009877,0.2275390625,24.43100547790528,1.697805192871094,-16.689197752075195,126.0749834545185,61.26052088009877,20.20390892028809,0.0,-15.807171079711914,24.298397064208984,24.431005477905273,24.431005477905273,233
20180818T000000,SOULIK,140.0,24.6,38.5833,27.78,6.680963516235352,21.171772003173828,577.6914772825122,116.5586057278359,0.0,,-31.90233648376465,-17.411527996826173,549.9114772825122,88.7786057278359,27.08434295654297,0.0,-11.498957043457033,,,,0
20180818T120000,SOULIK,139.9,24.9,41.15552,27.78,37.14999771118164,22.946083068847656,58.43199531638451,96.36471561088396,0.3984375,28.46547508239746,-4.005522288818362,-18.209436931152347,30.651995316384507,68.58471561088395,27.797548294067383,0.0,-13.35797170593262,28.418678283691406,28.46547508239746,28.46547508239746,408
20180818T180000,SOULIK,139.7,24.9,41.15552,37.04,51.873985290527344,22.938552856445312,62.12894378456837,113.22411453786891,0.1630859375,41.068626403808594,10.71846529052734,-18.21696714355469,25.08894378456837,76.18411453786894,25.24573135375977,0.0,-15.909788646240235,40.26286697387695,41.068626403808594,41.068626403808594,167
20180819T000000,SOULIK,139.1,25.0,41.15552,31.484,5.027039051055908,24.01436996459961,578.5517090638067,97.32794017699608,0.0,,-36.128480948944095,-17.141150035400393,547.0677090638067,65.84394017699606,26.93415641784668,0.0,-14.221363582153325,,,,0
20180819T060000,SOULIK,138.7,25.1,41.15552,31.484,4.866823196411133,23.17066192626953,420.1186212974887,103.7169596204882,0.0,,-36.28869680358887,-17.98485807373047,388.6346212974887,72.2329596204882,26.86930656433105,0.0,-14.286213435668948,,,,0
20180819T120000,SOULIK,138.1,25.3,38.5833,31.484,38.13472366333008,24.73768615722656,128.4058982469226,105.74409839030182,0.3984375,35.273406982421875,-0.4485763366699231,-13.84561384277344,96.92189824692258,74.2600983903018,29.13719367980957,0.0,-9.446106320190433,35.33364486694336,35.273406982421875,35.273406982421875,408
20180819T180000,SOULIK,137.3,25.6,36.01108,55.56,32.260684967041016,24.84818649291992,190.82435805921577,86.50475765174754,0.2666015625,32.34832763671875,-3.750395032958984,-11.162893507080078,135.26435805921577,30.944757651747537,28.881839752197266,0.0,-7.129240247802734,30.119760513305664,32.34832763671875,32.34832763671875,273
20180820T000000,SOULIK,136.5,25.8,38.5833,74.08,5.914785385131836,28.182523727416992,485.30289890836633,99.07028441318742,0.0,,-32.668514614868165,-10.400776272583007,411.2228989083664,24.990284413187425,37.857215881347656,0.0,-0.726084118652345,,,,0
20180820T060000,SOULIK,135.5,26.1,41.15552,74.08,6.150717258453369,28.67437744140625,566.4468487206565,92.47294577671856,0.0,,-35.004802741546634,-12.481142558593753,492.3668487206565,18.392945776718577,35.80903625488281,0.0,-5.34648374511719,,,,0
20180820T120000,SOULIK,134.4,26.4,41.15552,46.3,30.23910522460937,30.91865539550781,74.24652676450006,89.34340678591465,0.2255859375,33.464080810546875,-10.916414775390628,-10.23686460449219,27.946526764500057,43.04340678591465,39.36328125,0.0,-1.7922387500000028,33.138607025146484,33.464080810546875,33.464080810546875,231
20180820T150000,SOULIK,133.9,26.7,41.15552,48.152,34.58679962158203,29.61261749267578,191.51681018809185,86.02772553569892,0.388671875,33.464080810546875,-6.568720378417972,-11.542902507324222,143.36481018809184,37.87572553569892,39.36328125,3.0,-1.7922387500000028,32.213130950927734,33.464080810546875,33.464080810546875,398
20180820T180000,SOULIK,133.3,27.0,43.72774,50.004000000000005,33.4241943359375,29.27583694458008,69.89073489183338,107.1137630102337,0.365234375,32.57903289794922,-10.303545664062504,-14.451903055419926,19.88673489183337,57.10976301023369,36.287086486816406,0.0,-7.440653513183591,32.20797348022461,32.57903289794922,32.57903289794922,374
20180820T210000,SOULIK,132.8,27.3,43.72774,50.004000000000005,37.16096496582031,30.68563270568848,201.71527174832963,97.15440698879068,0.0947265625,28.98617935180664,-6.566775034179692,-13.042107294311528,151.71127174832964,47.15040698879066,36.287086486816406,3.0,-7.440653513183591,28.782615661621094,28.98617935180664,28.98617935180664,97
20180821T000000,SOULIK,132.2,27.6,43.72774,50.004000000000005,6.790619850158691,30.68265914916992,386.17950644253335,108.71544057367964,0.0,,-36.93712014984131,-13.045080850830082,336.17550644253333,58.71144057367964,39.12182235717773,0.0,-4.605917642822263,,,,0
20180821T060000,SOULIK,131.0,28.4,43.72774,55.56,8.748892784118652,30.48134994506836,556.7363208082807,89.08011319681012,0.0,,-34.97884721588135,-13.246390054931643,501.1763208082807,33.520113196810115,38.281646728515625,0.0,-5.446093271484372,,,,0
20180821T090000,SOULIK,130.4,28.7,43.72774,55.56,42.8698616027832,30.2419662475586,529.9711792511005,96.98802364087844,0.06640625,17.556743621826172,-0.8578783972168011,-13.48577375244141,474.41117925110046,41.42802364087845,38.281646728515625,3.0,-5.446093271484372,17.447521209716797,17.556743621826172,17.556743621826172,68
20180821T120000,SOULIK,129.8,29.0,43.72774,55.56,45.66616821289063,30.296247482299805,52.28875923694406,112.378721230963,0.2216796875,32.025978088378906,1.9384282128906207,-13.4314925177002,-3.2712407630559426,56.81872123096299,38.82218933105469,0.0,-4.90555066894531,31.717395782470703,32.025978088378906,32.025978088378906,227
20180821T150000,SOULIK,129.2,29.4,43.72774,61.116,59.02388381958008,28.112499237060547,199.1630144859563,120.29561364421892,0.423828125,32.025978088378906,15.296143819580074,-15.615240762939456,138.0470144859563,59.17961364421893,38.82218933105469,3.0,-4.90555066894531,31.648954391479492,32.025978088378906,32.025978088378906,434
20180821T180000,SOULIK,128.6,29.7,43.72774,64.82000000000001,47.23398971557617,27.318321228027344,27.849428740478075,123.96985259464384,0.3359375,30.92293739318848,3.506249715576168,-16.40941877197266,-36.97057125952193,59.149852594643846,34.71942138671875,0.0,-9.008318613281247,30.612764358520508,30.922937393188477,30.922937393188477,344
20180821T210000,SOULIK,128.1,30.0,43.72774,62.968,4.6559576988220215,28.18569564819336,382.37558550379686,109.54278651894212,0.001953125,5.039502143859863,-39.07178230117798,-15.542044351806643,319.40758550379684,46.574786518942105,34.71942138671875,3.0,-9.008318613281247,,,,2
20180822T000000,CIMARON,139.9,24.2,41.15552,37.04,5.85839319229126,24.9309196472168,593.6033884110752,132.73231457383167,0.0,,-35.29712680770874,-16.224600352783206,556.5633884110753,95.69231457383168,30.322948455810547,0.0,-10.832571544189456,,,,0
20180822T000000,SOULIK,127.6,30.3,43.72774,59.264,10.949124336242676,30.04495620727539,362.50685793688206,117.108414762727,0.0,,-32.77861566375733,-13.682783792724614,303.24285793688205,57.84441476272699,37.9602165222168,0.0,-5.7675234777832,,,,0
20180822T060000,CIMARON,138.8,25.5,43.72774,37.04,6.595002174377441,26.264333724975582,430.943862814876,107.93324148839632,0.0,,-37.13273782562256,-17.46340627502442,393.903862814876,70.89324148839631,31.216794967651367,0.0,-12.51094503234863,,,,0
20180822T060000,SOULIK,126.8,31.1,41.15552,59.264,9.930296897888184,27.98664283752441,495.5427473549567,102.37737022611026,0.0,,-31.22522310211182,-13.168877162475589,436.27874735495664,43.113370226110256,35.10087203979492,0.0,-6.054647960205081,,,,0
20180822T090000,SOULIK,126.5,31.5,41.15552,57.412000000000006,15.944778442382812,28.48503494262696,108.43224104379348,127.00257761897365,0.0166015625,13.757354736328123,-25.21074155761719,-12.67048505737305,51.02024104379346,69.59057761897364,35.10087203979492,3.0,-6.054647960205081,13.664945602416992,13.757354736328125,13.757354736328125,17
20180822T120000,CIMARON,137.3,26.9,43.72774,27.78,38.15762710571289,26.663694381713867,31.47217901314232,114.66683863088204,0.287109375,32.363224029541016,-5.570112894287114,-17.064045618286137,3.692179013142319,86.88683863088205,32.04734420776367,0.0,-11.680395792236324,32.155269622802734,32.363224029541016,32.363224029541016,294
20180822T120000,SOULIK,126.1,31.9,38.5833,55.56,60.49973678588867,27.367855072021484,92.16141880916622,90.08035178556716,0.349609375,35.48964309692383,21.91643678588867,-11.215444927978517,36.60141880916622,34.52035178556716,37.07365036010742,0.0,-1.5096496398925794,34.33346939086914,35.48964309692383,35.48964309692383,358
20180822T150000,CIMARON,136.6,27.6,43.72774,27.78,48.63278579711914,25.73281478881836,90.30739433905472,151.98370698034532,0.544921875,48.95290756225586,4.905045797119136,-17.994925211181645,62.52739433905472,124.20370698034532,32.04734420776367,3.0,-11.680395792236324,47.587989807128906,48.95290756225586,48.95290756225586,558
20180822T180000,CIMARON,135.9,28.4,41.15552,27.78,50.39836120605469,25.10844039916992,130.69729676627978,165.9593674714577,0.36328125,48.95290756225586,9.242841206054685,-16.04707960083008,102.91729676627978,138.1793674714577,30.01208877563477,0.0,-11.143431224365235,48.337852478027344,48.95290756225586,48.95290756225586,372
20180822T180000,SOULIK,125.6,32.6,36.01108,64.82000000000001,49.32114028930664,25.639440536499023,114.7706502079466,57.84711135048641,0.2265625,32.62449645996094,13.31006028930664,-10.371639463500976,49.95065020794658,-6.9728886495136,32.61027145385742,0.0,-3.400808546142578,32.11954879760742,32.62449645996094,32.62449645996094,232
20180822T210000,CIMARON,135.4,29.1,41.15552,27.78,6.36819314956665,24.82354736328125,429.9195570996595,146.57554496949044,0.0,,-34.78732685043335,-16.331972636718753,402.1395570996596,118.79554496949044,30.01208877563477,3.0,-11.143431224365235,,,,0
20180823T000000,CIMARON,135.0,29.9,41.15552,27.78,9.822006225585938,25.76856231689453,482.80714643420265,134.80640083161416,0.0,,-31.333513774414065,-15.386957683105472,455.0271464342027,107.02640083161415,31.31304168701172,0.0,-9.842478312988284,,,,0
20180823T000000,SOULIK,125.5,33.1,36.01108,74.08,10.892792701721191,23.15528678894043,315.36044518562784,114.56106022344154,0.0,,-25.11828729827881,-12.85579321105957,241.28044518562783,40.481060223441546,26.71928024291992,0.0,-9.291799757080078,,,,0
20180823T060000,CIMARON,134.4,31.8,41.15552,37.04,12.582992553710938,25.08409881591797,379.2678894780335,166.69390385562332,0.0,,-28.572527446289065,-16.071421184082034,342.2278894780335,129.65390385562333,32.25092315673828,0.0,-8.904596843261722,,,,0
20180823T060000,SOULIK,125.7,33.7,33.43886,83.34,12.280329704284668,21.72501945495605,296.46909006347727,109.88114284910888,0.0,,-21.15853029571533,-11.713840545043944,213.1290900634773,26.541142849108866,25.226186752319336,0.0,-8.212673247680662,,,,0
20180823T090000,CIMARON,134.4,32.7,38.5833,37.04,21.205629348754883,25.168121337890625,185.6425948427023,145.57123451596323,0.0478515625,27.20328140258789,-17.37767065124512,-13.415178662109376,148.6025948427023,108.53123451596326,32.25092315673828,3.0,-6.33237684326172,26.211545944213867,27.20328140258789,27.20328140258789,49
20180823T120000,CIMARON,134.6,33.7,38.5833,37.04,68.03740692138672,23.524078369140625,79.21848051047668,80.40803756574738,0.21484375,35.7426872253418,29.45410692138672,-15.059221630859376,42.17848051047668,43.36803756574738,28.337814331054688,0.0,-10.245485668945314,35.183265686035156,35.7426872253418,35.7426872253418,220
20180831T180000,JEBI,140.3,19.1,54.01662,27.78,7.568015098571777,27.660125732421875,410.09980699007855,86.53393876376387,0.0,,-46.44860490142823,-26.356494267578128,382.3198069900785,58.75393876376387,33.73731231689453,0.0,-20.279307683105472,,,,0
20180901T000000,JEBI,139.2,19.6,54.01662,31.484,6.153734683990479,28.704301834106445,459.7582576156957,115.4301781861828,0.0,,-47.862885316009525,-25.31231816589356,428.2742576156957,83.94617818618278,36.50677108764648,0.0,-17.50984891235352,,,,0
20180901T060000,JEBI,138.3,20.4,54.01662,27.78,45.33610534667969,27.72250938415528,31.563563013095465,87.41184862432925,0.4228515625,45.35548782348633,-8.680514653320316,-26.29411061584473,3.783563013095464,59.63184862432925,33.950801849365234,0.0,-20.06581815063477,44.70796585083008,45.35548782348633,45.35548782348633,433
20180901T120000,JEBI,137.3,21.0,51.4444,27.78,32.22220993041992,29.46158790588379,112.50344158990202,91.52972083288527,0.201171875,25.608720779418945,-19.22219006958008,-21.982812094116213,84.72344158990202,63.74972083288528,38.67563247680664,0.0,-12.76876752319336,25.343740463256836,25.608720779418945,25.608720779418945,206
20180901T180000,JEBI,136.5,21.8,48.87218,27.78,4.528906345367432,29.44516563415528,595.5339832195359,92.6338889489439,0.0,,-44.34327365463257,-19.427014365844727,567.7539832195359,64.8538889489439,35.61177062988281,0.0,-13.260409370117188,,,,0
20180902T000000,JEBI,135.8,22.7,48.87218,46.3,7.628612995147705,33.5083122253418,543.9152750775789,103.1406857711047,0.0,,-41.243567004852295,-15.363867774658203,497.6152750775789,56.840685771104695,39.45605850219727,0.0,-9.416121497802736,,,,0
20180902T060000,JEBI,135.0,23.7,48.87218,46.3,50.007694244384766,31.609209060668945,39.09224545193518,98.29470579315242,0.365234375,37.158504486083984,1.1355142443847654,-17.262970939331055,-7.207754548064827,51.99470579315241,39.64668273925781,0.0,-9.225497260742188,36.85920333862305,37.158504486083984,37.158504486083984,374
20180902T120000,JEBI,134.4,24.5,48.87218,46.3,38.07621383666992,31.355224609375,26.66412626413882,74.62692357330856,0.26953125,32.39515686035156,-10.795966163330078,-17.516955390625,-19.635873735861185,28.326923573308555,42.79478454589844,0.0,-6.077395454101563,32.18449401855469,32.39515686035156,32.39515686035156,276
20180902T180000,JEBI,133.8,25.5,48.87218,27.78,6.4461541175842285,32.289833068847656,587.8719175747073,59.329646826994896,0.0,,-42.42602588241577,-16.582346931152344,560.0919175747073,31.54964682699489,41.205413818359375,0.0,-7.666766181640625,,,,0
20180903T000000,JEBI,133.1,26.5,46.29996,27.78,6.09296989440918,32.765174865722656,525.472042344312,78.40552156041333,0.0,,-40.20699010559082,-13.534785134277342,497.692042344312,50.62552156041333,42.3325424194336,0.0,-3.967417580566405,,,,0
20180903T060000,JEBI,132.6,27.5,46.29996,37.04,53.58639907836914,29.467660903930664,187.89251647521937,77.7350430734329,0.205078125,27.6103744506836,7.286439078369142,-16.832299096069335,150.85251647521935,40.695043073432906,37.97253036499024,0.0,-8.327429635009764,27.47054672241211,27.610374450683594,27.610374450683594,210
20180903T120000,JEBI,132.5,28.6,46.29996,46.3,38.68798828125,29.81533432006836,64.31199307746317,90.62615507472864,0.294921875,35.75531005859375,-7.611971718749999,-16.48462567993164,18.011993077463167,44.32615507472863,37.35750961303711,0.0,-8.94245038696289,34.514339447021484,35.75531005859375,35.75531005859375,302
20180903T150000,JEBI,132.6,29.4,43.72774,46.3,12.38083839416504,27.56518745422364,467.2094739806651,91.65091410695936,0.01171875,10.034077644348145,-31.346901605834965,-16.16255254577637,420.9094739806651,45.350914106959344,37.35750961303711,3.0,-6.370230386962888,9.929259300231934,10.034077644348145,10.034077644348145,12
20180903T180000,JEBI,132.8,30.3,43.72774,46.3,11.45976734161377,27.42956924438477,504.2831178783012,86.93912697331906,0.0,,-32.267972658386235,-16.29817075561524,457.9831178783012,40.63912697331906,33.70599365234375,0.0,-10.021746347656247,,,,0
20180904T000000,JEBI,133.8,32.4,43.72774,46.3,13.624049186706545,29.658655166625977,383.7287245690369,81.30329342115627,0.0,,-30.10369081329346,-14.069084833374028,337.4287245690369,35.003293421156265,38.9431266784668,0.0,-4.7846133215332,,,,0
20180904T020000,JEBI,134.3,33.3,43.72774,46.3,38.1376838684082,29.864591598510746,224.64886510256105,79.17843055428308,0.0068359375,11.776153564453123,-5.590056131591801,-13.863148401489262,178.34886510256104,32.87843055428308,38.9431266784668,2.0,-4.7846133215332,11.723004341125488,11.776153564453125,11.776153564453125,7
20180904T030000,JEBI,134.6,33.8,43.72774,46.3,54.34990692138672,27.81914329528809,212.8975052712499,77.90451925517849,0.009765625,22.942493438720703,10.622166921386714,-15.908596704711918,166.5975052712499,31.60451925517848,38.9431266784668,3.0,-4.7846133215332,22.513822555541992,22.942493438720703,22.942493438720703,10
20180911T000000,BARIJAT,118.7,20.9,18.00554,55.56,14.146442413330078,12.760123252868652,184.85333980780945,160.7407469783456,0.2578125,12.89376163482666,-3.8590975866699218,-5.245416747131348,129.29333980780942,105.1807469783456,13.906123161315918,0.0,-4.099416838684082,12.826292991638184,12.89376163482666,12.89376163482666,264
20180911T000000,MANGKHUT,141.2,14.0,48.87218,9.26,51.86091613769531,30.35641288757324,45.77994824993776,83.86763216228998,0.34765625,30.14116477966309,2.9887361376953123,-18.51576711242676,36.51994824993776,74.60763216228997,37.60831832885742,0.0,-11.263861671142578,29.58303451538086,30.141164779663086,30.141164779663086,356
20180911T060000,BARIJAT,118.1,20.8,20.57776,55.56,12.59689235687256,12.894342422485352,241.40178984171183,98.71960948711336,0.0849609375,16.566070556640625,-7.980867643127443,-7.68341757751465,185.84178984171183,43.15960948711336,13.816428184509276,0.0,-6.761331815490724,15.60277271270752,16.566070556640625,16.566070556640625,87
20180911T060000,MANGKHUT,139.8,13.9,54.01662,27.78,15.801342964172363,26.884654998779297,217.3007249773796,81.02048026810274,0.0859375,17.35797882080078,-38.21527703582764,-27.131965001220703,189.5207249773796,53.24048026810274,32.68326568603516,0.0,-21.333354313964847,17.33592987060547,17.35797882080078,17.35797882080078,88
20180911T120000,BARIJAT,117.3,20.6,20.57776,55.56,8.601638793945312,12.939811706542969,384.4503177975014,153.78904922111957,0.0263671875,8.802813529968262,-11.976121206054689,-7.637948293457033,328.8903177975014,98.22904922111957,14.844646453857422,0.0,-5.73311354614258,8.51557445526123,8.802813529968262,8.802813529968262,27
20180911T120000,MANGKHUT,138.7,13.7,56.588840000000005,31.484,30.72904396057129,31.5574893951416,101.76925018556727,87.95095240186353,0.181640625,33.2557373046875,-25.85979603942872,-25.031350604858403,70.28525018556726,56.46695240186353,37.305301666259766,0.0,-19.28353833374024,32.657859802246094,33.2557373046875,33.2557373046875,186
20180911T180000,BARIJAT,116.4,20.6,20.57776,55.56,7.418812274932861,12.921091079711914,434.4715750057363,150.07743853523272,0.0,,-13.15894772506714,-7.656668920288087,378.9115750057363,94.51743853523271,12.734991073608398,0.0,-7.842768926391603,,,,0
20180911T180000,MANGKHUT,137.3,14.0,56.588840000000005,31.484,5.441634178161621,31.12432289123535,606.4133034316279,42.4747259798904,0.0,,-51.147205821838384,-25.464517108764653,574.9293034316279,10.9907259798904,39.48974990844727,0.0,-17.09909009155274,,,,0
20180912T000000,BARIJAT,115.4,20.7,20.57776,55.56,18.812068939208984,12.139653205871582,29.80226372619213,158.47390222520713,0.2568359375,18.820140838623047,-1.765691060791017,-8.43810679412842,-25.757736273807872,102.91390222520712,14.667414665222168,0.0,-5.910345334777833,18.44097137451172,18.820140838623047,18.820140838623047,263
20180912T000000,MANGKHUT,136.2,13.9,56.588840000000005,31.484,51.07455062866211,33.624168395996094,77.00089044978189,81.02048026810274,0.220703125,32.628761291503906,-5.514289371337895,-22.96467160400391,45.51689044978189,49.53648026810274,38.80961608886719,0.0,-17.779223911132817,32.3204345703125,32.628761291503906,32.628761291503906,226
20180912T060000,BARIJAT,114.5,20.9,20.57776,64.82000000000001,13.599989891052246,11.959054946899414,375.0746427757953,168.5298466312411,0.0263671875,15.738555908203123,-6.977770108947755,-8.618705053100587,310.25464277579533,103.70984663124108,11.685882568359377,0.0,-8.891877431640626,15.664939880371094,15.738555908203125,15.738555908203125,27
20180912T060000,MANGKHUT,135.2,14.0,56.588840000000005,37.04,27.43778610229492,31.06580924987793,172.69518321789715,97.63017229650411,0.1845703125,27.07011985778809,-29.151053897705083,-25.523030750122075,135.65518321789716,60.59017229650412,38.78680419921875,0.0,-17.802035800781255,26.874204635620117,27.070119857788086,27.070119857788086,189
20180912T120000,BARIJAT,113.4,20.9,20.57776,64.82000000000001,7.901745796203613,11.427672386169434,429.82195030018,119.04806338506523,0.078125,15.347412109375,-12.676014203796388,-9.150087613830568,365.00195030018,54.22806338506523,11.426745414733888,0.0,-9.151014585266116,14.947308540344238,15.347412109375,15.347412109375,80
20180912T120000,MANGKHUT,134.0,14.3,56.588840000000005,46.3,27.181825637817383,31.62174224853516,282.91694016511303,65.33671563633406,0.0625,24.276323318481445,-29.407014362182625,-24.96709775146485,236.61694016511305,19.03671563633406,40.400333404541016,0.0,-16.18850659545899,24.170957565307617,24.276323318481445,24.276323318481445,64
20180912T180000,BARIJAT,112.1,20.9,20.57776,64.82000000000001,7.180887222290039,10.128856658935549,472.6784891880578,75.85793873879256,0.0,,-13.396872777709962,-10.448903341064456,407.8584891880578,11.037938738792548,10.846768379211426,0.0,-9.730991620788576,,,,0
20180912T180000,MANGKHUT,132.5,14.4,56.588840000000005,31.484,6.579987525939941,30.943553924560547,491.6886866239721,81.72904556393482,0.0,,-50.00885247406006,-25.64528607543945,460.20468662397207,50.245045563934816,39.23757553100586,0.0,-17.351264468994145,,,,0
20180913T000000,BARIJAT,110.7,21.2,18.00554,64.82000000000001,8.181758880615234,10.978530883789062,127.18699581255514,97.79291243000011,0.107421875,9.953768730163574,-9.823781119384766,-7.027009116210937,62.36699581255513,32.97291243000011,11.66179656982422,0.0,-6.343743430175781,9.834857940673828,9.953768730163574,9.953768730163574,110
20180913T000000,MANGKHUT,131.4,14.5,56.588840000000005,31.484,53.10666275024414,33.74424743652344,48.23296379705396,101.6824911685379,0.240234375,40.89142227172852,-3.482177249755864,-22.844592563476567,16.74896379705396,70.19849116853788,41.538204193115234,0.0,-15.05063580688477,39.4100227355957,40.891422271728516,40.891422271728516,246
20180913T060000,MANGKHUT,130.1,14.7,56.588840000000005,31.484,44.99020767211914,29.574726104736328,235.59888575851195,57.08860022438085,0.1181640625,25.43500518798828,-11.598632327880864,-27.01411389526368,204.11488575851192,25.60460022438085,37.25058364868164,0.0,-19.338256351318364,25.357566833496094,25.43500518798828,25.43500518798828,121
20180913T120000,MANGKHUT,128.9,14.9,56.588840000000005,31.484,30.14121437072754,28.99005126953125,143.83204267640406,88.76460439149051,0.068359375,26.067426681518555,-26.447625629272466,-27.598788730468755,112.34804267640403,57.280604391490506,36.15400314331055,0.0,-20.43483685668945,25.499950408935547,26.067426681518555,26.067426681518555,70
20180913T180000,MANGKHUT,127.9,15.2,56.588840000000005,40.744,7.499741077423096,29.922679901123047,201.3438122458176,130.68141879831018,0.0,,-49.08909892257691,-26.66616009887696,160.59981224581762,89.93741879831018,37.12633514404297,0.0,-19.46250485595704,,,,0
20180914T000000,MANGKHUT,126.9,15.9,56.588840000000005,40.744,54.8772087097168,29.943078994750977,116.49938850156828,108.72657691026212,0.1689453125,43.29046630859375,-1.7116312902832078,-26.645761005249028,75.75538850156828,67.98257691026213,37.5604248046875,0.0,-19.028415195312505,43.1047248840332,43.29046630859375,43.29046630859375,173
20180914T060000,MANGKHUT,125.6,16.7,56.588840000000005,40.744,55.09449005126953,32.06337356567383,107.58468032725985,82.97765533996493,0.208984375,39.709938049316406,-1.4943499487304734,-24.525466434326177,66.84068032725983,42.233655339964926,39.737701416015625,0.0,-16.85113858398438,39.21963882446289,39.709938049316406,39.709938049316406,214
20180914T120000,MANGKHUT,124.1,17.4,56.588840000000005,40.744,31.5869255065918,34.77006530761719,286.3114035065015,110.99863633532712,0.0,,-25.001914493408208,-21.818774692382817,245.5674035065015,70.25463633532713,42.825565338134766,0.0,-13.76327466186524,,,,0
20180914T180000,MANGKHUT,122.3,18.0,56.588840000000005,22.224,16.9216251373291,33.77916717529297,593.8203244343441,88.37657130451825,0.0,,-39.6672148626709,-22.80967282470704,571.5963244343441,66.15257130451825,41.61949157714844,0.0,-14.969348422851567,,,,0
20180915T000000,MANGKHUT,120.7,18.1,46.29996,22.224,41.431640625,28.53824806213379,282.6843294474989,86.53825428353593,0.1005859375,47.64544677734375,-4.868319374999999,-17.76171193786621,260.46032944749896,64.31425428353593,41.37631988525391,0.0,-4.923640114746092,45.486732482910156,47.64544677734375,47.64544677734375,103
20180915T060000,MANGKHUT,119.7,18.5,46.29996,37.04,46.716270446777344,30.20273971557617,107.16800686142986,120.44266458793098,0.2861328125,44.37944793701172,0.4163104467773451,-16.097220284423827,70.12800686142987,83.40266458793099,38.08182907104492,0.0,-8.218130928955077,43.822486877441406,44.37944793701172,44.37944793701172,293
20180915T120000,MANGKHUT,118.3,19.2,43.72774,37.04,17.622121810913086,31.93964958190918,163.61804079042872,135.00640956849753,0.0244140625,11.717795372009276,-26.10561818908692,-11.788090418090825,126.57804079042872,97.96640956849754,39.70597839355469,0.0,-4.02176160644531,11.669490814208984,11.717795372009277,11.717795372009277,25
20180915T180000,MANGKHUT,116.9,19.8,41.15552,37.04,6.14774751663208,27.9211540222168,390.4048962144043,181.977346711226,0.0,,-35.00777248336792,-13.234365977783206,353.36489621440427,144.937346711226,34.8400993347168,0.0,-6.315420665283206,,,,0
20180916T000000,MANGKHUT,115.3,20.7,38.5833,37.04,37.33823776245117,28.812305450439453,269.22581780820224,158.64285494217833,0.12109375,27.43317985534668,-1.2450622375488294,-9.770994549560548,232.18581780820224,121.60285494217834,36.760475158691406,0.0,-1.822824841308595,27.322755813598633,27.43317985534668,27.43317985534668,124
20180916T060000,MANGKHUT,113.5,21.5,38.5833,27.78,51.88491439819336,28.64658737182617,79.55162278310661,113.9698022027286,0.2578125,41.51161193847656,13.301614398193358,-9.93671262817383,51.77162278310661,86.1898022027286,36.60090255737305,0.0,-1.9823974426269544,39.576072692871094,41.51161193847656,41.51161193847656,264
20180916T120000,MANGKHUT,111.6,22.1,33.43886,37.04,10.467684745788574,20.47084045410156,443.6934884362186,133.06842732867145,0.00390625,7.627658367156982,-22.971175254211424,-12.968019545898436,406.6534884362186,96.02842732867146,22.965002059936523,0.0,-10.473857940063477,7.5815277099609375,7.627658367156982,7.627658367156982,4
20180916T180000,MANGKHUT,109.8,22.4,28.29442,37.04,9.225393295288086,18.92707061767578,489.589717046205,220.10555948237803,0.0,,-19.06902670471192,-9.36734938232422,452.549717046205,183.06555948237803,19.893449783325195,0.0,-8.400970216674803,,,,0
20180922T000000,TRAMI,140.3,16.1,25.7222,111.12,23.598482131958008,19.08228874206543,221.6825981546129,220.5306170501377,0.146484375,19.84601783752441,-2.123717868041993,-6.639911257934571,110.56259815461286,109.41061705013767,21.08448600769043,0.0,-4.637713992309571,19.777210235595703,19.846017837524414,19.846017837524414,150
20180922T060000,TRAMI,138.9,16.6,28.29442,83.34,39.19748306274414,18.700580596923828,178.96829667749165,119.24170136285169,0.279296875,23.552217483520508,10.903063062744138,-9.593839403076174,95.62829667749163,35.90170136285168,20.4036922454834,0.0,-7.8907277545166,22.84904670715332,23.552217483520508,23.552217483520508,286
20180922T180000,TRAMI,136.2,16.9,33.43886,37.04,28.8840560913086,18.87004852294922,46.17791749360556,108.7067628191218,0.3525390625,19.70592498779297,-4.5548039086914045,-14.56881147705078,9.137917493605563,71.6667628191218,20.076881408691406,0.0,-13.361978591308592,19.182580947875977,19.70592498779297,19.70592498779297,361
20180923T000000,TRAMI,135.1,17.0,36.01108,37.04,26.254892349243164,18.81044006347656,41.78292111526583,127.34798358492728,0.1640625,20.349443435668945,-9.756187650756836,-17.200639936523437,4.74292111526583,90.30798358492729,20.503692626953125,0.0,-15.507387373046877,20.088380813598633,20.349443435668945,20.349443435668945,168
20180923T060000,TRAMI,134.2,17.3,41.15552,9.26,51.07417678833008,19.403305053710938,249.0266119661213,119.79786591305404,0.2666015625,39.210899353027344,9.918656788330075,-21.752214946289065,239.76661196612127,110.53786591305402,21.179643630981445,0.0,-19.97587636901856,38.31105041503906,39.210899353027344,39.210899353027344,273
20180923T180000,TRAMI,132.2,18.1,46.29996,12.964,38.57373809814453,21.96269989013672,293.80088664261785,122.45809994479488,0.2548828125,34.324832916259766,-7.726221901855467,-24.33726010986328,280.83688664261786,109.49409994479488,23.79079818725586,0.0,-22.50916181274414,33.171783447265625,34.324832916259766,34.324832916259766,261
20180924T000000,TRAMI,131.3,18.5,48.87218,27.78,26.52355194091797,22.30016326904297,82.73759144978386,103.12528528457,0.2119140625,32.58967971801758,-22.34862805908203,-26.57201673095703,54.95759144978386,75.34528528457001,24.857223510742188,0.0,-24.014956489257813,31.481285095214844,32.58967971801758,32.58967971801758,217
20180924T060000,TRAMI,130.4,18.9,51.4444,37.04,43.65080642700195,23.14967155456543,163.701988045409,110.95392365637878,0.1416015625,37.60440444946289,-7.793593572998049,-28.29472844543457,126.661988045409,73.91392365637878,25.86821746826172,0.0,-25.576182531738283,37.160438537597656,37.60440444946289,37.60440444946289,145
20180924T120000,TRAMI,129.7,19.3,51.4444,40.744,6.78658390045166,25.809627532958984,529.476254537199,116.09494482873734,0.0,,-44.65781609954834,-25.634772467041017,488.73225453719897,75.35094482873734,29.90855026245117,0.0,-21.53584973754883,,,,0
20180924T180000,TRAMI,129.1,19.6,54.01662,40.744,49.67903900146485,24.22591018676757,171.18663367857346,118.25736945092444,0.205078125,37.6518669128418,-4.337580998535159,-29.790709813232425,130.44263367857346,77.51336945092444,27.596710205078125,0.0,-26.41990979492188,38.246036529541016,37.6518669128418,37.6518669128418,210
20180925T000000,TRAMI,128.7,19.6,54.01662,46.3,44.34360122680664,26.80266189575196,88.09496717758816,129.49616378955537,0.25,35.485721588134766,-9.673018773193364,-27.21395810424805,41.79496717758816,83.19616378955536,29.31916618347168,0.0,-24.697453816528324,34.35881805419922,35.485721588134766,35.485721588134766,256
20180925T060000,TRAMI,128.8,19.8,54.01662,40.744,33.778282165527344,27.13122940063477,75.46732240092534,77.26645068459895,0.01171875,13.407356262207031,-20.23833783447266,-26.88539059936524,34.72332240092534,36.52245068459895,32.6780891418457,0.0,-21.3385308581543,13.365449905395508,13.407356262207031,13.407356262207031,12
20180925T120000,TRAMI,128.9,20.0,51.4444,37.04,6.754849433898926,27.881452560424805,481.1046236570042,123.17802605132432,0.0,,-44.68955056610108,-23.5629474395752,444.0646236570042,86.13802605132432,37.49383544921875,0.0,-13.950564550781252,,,,0
20180925T180000,TRAMI,128.9,20.3,48.87218,37.04,37.1569938659668,28.660533905029297,119.5627755707268,75.10203983980213,0.2392578125,36.50746154785156,-11.715186134033203,-20.211646094970703,82.52277557072682,38.06203983980213,35.67766571044922,0.0,-13.19451428955078,35.91767883300781,36.50746154785156,36.50746154785156,245
20180926T000000,TRAMI,129.0,20.6,43.72774,37.04,29.850526809692383,29.724489212036133,142.3642054172255,95.99248094279083,0.205078125,30.30706214904785,-13.87721319030762,-14.003250787963871,105.3242054172255,58.95248094279085,35.7788200378418,0.0,-7.9489199621582,30.08803939819336,30.30706214904785,30.30706214904785,210
20180926T060000,TRAMI,129.2,21.0,43.72774,31.484,11.782262802124023,29.43661880493164,450.6117632131622,98.79352764225033,0.0,,-31.94547719787598,-14.291121195068364,419.1277632131622,67.30952764225032,36.51882553100586,0.0,-7.208914468994138,,,,0
20180926T120000,TRAMI,129.2,21.3,43.72774,27.78,6.466831684112549,30.004106521606445,209.53166307334112,96.16705442181838,0.0,,-37.260908315887455,-13.72363347839356,181.75166307334112,68.38705442181838,36.7135124206543,0.0,-7.0142275793457,,,,0
20180926T180000,TRAMI,129.2,21.4,43.72774,37.04,29.231401443481445,30.08368682861328,69.94304429089733,87.50535241468327,0.19921875,28.2690658569336,-14.49633855651856,-13.644053171386725,32.903044290897334,50.46535241468328,37.10986709594727,0.0,-6.617872904052732,28.173358917236328,28.269065856933594,28.269065856933594,204
20180927T000000,TRAMI,129.1,21.5,43.72774,46.3,50.03409957885742,29.72491836547852,41.77802865708266,85.73308849204136,0.1904296875,32.71718978881836,6.306359578857418,-14.002821634521489,-4.521971342917347,39.43308849204136,34.95750045776367,0.0,-8.770239542236325,32.05836486816406,32.71718978881836,32.71718978881836,195
20180927T060000,TRAMI,129.0,21.7,43.72774,55.56,10.71639347076416,30.70439910888672,473.9766280514112,117.7767294905783,0.0,,-33.011346529235844,-13.023340891113286,418.4166280514112,62.2167294905783,37.9639778137207,0.0,-5.763762186279294,,,,0
20180927T120000,TRAMI,128.8,21.9,43.72774,68.524,5.932264804840088,30.32847785949707,118.83817848983962,90.51882873904378,0.0,,-37.79547519515992,-13.399262140502934,50.31417848983962,21.994828739043783,36.58700180053711,0.0,-7.140738199462888,,,,0
20180927T180000,TRAMI,128.4,22.2,43.72774,55.56,35.898075103759766,30.37393569946289,150.31377901542945,132.67438790234215,0.1982421875,36.40155792236328,-7.829664896240239,-13.353804300537114,94.75377901542944,77.11438790234214,37.384315490722656,0.0,-6.343424509277341,36.06452560424805,36.40155792236328,36.40155792236328,203
20180928T000000,TRAMI,127.9,22.5,43.72774,74.08,43.07688522338867,28.426475524902344,122.09514091253364,139.40826010341183,0.2607421875,37.60606002807617,-0.6508547766113324,-15.30126447509766,48.01514091253364,65.32826010341184,34.3603515625,0.0,-9.367388437499995,37.30146408081055,37.60606002807617,37.60606002807617,267
20180928T030000,TRAMI,127.6,22.8,43.72774,75.932,43.87417602539063,29.656457901000977,187.5617730606085,110.99110098317908,0.2099609375,37.60606002807617,0.1464360253906207,-14.071282098999028,111.62977306060854,35.059100983179064,34.3603515625,3.0,-9.367388437499995,37.29920196533203,37.60606002807617,37.60606002807617,215
20180928T060000,TRAMI,127.4,23.1,43.72774,77.784,5.530348300933838,29.273685455322266,607.9258853280577,135.81719727541676,0.0,,-38.197391699066166,-14.45405454467774,530.1418853280577,58.033197275416754,35.67109680175781,0.0,-8.056643198242185,,,,0
20180928T120000,TRAMI,127.0,23.8,43.72774,101.86,5.986716270446777,30.06336212158203,325.5618862734985,130.8804234377668,0.0,,-37.74102372955323,-13.664377878417971,223.70188627349847,29.02042343776681,38.64390563964844,0.0,-5.08383436035156,,,,0
20180928T150000,TRAMI,126.8,24.2,43.72774,94.452,46.38319778442383,31.263656616210938,71.96764263333513,149.59740023084817,0.1572265625,37.69974899291992,2.655457784423824,-12.464083383789069,-22.484357366664867,55.14540023084817,38.64390563964844,3.0,-5.08383436035156,36.71892547607422,37.69974899291992,37.69974899291992,161
20180928T180000,TRAMI,126.7,24.6,43.72774,87.04400000000001,53.476654052734375,31.92131233215332,65.62883970251512,126.9548380657692,0.193359375,37.69974899291992,9.74891405273437,-11.806427667846684,-21.41516029748489,39.910838065769184,38.9590950012207,0.0,-4.768644998779294,36.71892547607422,37.69974899291992,37.69974899291992,198
20180928T210000,TRAMI,126.7,25.0,43.72774,85.19200000000001,65.27804565429688,31.862104415893555,253.46690753559744,171.87173560350317,0.134765625,29.84889793395996,21.55030565429687,-11.86563558410645,168.27490753559744,86.67973560350316,38.9590950012207,3.0,-4.768644998779294,29.008560180664062,29.84889793395996,29.84889793395996,138
20180929T000000,TRAMI,126.8,25.4,43.72774,83.34,34.802886962890625,30.41157531738281,246.3875260235668,142.63316876668932,0.177734375,26.380035400390625,-8.92485303710938,-13.316164682617192,163.04752602356675,59.29316876668932,40.7288818359375,0.0,-2.998858164062497,25.498210906982422,26.380035400390625,26.380035400390625,182
20180929T030000,TRAMI,127.0,25.9,43.72774,88.896,42.34932708740234,31.514789581298828,225.52240595613952,159.05269623608152,0.0908203125,25.11530303955078,-1.3784129125976603,-12.212950418701176,136.62640595613954,70.15669623608152,40.7288818359375,3.0,-2.998858164062497,24.76314353942871,25.11530303955078,25.11530303955078,93
20180929T060000,TRAMI,127.4,26.4,43.72774,92.6,6.782838344573975,34.10200500488281,482.5841293197564,125.92186110730138,0.0,,-36.94490165542603,-9.625734995117192,389.9841293197564,33.32186110730137,42.44367980957031,0.0,-1.2840601904296849,,,,0
20180929T120000,KONG-REY,141.1,12.7,20.57776,55.56,19.90505790710449,17.02214813232422,184.74769160976967,142.47187155378847,0.259765625,22.31486320495605,-0.6727020928955092,-3.555611867675782,129.18769160976967,86.91187155378847,18.271453857421875,0.0,-2.3063061425781264,21.91128921508789,22.314863204956055,22.314863204956055,266
20180929T120000,TRAMI,128.4,27.8,43.72774,83.34,4.719387054443359,33.76173782348633,456.980439611822,85.66468146834946,0.0,,-39.008352945556645,-9.966002176513676,373.640439611822,2.324681468349453,41.49775695800781,0.0,-2.2299830419921847,,,,0
20180929T150000,TRAMI,128.9,28.5,43.72774,88.896,39.30600738525391,32.867698669433594,150.29131972738026,126.96099169273668,0.1650390625,40.70123672485352,-4.421732614746098,-10.86004133056641,61.395319727380254,38.06499169273668,41.49775695800781,3.0,-2.2299830419921847,39.8116455078125,40.701236724853516,40.701236724853516,169
20180929T180000,KONG-REY,139.7,13.1,25.7222,55.56,13.501998901367188,17.88323211669922,596.7197571964222,122.88118600469912,0.037109375,10.623140335083008,-12.220201098632812,-7.838967883300782,541.1597571964221,67.32118600469913,18.716083526611328,0.0,-7.006116473388673,10.552675247192383,10.623140335083008,10.623140335083008,38
20180929T180000,TRAMI,129.4,29.1,43.72774,92.6,46.10395431518555,31.052780151367188,166.23282397743984,122.73014638851562,0.2216796875,40.70123672485352,2.3762143151855426,-12.674959848632817,73.63282397743983,30.13014638851561,38.8145751953125,0.0,-4.913164804687497,39.78369140625,40.701236724853516,40.701236724853516,227
20180929T210000,TRAMI,130.1,29.8,43.72774,88.896,52.10022735595703,32.772151947021484,104.69160506768512,123.26182995534108,0.330078125,42.94349670410156,8.372487355957027,-10.95558805297852,15.79560506768513,34.365829955341084,38.8145751953125,3.0,-4.913164804687497,41.93088912963867,42.94349670410156,42.94349670410156,338
20180930T000000,KONG-REY,138.8,13.7,30.86664,55.56,21.349441528320312,17.938644409179688,73.40799471762074,135.26591272903818,0.2763671875,20.186508178710938,-9.517198471679688,-12.927995590820313,17.847994717620736,79.70591272903818,18.901655197143555,0.0,-11.964984802856446,20.110090255737305,20.186508178710938,20.186508178710938,283
20180930T000000,TRAMI,130.9,30.5,43.72774,83.34,42.42926406860352,32.77734375,119.72602173459936,147.0779885615874,0.2802734375,42.94349670410156,-1.2984759313964886,-10.950396250000004,36.38602173459937,63.7379885615874,41.74068832397461,0.0,-1.987051676025388,42.30109786987305,42.94349670410156,42.94349670410156,287
20180930T030000,TRAMI,131.9,31.4,43.72774,74.08,20.56148147583008,31.270830154418945,359.0056267626647,120.38293416678228,0.0,,-23.16625852416993,-12.45690984558106,284.9256267626647,46.30293416678228,41.74068832397461,3.0,-1.987051676025388,,,,0
20180930T060000,KONG-REY,138.0,14.4,33.43886,55.56,4.55387020111084,17.54296112060547,513.5417960423443,115.66216125609223,0.0,,-28.88498979888916,-15.89589887939453,457.98179604234434,60.102161256092245,18.303041458129883,0.0,-15.135818541870115,,,,0
20180930T060000,TRAMI,133.0,32.3,41.15552,64.82000000000001,11.587142944335938,31.207433700561523,197.95578233949288,111.56596979764382,0.0,,-29.568377055664065,-9.94808629943848,133.13578233949283,46.74596979764381,39.389591217041016,0.0,-1.7659287829589871,,,,0
20180930T090000,TRAMI,134.4,33.2,41.15552,70.376,10.776721954345703,30.54085922241211,293.9035078953906,114.05451049461088,0.0,,-30.3787980456543,-10.614660777587892,223.52750789539056,43.67851049461088,39.389591217041016,3.0,-1.7659287829589871,,,,0
20180930T110000,TRAMI,135.5,33.8,41.15552,72.22800000000001,16.371793746948242,27.971837997436523,221.9911186822406,82.72579408825807,0.0,,-24.78372625305176,-13.18368200256348,149.7631186822406,10.49779408825806,39.042388916015625,1.0,-2.1131310839843778,,,,0
20180930T120000,KONG-REY,137.2,14.9,38.5833,55.56,35.49005126953125,18.84576797485352,68.04766854297304,130.34764711452726,0.31640625,27.118141174316406,-3.093248730468752,-19.73753202514649,12.48766854297304,74.78764711452726,20.177366256713867,0.0,-18.40593374328613,26.82914161682129,27.118141174316406,27.118141174316406,324
20180930T180000,KONG-REY,136.5,15.4,43.72774,55.56,18.361549377441406,21.64488220214844,120.88904715095316,104.74880750794152,0.1083984375,17.013383865356445,-25.3661906225586,-22.082857797851567,65.32904715095316,49.18880750794152,23.406877517700195,0.0,-20.3208624822998,17.032236099243164,17.013383865356445,17.013383865356445,111
20181001T000000,KONG-REY,135.9,15.6,46.29996,9.26,28.595985412597656,20.8206787109375,161.52483376665182,160.79820881974783,0.3037109375,28.50945281982422,-17.703974587402342,-25.4792812890625,152.26483376665183,151.53820881974784,22.550968170166016,0.0,-23.748991829833983,28.18642807006836,28.50945281982422,28.50945281982422,311
20181001T060000,KONG-REY,135.2,16.1,51.4444,22.224,4.837611675262451,21.81894302368164,549.2033700511937,92.70525675780408,0.0,,-46.60678832473755,-29.62545697631836,526.9793700511937,70.48125675780406,24.278844833374023,0.0,-27.16555516662598,,,,0
20181001T120000,KONG-REY,134.4,16.8,59.16106,22.224,37.69999313354492,25.496044158935547,90.00093308912795,85.15737911764816,0.33984375,34.17356872558594,-21.46106686645508,-33.66501584106445,67.77693308912795,62.93337911764816,30.4810791015625,0.0,-28.6799808984375,33.727256774902344,34.17356872558594,34.17356872558594,348
20181001T180000,KONG-REY,133.6,17.3,59.16106,22.224,36.75374603271485,23.47123908996582,478.0027783886072,109.11548811258425,0.119140625,26.23616600036621,-22.407313967285155,-35.68982091003418,455.7787783886072,86.89148811258424,26.219655990600582,0.0,-32.94140400939941,26.161834716796875,26.23616600036621,26.23616600036621,122
20181002T000000,KONG-REY,132.7,17.6,59.16106,22.224,40.31610870361328,26.56733703613281,75.83350908011629,111.90383443401063,0.3193359375,28.27343368530273,-18.84495129638672,-32.59372296386719,53.60950908011628,89.67983443401063,32.38142776489258,0.0,-26.77963223510742,28.02074432373047,28.273433685302734,28.273433685302734,327
20181002T060000,KONG-REY,132.0,18.2,59.16106,27.78,5.898606300354004,27.090635299682617,444.92636405049126,92.82322899042948,0.0,,-53.262453699646,-32.07042470031738,417.1463640504912,65.04322899042948,31.90007781982422,0.0,-27.26098218017578,,,,0
20181002T120000,KONG-REY,131.2,18.9,54.01662,27.78,37.21410751342773,30.226816177368164,69.15892659003514,126.03438193960042,0.3681640625,35.90614318847656,-16.80251248657227,-23.78980382263184,41.378926590035135,98.25438193960042,36.77040100097656,0.0,-17.24621899902344,35.25138473510742,35.90614318847656,35.90614318847656,377
20181002T180000,KONG-REY,130.4,19.5,46.29996,9.26,61.87055206298828,29.04059219360352,237.47808555703344,125.12154092677495,0.193359375,27.470462799072266,15.570592062988284,-17.259367806396483,228.21808555703345,115.86154092677496,35.670166015625,0.0,-10.629793984375,27.450281143188477,27.470462799072266,27.470462799072266,198
20181003T000000,KONG-REY,129.7,20.1,43.72774,9.26,53.61171722412109,30.108169555664062,53.86206179267699,122.25668071479834,0.32421875,42.799560546875,9.88397722412109,-13.619570444335942,44.60206179267699,112.99668071479832,36.80164337158203,0.0,-6.926096628417966,42.04908752441406,42.799560546875,42.799560546875,332
20181003T120000,KONG-REY,128.7,21.6,36.01108,12.964,47.00033187866211,30.33780288696289,114.23636441558855,100.31519776781764,0.2939453125,34.495811462402344,10.98925187866211,-5.673277113037109,101.27236441558856,87.35119776781765,36.491477966308594,0.0,0.480397966308594,33.058990478515625,34.495811462402344,34.495811462402344,301
20181003T180000,KONG-REY,128.1,22.5,33.43886,12.964,68.50399017333984,27.51486587524414,317.34243046609055,143.11972944722496,0.2685546875,32.68341064453125,35.065130173339845,-5.923994124755858,304.3784304660905,130.15572944722496,32.93473052978516,0.0,-0.504129470214842,32.41093063354492,32.68341064453125,32.68341064453125,275
20181004T000000,KONG-REY,127.6,23.2,33.43886,27.78,32.4647102355957,26.246585845947266,467.7247894455521,131.6689708240796,0.3916015625,30.14333724975586,-0.9741497644042952,-7.192274154052733,439.94478944555215,103.8889708240796,31.741968154907227,0.0,-1.6968918450927717,29.534465789794922,30.14333724975586,30.14333724975586,401
20181004T030000,KONG-REY,127.4,23.8,33.43886,33.336,6.795114517211914,26.385332107543945,315.47026008380533,162.80898995047792,0.0,,-26.643745482788084,-7.053527892456053,282.1342600838053,129.47298995047794,31.741968154907227,3.0,-1.6968918450927717,,,,0
20181004T090000,KONG-REY,126.9,24.9,30.86664,37.04,7.168193817138672,25.62589836120605,502.2230700274129,150.7208076898907,0.0,,-23.69844618286133,-5.240741638793946,465.1830700274129,113.68080768989071,30.18783950805664,3.0,-0.6788004919433597,,,,0
20181004T120000,KONG-REY,126.6,25.4,30.86664,37.04,55.92031478881836,25.50367546081543,533.9390572987063,153.22086103255265,0.2763671875,30.51670265197754,25.05367478881836,-5.362964539184571,496.8990572987063,116.18086103255266,29.533836364746094,0.0,-1.3328036352539063,29.67984962463379,30.51670265197754,30.51670265197754,283
20181004T150000,KONG-REY,126.3,26.1,30.86664,42.596,40.67930603027344,25.004425048828125,512.4704213436646,160.03534510505867,0.3984375,31.991914749145508,9.812666030273435,-5.862214951171875,469.8744213436646,117.43934510505866,29.533836364746094,3.0,-1.3328036352539063,30.861173629760742,31.991914749145508,31.991914749145508,408
20181004T180000,KONG-REY,126.1,26.7,30.86664,46.3,34.411231994628906,23.95828628540039,487.3059504165285,211.9005780071313,0.353515625,31.991914749145508,3.544591994628906,-6.90835371459961,441.0059504165285,165.60057800713128,27.680423736572266,0.0,-3.1862162634277347,29.965267181396484,31.991914749145508,31.991914749145508,362
20181004T210000,KONG-REY,125.8,27.4,30.86664,46.3,31.12797737121582,24.285659790039062,231.83197484805152,153.28265558563027,0.2490234375,28.8033504486084,0.26133737121582,-6.580980209960938,185.5319748480515,106.98265558563024,27.680423736572266,3.0,-3.1862162634277347,26.966238021850586,28.8033504486084,28.8033504486084,255
20181005T000000,KONG-REY,125.8,27.9,30.86664,46.3,16.359172821044922,24.20402908325196,356.9978070578037,208.85219837333804,0.0224609375,28.8033504486084,-14.507467178955078,-6.662610916748047,310.6978070578037,162.55219837333803,28.8599853515625,0.0,-2.0066546484375003,27.974842071533203,28.8033504486084,28.8033504486084,23
20181005T030000,KONG-REY,125.7,28.6,30.86664,51.856,11.069466590881348,25.355224609375,429.00979601127926,180.54243975200225,0.0,,-19.797173409118653,-5.511415390625,377.15379601127927,128.68643975200223,28.8599853515625,3.0,-2.0066546484375003,,,,0
20181005T090000,KONG-REY,125.8,30.4,33.43886,61.116,13.140044212341309,24.64493751525879,440.0830237073866,199.04941764058995,0.0,,-20.29881578765869,-8.79392248474121,378.9670237073866,137.93341764058994,29.542415618896484,3.0,-3.896444381103514,,,,0
20181005T120000,KONG-REY,125.9,31.3,33.43886,64.82000000000001,45.25962448120117,25.086326599121094,193.5544857527833,188.8243996599197,0.095703125,35.95115661621094,11.820764481201174,-8.352533400878905,128.7344857527833,124.00439965991974,29.331388473510746,0.0,-4.107471526489256,35.80621337890625,35.95115661621094,35.95115661621094,98
20181005T150000,KONG-REY,126.1,32.0,33.43886,74.08,31.31600570678711,23.776426315307617,178.75833041929263,194.286068168448,0.2724609375,35.95115661621094,-2.122854293212889,-9.66243368469238,104.67833041929264,120.20606816844796,29.331388473510746,3.0,-4.107471526489256,34.27749252319336,35.95115661621094,35.95115661621094,279
20181005T180000,KONG-REY,126.6,32.8,33.43886,83.34,53.69603729248047,24.57539367675781,259.3873570576273,114.069807894685,0.3564453125,31.376819610595703,20.25717729248047,-8.863466323242186,176.0473570576273,30.729807894685,30.005258560180664,0.0,-3.433601439819334,30.782468795776367,31.376819610595703,31.376819610595703,365
20181005T210000,KONG-REY,127.3,33.7,33.43886,83.34,40.02399826049805,23.835573196411133,135.0408584781015,153.5676127697958,0.205078125,31.376819610595703,6.585138260498049,-9.603286803588864,51.70085847810151,70.2276127697958,30.005258560180664,3.0,-3.433601439819334,30.96765899658203,31.376819610595703,31.376819610595703,210
20181026T000000,YUTU,140.3,16.8,48.87218,31.484,57.92106628417969,31.866886138916016,92.08103665342682,88.19820306259507,0.1435546875,27.64983367919922,9.048886284179687,-17.005293861083985,60.59703665342682,56.71420306259507,39.62038803100586,0.0,-9.25179196899414,26.961265563964844,27.64983367919922,27.64983367919922,147
20181026T060000,YUTU,139.1,17.0,51.4444,18.52,52.71383285522461,31.8269271850586,176.1751704118818,57.51267351412449,0.009765625,12.112597465515137,1.2694328552246077,-19.617472814941408,157.65517041188178,38.99267351412449,38.63556671142578,0.0,-12.80883328857422,12.052736282348633,12.112597465515137,12.112597465515137,10
20181026T120000,YUTU,137.6,17.2,51.4444,31.484,69.89081573486328,32.387752532958984,121.9137683807583,84.55266451491609,0.3310546875,54.49919128417969,18.44641573486328,-19.056647467041017,90.4297683807583,53.06866451491609,39.6251106262207,0.0,-11.8192893737793,53.04024124145508,54.49919128417969,54.49919128417969,339
20181027T000000,YUTU,134.7,17.7,54.01662,31.484,45.5191535949707,34.66093444824219,75.47429810654648,82.54840241148047,0.1611328125,28.066356658935547,-8.4974664050293,-19.355685551757816,43.99029810654648,51.06440241148047,41.84679412841797,0.0,-12.169825871582034,27.937015533447266,28.066356658935547,28.066356658935547,165
20181027T060000,YUTU,133.3,17.9,54.01662,37.04,42.5521354675293,34.133358001708984,84.38324623239279,69.32938248246192,0.0234375,26.87858963012696,-11.464484532470706,-19.88326199829102,47.3432462323928,32.289382482461924,42.760501861572266,0.0,-11.256118138427738,26.550125122070312,26.878589630126953,26.878589630126953,24
20181027T120000,YUTU,132.2,18.0,54.01662,37.04,55.32329940795898,32.69341278076172,77.55784493620739,71.91022348231344,0.25390625,50.08804321289063,1.3066794079589812,-21.323207219238284,40.51784493620739,34.87022348231344,44.11798858642578,0.0,-9.898631413574222,48.80036926269531,50.088043212890625,50.088043212890625,260
20181028T000000,YUTU,130.1,18.0,48.87218,55.56,37.44164657592773,32.47304153442383,111.1187624100092,85.69754801527037,0.216796875,28.978605270385746,-11.430533424072266,-16.399138465576172,55.5587624100092,30.13754801527037,44.79046249389648,0.0,-4.081717506103516,28.848161697387695,28.978605270385742,28.978605270385742,222
20181028T060000,YUTU,129.1,17.9,43.72774,50.004000000000005,43.32104110717773,33.57814025878906,156.1976141992313,72.86312280285784,0.04296875,38.12789535522461,-0.4066988928222699,-10.149599741210942,106.1936141992313,22.85912280285784,42.118595123291016,0.0,-1.6091448767089815,38.06523895263672,38.12789535522461,38.12789535522461,44
20181028T120000,YUTU,128.1,17.8,41.15552,46.3,57.027809143066406,31.372276306152344,25.234093928582883,70.23433332558719,0.2333984375,57.54692840576172,15.872289143066403,-9.78324369384766,-21.06590607141712,23.934333325587183,39.00433349609375,0.0,-2.1511865039062528,55.2787971496582,57.54692840576172,57.54692840576172,239
20181029T000000,YUTU,126.2,17.0,36.01108,37.04,36.326602935791016,29.817684173583984,45.669555227141096,97.6203274909336,0.197265625,30.16669273376465,0.3155229357910158,-6.193395826416015,8.629555227141097,60.580327490933605,37.03917694091797,0.0,1.028096940917969,29.957441329956055,30.16669273376465,30.16669273376465,202
20181029T060000,YUTU,125.3,16.8,41.15552,37.04,52.41566467285156,29.8207950592041,345.0647722835422,89.98984097624961,0.0615234375,21.081159591674805,11.26014467285156,-11.3347249407959,308.0247722835422,52.94984097624961,36.45621871948242,0.0,-4.699301280517581,21.29806900024414,21.081159591674805,21.081159591674805,63
20181029T120000,YUTU,124.2,16.8,41.15552,37.04,39.16036987304688,30.084585189819336,45.994275696733645,93.59995354297656,0.1240234375,32.81023025512695,-1.995150126953128,-11.070934810180669,8.954275696733646,56.559953542976565,35.98575592041016,0.0,-5.169764079589847,32.43629455566406,32.81023025512695,32.81023025512695,127
20181030T000000,YUTU,121.6,16.7,36.01108,37.04,28.35318183898925,21.62670516967773,260.20115919202834,143.63788564099153,0.2060546875,24.545982360839844,-7.657898161010742,-14.384374830322264,223.16115919202835,106.59788564099154,23.780607223510746,0.0,-12.230472776489258,24.487281799316406,24.545982360839844,24.545982360839844,211
20181030T060000,YUTU,120.2,16.6,28.29442,37.04,24.733095169067383,22.003061294555664,404.0928352807425,143.79432992592996,0.0361328125,23.26326942443848,-3.5613248309326195,-6.291358705444338,367.0528352807425,106.75432992592997,26.147411346435547,0.0,-2.147008653564452,22.441890716552734,23.263269424438477,23.263269424438477,37
20181030T120000,YUTU,119.2,16.7,28.29442,83.34,30.336902618408203,21.399486541748047,159.5368476522515,119.62902765263726,0.18359375,30.529804229736328,2.042482618408201,-6.894933458251956,76.1968476522515,36.28902765263726,22.06705665588379,0.0,-6.22736334411621,29.721492767333984,30.529804229736328,30.529804229736328,188
20181030T180000,YUTU,118.7,16.9,25.7222,83.34,7.300148487091064,20.421218872070312,282.2077859763145,125.050558382499,0.0,,-18.422051512908936,-5.300981127929688,198.86778597631448,41.710558382499,23.277332305908203,0.0,-2.4448676940917977,,,,0
20181031T000000,YUTU,118.1,17.5,25.7222,74.08,26.583637237548828,21.31532287597656,183.88657507772515,100.16478105343197,0.25,25.198211669921875,0.8614372375488273,-4.406877124023438,109.80657507772511,26.08478105343196,24.70697784423828,0.0,-1.0152221557617196,25.09661865234375,25.198211669921875,25.198211669921875,256
20181031T060000,YUTU,117.6,18.0,23.14998,129.64,25.680253982543945,21.96641159057617,87.20396612114848,198.24975000773188,0.0546875,24.19464111328125,2.530273982543946,-1.1835684094238277,-42.43603387885153,68.60975000773186,25.41407012939453,0.0,2.264090129394532,24.022993087768555,24.19464111328125,24.19464111328125,56
20181031T120000,YUTU,117.3,18.4,23.14998,129.64,34.28113555908203,26.246978759765625,51.323438677831774,117.27333974044124,0.1796875,32.570556640625,11.131155559082032,3.0969987597656257,-78.31656132216824,-12.36666025955877,30.92898941040039,0.0,7.779009410400391,31.869915008544922,32.570556640625,32.570556640625,184
20181101T000000,YUTU,116.7,19.5,23.14998,92.6,26.41401481628418,23.12753868103028,227.4617639098692,97.6108945038304,0.2529296875,34.30370330810547,3.2640348162841804,-0.0224413189697259,134.86176390986918,5.010894503830386,27.069292068481445,0.0,3.919312068481446,32.536834716796875,34.30370330810547,34.30370330810547,259
20181101T060000,YUTU,116.6,20.0,23.14998,92.6,24.71142196655273,26.572620391845703,76.98942214100288,109.96688876858032,0.076171875,25.865949630737305,1.561441966552735,3.422640391845704,-15.610577858997132,17.36688876858031,32.2780647277832,0.0,9.128084727783204,25.53786277770996,25.865949630737305,25.865949630737305,78
20181101T120000,YUTU,116.5,20.3,23.14998,92.6,19.86154556274414,22.40834045410156,518.1110455436593,91.21679438184854,0.0390625,17.034687042236328,-3.2884344372558587,-0.7416395458984368,425.5110455436593,-1.3832056181514645,27.0964469909668,0.0,3.9464669909667975,16.77895164489746,17.034687042236328,17.034687042236328,40
20181101T180000,YUTU,116.4,20.6,20.57776,55.56,7.445703506469727,21.413509368896484,434.4715750057363,117.49024181360112,0.0,,-13.132056493530277,0.835749368896483,378.9115750057363,61.93024181360112,24.81521415710449,0.0,4.237454157104491,,,,0
20181102T000000,YUTU,116.3,20.7,18.00554,55.56,22.04913902282715,21.002426147460938,549.290126885811,131.90606375257298,0.16796875,24.889835357666016,4.043599022827149,2.9968861474609376,493.730126885811,76.34606375257297,25.291954040527344,0.0,7.286414040527344,24.071950912475586,24.889835357666016,24.889835357666016,172
20181117T060000,TORAJI,111.6,10.5,18.00554,55.56,11.714581489562988,9.869215965270996,86.72543788940105,328.1195992969127,0.27734375,11.349705696105955,-6.290958510437012,-8.136324034729004,31.165437889401048,272.5595992969127,11.185383796691896,0.0,-6.820156203308105,11.275193214416504,11.349705696105957,11.349705696105957,284
20181117T120000,TORAJI,111.0,10.8,18.00554,55.56,5.884364128112793,11.191579818725586,337.0753528230198,206.9971150202078,0.0,,-12.121175871887209,-6.813960181274414,281.5153528230198,151.43711502020778,12.066717147827148,0.0,-5.938822852172851,,,,0
20181117T180000,TORAJI,110.5,11.1,18.00554,55.56,12.70332145690918,12.174882888793944,28.497673596744622,95.51175862298663,0.1572265625,12.62461280822754,-5.30221854309082,-5.830657111206055,-27.062326403255376,39.95175862298663,12.685262680053713,0.0,-5.320277319946289,12.580353736877441,12.624612808227539,12.624612808227539,161
20181122T000000,USAGI,117.4,10.9,18.00554,74.08,15.49472427368164,12.427587509155272,122.5919811833873,166.72448253277554,0.0703125,14.297904014587402,-2.51081572631836,-5.577952490844726,48.511981183387306,92.64448253277554,13.776803016662598,0.0,-4.228736983337402,14.266135215759277,14.297904014587402,14.297904014587402,72
20181122T120000,MAN-YI,138.2,12.7,33.43886,12.964,21.23221206665039,19.24932098388672,97.53640040577028,104.5859812445237,0.1826171875,21.16577911376953,-12.206647933349608,-14.18953901611328,84.57240040577027,91.6219812445237,20.63513565063477,0.0,-12.803724349365233,21.08501625061035,21.16577911376953,21.16577911376953,187
20181122T120000,USAGI,114.3,11.2,18.00554,55.56,13.945037841796877,13.529441833496094,396.33490373672,411.2256844383716,0.3037109375,16.15093994140625,-4.060502158203125,-4.476098166503906,340.77490373672003,355.6656844383716,14.271642684936523,0.0,-3.733897315063477,15.899547576904297,16.15093994140625,16.15093994140625,311
20181122T180000,MAN-YI,137.0,13.4,36.01108,12.964,16.76716423034668,18.68066024780273,426.19590209316857,189.21202091785435,0.0,,-19.24391576965332,-17.330419752197265,413.23190209316857,176.24802091785435,19.273487091064453,0.0,-16.737592908935547,,,,0
20181122T180000,USAGI,113.4,10.8,18.00554,55.56,19.55192756652832,14.362271308898926,439.6529568081457,245.6603602286843,0.0,,1.5463875665283204,-3.643268691101074,384.0929568081457,190.1003602286843,15.400527000427246,0.0,-2.605012999572754,,,,0
20181123T000000,MAN-YI,136.1,14.5,38.5833,12.964,30.8165225982666,18.94079971313477,498.2712858531099,100.25350920159988,0.21484375,25.55738639831543,-7.7667774017334,-19.64250028686524,485.3072858531099,87.28950920159988,20.0852279663086,0.0,-18.498072033691408,24.805299758911133,25.55738639831543,25.55738639831543,220
20181123T000000,USAGI,112.6,10.7,23.14998,55.56,16.772930145263672,15.560802459716797,243.8136619808068,252.2134002948436,0.107421875,22.417381286621094,-6.377049854736328,-7.589177540283202,188.2536619808068,196.6534002948436,17.42375946044922,0.0,-5.726220539550781,21.19455337524414,22.417381286621094,22.417381286621094,110
20181123T120000,MAN-YI,135.4,16.4,38.5833,27.78,26.71999931335449,19.940147399902344,38.54161456695354,132.97061361007093,0.197265625,22.338603973388672,-11.863300686645507,-18.643152600097658,10.76161456695354,105.19061361007093,23.153789520263672,0.0,-15.42951047973633,22.287220001220703,22.338603973388672,22.338603973388672,202
20181123T120000,USAGI,110.8,10.3,25.7222,46.3,21.498920440673828,18.51981544494629,47.23280614742736,82.18079990047673,0.2080078125,21.244348526000977,-4.223279559326173,-7.202384555053712,0.9328061474273568,35.880799900476724,24.8430404663086,0.0,-0.8791595336914071,20.846092224121094,21.244348526000977,21.244348526000977,213
20181123T180000,MAN-YI,135.3,17.3,38.5833,27.78,25.10066032409668,19.055015563964844,606.253790751065,130.65877221307875,0.0166015625,17.479738235473633,-13.482639675903322,-19.52828443603516,578.473790751065,102.87877221307876,20.289213180541992,0.0,-18.29408681945801,17.3975887298584,17.479738235473633,17.479738235473633,17
20181123T180000,USAGI,110.2,10.0,25.7222,46.3,16.128536224365234,16.303218841552734,72.08555658176333,115.93738344632506,0.0,,-9.593663775634766,-9.418981158447266,25.785556581763323,69.63738344632506,16.805028915405273,0.0,-8.917171084594727,,,,0
20181124T000000,MAN-YI,135.4,18.0,38.5833,37.04,24.88839530944824,22.313589096069336,171.17059044768322,100.14860813438295,0.1181640625,20.214584350585938,-13.69490469055176,-16.269710903930665,134.13059044768323,63.10860813438297,24.824607849121094,0.0,-13.758692150878908,19.907655715942383,20.214584350585938,20.214584350585938,121
20181124T000000,USAGI,109.5,9.8,30.86664,46.3,13.515905380249023,15.845392227172852,126.37719665680304,65.385123786264,0.0546875,10.856289863586426,-17.350734619750977,-15.021247772827149,80.07719665680304,19.085123786264,15.18008518218994,0.0,-15.68655481781006,10.748292922973633,10.856289863586426,10.856289863586426,56
20181124T120000,MAN-YI,136.2,18.6,41.15552,37.04,21.413768768310547,23.326038360595703,105.2683934320378,67.65633147842847,0.2158203125,19.05433654785156,-19.741751231689456,-17.8294816394043,68.22839343203782,30.61633147842847,27.351261138916016,0.0,-13.804258861083987,19.365657806396484,19.054336547851562,19.054336547851562,221
20181124T180000,MAN-YI,136.2,18.6,41.15552,37.04,19.3273983001709,22.17185401916504,247.400852015398,84.07464956221503,0.05859375,25.501033782958984,-21.828121699829104,-18.983665980834964,210.360852015398,47.03464956221503,24.657468795776367,0.0,-16.498051204223636,25.14824676513672,25.501033782958984,25.501033782958984,60
20181125T000000,MAN-YI,136.0,18.3,41.15552,27.78,25.49502754211425,19.61949920654297,66.492781843956,91.7985986672226,0.126953125,22.2342472076416,-15.660492457885743,-21.53602079345704,38.712781843956,64.01859866722259,24.254976272583008,0.0,-16.900543727416995,22.31273078918457,22.2342472076416,22.2342472076416,130
20181125T120000,MAN-YI,135.1,18.4,33.43886,46.3,21.584444046020508,17.0694637298584,97.74598696296027,168.41359518078715,0.2685546875,18.6011905670166,-11.85441595397949,-16.3693962701416,51.44598696296028,122.11359518078714,16.629056930541992,0.0,-16.809803069458006,18.14776039123535,18.6011905670166,18.6011905670166,275
20181125T180000,MAN-YI,134.0,19.0,25.7222,55.56,13.244770050048828,15.089754104614258,145.28341186938155,171.87805762523234,0.193359375,12.728254318237305,-12.477429949951173,-10.632445895385745,89.72341186938155,116.31805762523234,13.93409538269043,0.0,-11.788104617309571,12.71699047088623,12.728254318237305,12.728254318237305,198
20181126T000000,MAN-YI,133.0,19.6,20.57776,55.56,12.438199996948242,12.848970413208008,226.53230923003807,462.4010419480724,0.0595703125,11.969016075134276,-8.13956000305176,-7.728789586791994,170.97230923003812,406.8410419480724,13.25669288635254,0.0,-7.321067113647462,11.952542304992676,11.969016075134277,11.969016075134277,61
20181126T060000,MAN-YI,132.4,20.2,18.00554,55.56,5.974804401397705,12.553288459777832,396.2207679112008,165.95592121775405,0.0,,-12.030735598602297,-5.452251540222168,340.6607679112008,110.39592121775404,12.23282241821289,0.0,-5.772717581787109,,,,0
20181127T000000,MAN-YI,132.3,22.6,18.00554,64.82000000000001,7.257811069488525,14.829497337341309,438.7871426612096,137.75543990478835,0.0068359375,6.893582820892334,-10.747728930511474,-3.176042662658692,373.9671426612096,72.93543990478834,15.090863227844238,0.0,-2.9146767721557616,6.8783440589904785,6.893582820892334,6.893582820892334,7
20190101T060000,PABUK,110.2,6.2,18.00554,92.6,18.413049697875977,17.914894104003906,408.7247510825789,277.000288437815,0.1884765625,19.73187828063965,0.4075096978759767,-0.0906458959960936,316.1247510825788,184.400288437815,18.638214111328125,0.0,0.6326741113281251,19.589134216308594,19.73187828063965,19.73187828063965,193
20190101T180000,PABUK,109.3,5.8,18.00554,92.6,16.86394500732422,17.530515670776367,434.9232828876205,339.8128294731414,0.2802734375,17.44268798828125,-1.1415949926757811,-0.4750243292236327,342.32328288762045,247.21282947314137,18.38438606262207,0.0,0.3788460626220704,17.237102508544922,17.44268798828125,17.44268798828125,287
20190224T120000,WUTIP,141.2,13.1,48.87218,22.224,13.589362144470217,25.245195388793945,421.4969587324396,88.22906134418238,0.0791015625,14.541668891906738,-35.282817855529785,-23.62698461120605,399.2729587324396,66.00506134418238,30.24640274047852,0.0,-18.625777259521485,14.49661636352539,14.541668891906738,14.541668891906738,81
20190224T180000,WUTIP,140.7,13.1,48.87218,22.224,19.03388023376465,23.01406478881836,112.93031739048644,122.8811860046981,0.267578125,22.82828712463379,-29.83829976623535,-25.85811521118164,90.70631739048645,100.65718600469808,26.23588180541992,0.0,-22.63629819458008,22.15217399597168,22.82828712463379,22.82828712463379,274
20190225T000000,WUTIP,140.4,13.4,51.4444,22.224,29.02810287475586,23.093578338623047,65.53359665384187,136.24048430446814,0.20703125,31.980125427246094,-22.416297125244142,-28.350821661376955,43.309596653841865,114.01648430446814,26.61927795410156,0.0,-24.82512204589844,31.298826217651367,31.980125427246094,31.980125427246094,212
20190225T060000,WUTIP,140.2,13.8,51.4444,31.484,5.520547389984131,25.385616302490234,422.2174420677002,117.08651662701496,0.0,,-45.92385261001587,-26.058783697509767,390.7334420677002,85.60251662701498,28.72910499572754,0.0,-22.715295004272463,,,,0
20190225T120000,WUTIP,140.1,14.2,51.4444,31.484,28.171932220458984,23.598613739013672,25.65190874304558,132.87444951105402,0.201171875,32.057960510253906,-23.272467779541017,-27.84578626098633,-5.8320912569544205,101.39044951105402,27.09408950805664,0.0,-24.35031049194336,30.994678497314453,32.057960510253906,32.057960510253906,206
20190225T180000,WUTIP,139.9,14.6,51.4444,27.78,29.47356414794922,21.281343460083008,267.9027258114286,124.86090215319328,0.1259765625,29.034048080444336,-21.970835852050783,-30.163056539917,240.12272581142847,97.08090215319326,22.997364044189453,0.0,-28.44703595581055,28.476806640625,29.034048080444336,29.034048080444336,129
20190226T000000,WUTIP,139.9,14.9,46.29996,27.78,25.01432037353516,19.111522674560547,112.89179782273604,77.95974832782231,0.1689453125,23.873685836791992,-21.28563962646484,-27.18843732543945,85.11179782273605,50.17974832782231,23.73523712158203,0.0,-22.564722878417967,23.265527725219727,23.873685836791992,23.873685836791992,173
20190226T060000,WUTIP,139.9,15.2,48.87218,22.224,6.44342851638794,16.869937896728516,628.6037571582231,81.80996938301358,0.0,,-42.42875148361206,-32.002242103271485,606.379757158223,59.58596938301358,16.808563232421875,0.0,-32.063616767578125,,,,0
20190226T120000,WUTIP,140.1,15.4,43.72774,22.224,17.827165603637695,18.5336971282959,58.053058587034606,85.81973470069244,0.2353515625,21.66695022583008,-25.90057439636231,-25.194042871704102,35.82905858703461,63.59573470069243,19.51173591613769,0.0,-24.216004083862305,21.518558502197266,21.666950225830078,21.666950225830078,241
20190226T180000,WUTIP,140.1,15.7,41.15552,27.78,20.580013275146484,18.453947067260746,90.55052993560932,106.96629659954458,0.1103515625,30.326345443725582,-20.57550672485352,-22.70157293273926,62.77052993560933,79.18629659954458,19.170928955078125,0.0,-21.98459104492188,29.720020294189453,30.326345443725586,30.326345443725586,113
20190227T000000,WUTIP,140.0,15.9,36.01108,18.52,15.793146133422852,17.436893463134766,268.6601782550711,161.72917708584572,0.16796875,20.51623916625977,-20.217933866577148,-18.57418653686524,250.1401782550711,143.2091770858457,17.349029541015625,0.0,-18.66205045898437,20.164804458618164,20.516239166259766,20.516239166259766,172
20190227T060000,WUTIP,139.9,16.3,33.43886,46.3,7.232300281524658,16.021076202392578,407.1638489795462,225.06972614868272,0.0,,-26.20655971847534,-17.41778379760742,360.86384897954616,178.7697261486827,14.973917961120604,0.0,-18.4649420388794,,,,0
20190227T120000,WUTIP,139.1,16.4,28.29442,27.78,13.998817443847656,15.629865646362305,153.7773854784678,239.46850207063068,0.23828125,16.179035186767578,-14.295602556152346,-12.664554353637698,125.9973854784678,211.68850207063068,18.717735290527344,0.0,-9.576684709472657,16.028940200805664,16.179035186767578,16.179035186767578,244
20190227T180000,WUTIP,137.8,16.7,25.7222,74.08,15.417284965515137,13.856803894042969,611.9919550469408,193.2470650573836,0.0751953125,14.863848686218262,-10.304915034484864,-11.865396105957032,537.9119550469408,119.16706505738354,13.216418266296388,0.0,-12.505781733703614,14.747690200805664,14.863848686218262,14.863848686218262,77
20190228T000000,WUTIP,136.7,17.2,20.57776,74.08,13.86314868927002,12.129596710205078,155.74877747585623,183.0824758567556,0.27734375,14.323945999145508,-6.714611310729982,-8.448163289794923,81.66877747585623,109.00247585675562,15.171177864074709,0.0,-5.406582135925294,14.24402904510498,14.323945999145508,14.323945999145508,284
20190627T120000,SEPAT,134.8,32.8,18.00554,,18.03483390808105,17.13359832763672,81.01354972214224,180.5769285814803,0.3525390625,16.573238372802734,0.0292939080810548,-0.8719416723632811,,,19.534931182861328,0.0,1.5293911828613282,16.421777725219727,16.573238372802734,16.573238372802734,361
20190627T180000,SEPAT,137.9,34.1,20.57776,,8.85515308380127,16.74490737915039,477.241514738396,177.29362100330695,0.0,,-11.722606916198732,-3.8328526208496094,,,17.189373016357422,0.0,-3.3883869836425795,,,,0
20190702T060000,MUN,112.4,18.7,18.00554,222.24,14.870035171508787,14.227724075317385,333.66018277441214,538.0845619119923,0.1943359375,15.000248908996582,-3.135504828491211,-3.777815924682617,111.42018277441213,315.8445619119923,14.089598655700684,0.0,-3.915941344299316,14.978893280029297,15.000248908996582,15.000248908996582,199
20190702T120000,MUN,111.4,18.8,18.00554,203.72,15.5390625,14.391322135925291,306.32437701551913,215.5070299767713,0.15625,17.89923858642578,-2.4664775,-3.614217864074707,102.60437701551912,11.78702997677135,14.429055213928224,0.0,-3.576484786071777,17.873830795288086,17.89923858642578,17.89923858642578,160
20190702T180000,MUN,110.4,18.9,18.00554,185.2,8.443449974060059,15.113568305969238,430.1130956737528,233.9247749212553,0.0,,-9.56209002593994,-2.8919716940307616,244.9130956737528,48.72477492125532,15.092909812927246,0.0,-2.912630187072754,,,,0
20190703T000000,MUN,109.2,19.0,18.00554,138.9,7.923418045043945,16.649038314819336,299.58748760341746,165.40602018495494,0.0,,-10.082121954956056,-1.356501685180664,160.68748760341745,26.50602018495493,17.920454025268555,0.0,-0.0850859747314451,,,,0
20190716T060000,DANAS,124.8,17.0,18.00554,129.64,19.49810028076172,17.193389892578125,273.6827667397424,144.3287019464055,0.2109375,17.235313415527344,1.4925602807617189,-0.8121501074218749,144.04276673974235,14.688701946405471,18.2338809967041,0.0,0.2283409967041016,17.084909439086914,17.235313415527344,17.235313415527344,216
20190716T120000,DANAS,123.8,17.2,18.00554,83.34,7.538415431976318,17.38191795349121,516.365240509291,168.2595181500467,0.0,,-10.467124568023682,-0.6236220465087889,433.0252405092909,84.91951815004668,18.21299743652344,0.0,0.2074574365234376,,,,0
20190716T180000,DANAS,123.3,17.3,18.00554,83.34,21.96224021911621,16.705610275268555,191.6856462010793,119.68321309957892,0.109375,20.408945083618164,3.956700219116211,-1.2999297247314452,108.34564620107926,36.3432130995789,17.893230438232422,0.0,-0.112309561767578,20.228105545043945,20.408945083618164,20.408945083618164,112
20190717T000000,DANAS,123.5,18.1,18.00554,74.08,20.96993827819824,17.181333541870117,220.0113320633164,166.44855351715705,0.076171875,17.888147354125977,2.9643982781982423,-0.8242064581298827,145.93133206331635,92.36855351715704,17.977935791015625,0.0,-0.0276042089843748,17.696077346801758,17.888147354125977,17.888147354125977,78
20190717T060000,DANAS,123.7,19.0,18.00554,92.6,17.597455978393555,16.550935745239258,423.4563772167487,361.0696986653192,0.193359375,19.045595169067383,-0.4080840216064452,-1.454604254760742,330.8563772167487,268.4696986653192,18.154157638549805,0.0,0.1486176385498048,18.457082748413086,19.045595169067383,19.045595169067383,198
20190717T120000,DANAS,124.1,20.5,18.00554,92.6,6.980322360992432,18.10371780395508,394.3562673967147,543.5683534354011,0.0,,-11.025217639007568,0.0981778039550782,301.7562673967147,450.9683534354011,20.065319061279297,0.0,2.059779061279297,,,,0
20190717T180000,DANAS,124.2,21.8,18.00554,83.34,31.12614631652832,19.08037567138672,154.73074979060056,136.91067232039282,0.11328125,26.19579315185547,13.12060631652832,1.0748356713867189,71.39074979060055,53.570672320392816,20.63204765319824,0.0,2.6265076531982423,26.04681396484375,26.19579315185547,26.19579315185547,116
20190718T000000,DANAS,124.1,23.6,20.57776,83.34,28.96226501464844,19.01010513305664,316.74209469222285,183.24126521240063,0.134765625,20.597963333129883,8.384505014648436,-1.5676548669433608,233.40209469222285,99.90126521240066,19.863100051879883,0.0,-0.7146599481201186,20.141826629638672,20.597963333129883,20.597963333129883,138
20190718T060000,DANAS,124.0,25.5,20.57776,83.34,18.607759475708008,21.08562469482422,471.33592653298416,311.2090018775156,0.142578125,19.919078826904297,-1.9700005242919936,0.5078646948242174,387.9959265329842,227.8690018775156,23.27046775817871,0.0,2.6927077581787096,19.743934631347656,19.919078826904297,19.919078826904297,146
20190718T180000,DANAS,123.9,27.8,23.14998,83.34,25.36075210571289,23.514278411865234,152.85246505611568,149.3031758937266,0.0849609375,26.09891128540039,2.210772105712892,0.364298411865235,69.51246505611567,65.9631758937266,27.19718170166016,0.0,4.047201701660157,25.54649543762207,26.09891128540039,26.09891128540039,87
20190719T000000,DANAS,124.0,29.0,23.14998,83.34,38.23048400878906,22.90791893005371,459.9252956347251,182.98671412729027,0.357421875,32.97051239013672,15.080504008789063,-0.2420610699462884,376.585295634725,99.64671412729028,27.091583251953125,0.0,3.9416032519531257,31.42784881591797,32.97051239013672,32.97051239013672,366
20190719T060000,DANAS,124.3,30.1,23.14998,64.82000000000001,67.36540985107422,21.993633270263672,357.13376086936523,194.94984616256275,0.083984375,30.955303192138672,44.21542985107422,-1.1563467297363277,292.31376086936524,130.12984616256273,24.86073303222656,0.0,1.7107530322265632,29.68747329711914,30.955303192138672,30.955303192138672,86
20190719T180000,DANAS,125.3,33.1,20.57776,83.34,49.58417510986328,21.0936222076416,167.9262211304755,193.2757407506958,0.0234375,19.68040657043457,29.00641510986328,0.5158622076416002,84.58622113047551,109.9357407506958,23.42096900939941,0.0,2.8432090093994127,19.30052947998047,19.68040657043457,19.68040657043457,24
20190720T000000,DANAS,125.6,34.1,20.57776,83.34,43.97343826293945,17.619340896606445,313.364668611835,178.0320020017561,0.3603515625,20.418195724487305,23.39567826293945,-2.958419103393556,230.02466861183493,94.6920020017561,17.93608283996582,0.0,-2.641677160034181,19.418811798095703,20.418195724487305,20.418195724487305,369
20190725T180000,NARI,137.1,28.5,18.00554,111.12,19.44658088684082,15.811651229858398,164.0272876883159,218.9282244829925,0.6455078125,18.78521156311035,1.4410408868408204,-2.193888770141601,52.907287688315904,107.8082244829925,16.887380599975586,0.0,-1.118159400024414,17.843271255493164,18.78521156311035,18.78521156311035,661
20190726T000000,NARI,137.0,29.7,18.00554,111.12,24.406274795532227,16.8950252532959,161.30638385347797,158.01894787090518,0.2763671875,20.147998809814453,6.400734795532227,-1.1105147467041014,50.18638385347796,46.898947870905175,18.3205680847168,0.0,0.315028084716797,19.637439727783203,20.147998809814453,20.147998809814453,283
20190726T060000,NARI,136.2,30.9,18.00554,111.12,12.45551586151123,15.95237922668457,375.13776883038446,208.7787428299889,0.0,,-5.550024138488769,-2.0531607733154296,264.01776883038445,97.65874282998894,15.080313682556152,0.0,-2.9252263174438475,,,,0
20190726T120000,NARI,135.8,32.0,18.00554,101.86,11.474559783935549,16.473052978515625,278.15313748325946,88.25939414387194,0.0,,-6.530980216064453,-1.5324870214843749,176.29313748325944,-13.600605856128055,18.319828033447266,0.0,0.3142880334472657,,,,0
20190726T180000,NARI,135.9,33.3,18.00554,92.6,23.203310012817383,17.301876068115234,427.5021155442026,123.52145644140884,0.4345703125,21.243566513061523,5.197770012817383,-0.7036639318847655,334.90211554420256,30.92145644140882,17.55865478515625,0.0,-0.4468852148437499,19.065502166748047,21.243566513061523,21.243566513061523,445
20190726T220000,NARI,136.3,34.2,18.00554,87.04400000000001,15.808679580688477,19.02648162841797,408.94392777232974,119.2814384882378,0.244140625,15.661483764648438,-2.196860419311524,1.0209416284179689,321.89992777232976,32.2374384882378,,4.0,,14.821873664855957,15.661483764648438,15.661483764648438,250
20190730T180000,WIPHA,114.1,18.3,18.00554,166.68,20.392446517944336,17.030738830566406,266.638056779155,178.47996230252394,0.1875,21.54707908630371,2.386906517944336,-0.9748011694335936,99.95805677915502,11.799962302523936,17.399675369262695,0.0,-0.6058646307373046,21.19427490234375,21.54707908630371,21.54707908630371,192
20190731T000000,WIPHA,113.7,18.7,18.00554,138.9,23.62739944458008,15.954934120178224,135.0330140985871,238.63608795158672,0.2578125,29.915515899658203,5.621859444580078,-2.050605879821777,-3.866985901412903,99.73608795158673,19.408143997192383,0.0,1.402603997192383,27.25906753540039,29.915515899658203,29.915515899658203,264
20190731T120000,WIPHA,112.3,19.5,18.00554,138.9,20.158239364624023,18.37548828125,168.34053398006978,209.286235841934,0.1357421875,18.42173957824707,2.152699364624024,0.3699482812500001,29.440533980069773,70.38623584193394,21.32524871826172,0.0,3.319708718261719,18.396053314208984,18.42173957824707,18.42173957824707,139
20190731T180000,WIPHA,111.4,19.9,20.57776,111.12,14.351283073425291,16.4382266998291,181.9565811329134,402.49155300977264,0.0458984375,16.017772674560547,-6.226476926574708,-4.1395333001709,70.83658113291341,291.37155300977264,16.666027069091797,0.0,-3.911732930908205,15.949773788452148,16.017772674560547,16.017772674560547,47
20190801T000000,WIPHA,111.0,20.0,20.57776,111.12,35.38379669189453,15.860067367553713,131.04483994609507,212.18237513900536,0.1552734375,27.80085182189941,14.80603669189453,-4.71769263244629,19.924839946095062,101.06237513900535,16.20854949951172,0.0,-4.369210500488283,25.201093673706055,27.800851821899414,27.800851821899414,159
20190801T120000,WIPHA,110.2,21.3,20.57776,64.82000000000001,13.711441040039062,13.34530544281006,366.5026657689383,173.68406990986577,0.134765625,16.469003677368164,-6.866318959960939,-7.232454557189943,301.6826657689383,108.86406990986576,13.822986602783203,0.0,-6.754773397216798,16.290903091430664,16.469003677368164,16.469003677368164,138
20190801T180000,WIPHA,109.5,21.2,20.57776,55.56,12.896015167236328,14.085390090942385,243.6109387690664,396.2550218674692,0.0029296875,12.65940284729004,-7.681744832763673,-6.492369909057619,188.0509387690664,340.6950218674692,13.281045913696287,0.0,-7.296714086303712,12.615201950073242,12.659402847290039,12.659402847290039,3
20190802T000000,WIPHA,109.2,21.2,20.57776,74.08,14.000789642333984,14.792532920837402,245.5115522790195,279.17967510005684,0.068359375,16.82538414001465,-6.576970357666017,-5.785227079162599,171.4315522790195,205.09967510005688,13.94057559967041,0.0,-6.637184400329591,16.288564682006836,16.82538414001465,16.82538414001465,70
20190804T060000,LEKIMA,131.0,16.8,18.00554,148.16,6.461812496185303,19.22150230407715,527.6387131509871,110.36449213696964,0.0,,-11.543727503814695,1.2159623040771486,379.4787131509871,-37.795507863030366,21.843130111694336,0.0,3.837590111694336,,,,0
20190804T120000,FRANCISCO,139.9,29.2,28.29442,55.56,31.51061248779297,16.142663955688477,160.48487460110576,112.63026565429836,0.4443359375,21.425546646118164,3.2161924877929664,-12.151756044311526,104.92487460110576,57.07026565429837,17.33955955505371,0.0,-10.954860444946288,20.844478607177734,21.425546646118164,21.425546646118164,455
20190804T120000,LEKIMA,130.8,17.5,20.57776,111.12,14.73327350616455,19.00882148742676,71.94023581127784,150.08146631277685,0.26953125,16.35713005065918,-5.844486493835451,-1.5689385125732436,-39.17976418872216,38.96146631277682,21.369367599487305,0.0,0.7916075994873033,16.1675968170166,16.35713005065918,16.35713005065918,276
20190804T180000,FRANCISCO,138.1,29.8,30.86664,55.56,28.20906639099121,16.8951416015625,90.64710194366394,99.21707143768366,0.38671875,20.434682846069336,-2.6575736090087894,-13.9714983984375,35.08710194366394,43.657071437683655,17.16903305053711,0.0,-13.697606949462893,20.08637046813965,20.434682846069336,20.434682846069336,396
20190804T180000,LEKIMA,130.4,18.0,20.57776,111.12,18.21663284301757,18.74649429321289,443.29075197993615,125.12240195256813,0.244140625,18.349464416503903,-2.361127156982424,-1.8312657067871108,332.17075197993614,14.002401952568109,21.021484375,0.0,0.4437243749999986,18.26764488220215,18.349464416503906,18.349464416503906,250
20190805T000000,FRANCISCO,136.2,30.4,30.86664,55.56,9.728096961975098,18.443078994750977,437.2834338588741,164.16775730368497,0.0,,-21.138543038024903,-12.423561005249024,381.7234338588741,108.60775730368496,21.32757377624512,0.0,-9.539066223754885,,,,0
20190805T000000,LEKIMA,130.1,18.4,20.57776,111.12,17.89432144165039,15.84539031982422,461.26902009994944,182.841119767884,0.0,,-2.6834385583496108,-4.732369680175783,350.14902009994944,71.721119767884,17.53287696838379,0.0,-3.0448830316162123,,,,0
20190805T060000,FRANCISCO,134.5,30.8,30.86664,55.56,10.608498573303224,20.27567672729492,435.6909444270376,109.30740348088116,0.0,,-20.258141426696778,-10.590963272705078,380.1309444270376,53.74740348088116,22.96294212341309,0.0,-7.903697876586914,,,,0
20190805T060000,LEKIMA,129.8,18.6,23.14998,111.12,6.932506561279297,17.80173110961914,556.5568514361494,118.70163557660894,0.0,,-16.217473438720702,-5.348248890380859,445.43685143614937,7.581635576608932,18.96633720397949,0.0,-4.183642796020507,,,,0
20190805T090000,FRANCISCO,133.8,31.0,33.43886,55.56,21.426645278930664,20.17440795898437,302.6395725628127,104.74802183367458,0.04296875,12.267499923706056,-12.012214721069334,-13.264452041015623,247.0795725628127,49.18802183367458,22.96294212341309,3.0,-10.475917876586912,12.104434967041016,12.267499923706055,12.267499923706055,44
20190805T120000,FRANCISCO,133.0,31.2,36.01108,55.56,53.12607955932617,22.86138916015625,325.4554811591491,95.6128886043922,0.2529296875,28.48855972290039,17.114999559326172,-13.14969083984375,269.8954811591491,40.05288860439221,28.28999328613281,0.0,-7.721086713867187,27.772310256958008,28.48855972290039,28.48855972290039,259
20190805T120000,LEKIMA,129.6,18.5,23.14998,111.12,18.970760345458984,18.47784423828125,217.64415742927324,73.4490528228314,0.234375,19.14750289916992,-4.179219654541015,-4.672135761718749,106.52415742927325,-37.6709471771686,21.72211456298828,0.0,-1.427865437011718,18.92308235168457,19.147502899169922,19.147502899169922,240
20190805T150000,FRANCISCO,132.4,31.4,36.01108,33.336,26.94980812072754,21.93914031982422,122.4564118942968,92.28007915831635,0.4033203125,31.3121337890625,-9.06127187927246,-14.07193968017578,89.12041189429681,58.94407915831637,28.28999328613281,3.0,-7.721086713867187,27.833948135375977,31.3121337890625,31.3121337890625,413
20190805T180000,FRANCISCO,131.9,31.8,36.01108,9.26,20.738365173339844,22.155838012695312,117.49840798056007,78.04094520932621,0.2822265625,25.437891006469727,-15.272714826660156,-13.855241987304687,108.23840798056008,68.7809452093262,25.64298820495605,0.0,-10.368091795043943,24.62919807434082,25.437891006469727,25.437891006469727,289
20190805T180000,LEKIMA,129.3,18.6,25.7222,83.34,20.49136543273925,19.140247344970703,54.20233292089357,113.7257445765904,0.2568359375,21.436429977416992,-5.230834567260743,-6.581952655029298,-29.13766707910644,30.3857445765904,20.23002243041992,0.0,-5.492177569580079,20.630447387695312,21.436429977416992,21.436429977416992,263
20190805T200000,FRANCISCO,131.5,32.1,36.01108,12.964,27.227096557617188,21.17464065551757,200.1544388564789,100.8062159186878,0.115234375,21.66651725769043,-8.783983442382812,-14.836439344482422,187.1904388564789,87.84221591868781,25.64298820495605,2.0,-10.368091795043943,21.38275718688965,21.66651725769043,21.66651725769043,118
20190805T210000,FRANCISCO,131.3,32.2,33.43886,14.816,11.077608108520508,20.577407836914062,261.63324871476016,111.42900494085627,0.00390625,4.636223793029785,-22.36125189147949,-12.861452163085936,246.81724871476013,96.61300494085629,25.64298820495605,3.0,-7.795871795043944,4.4701828956604,4.636223793029785,4.636223793029785,4
20190806T000000,FRANCISCO,130.6,32.9,23.14998,18.52,10.407493591308594,15.706131935119627,169.0740880423805,165.7613470031306,0.0,,-12.742486408691406,-7.44384806488037,150.5540880423805,147.24134700313058,15.40623378753662,0.0,-7.743746212463378,,,,0
20190806T000000,LEKIMA,129.3,18.8,25.7222,55.56,18.431177139282227,21.02866744995117,536.0398871292492,108.42459131016028,0.0,,-7.291022860717774,-4.693532550048829,480.4798871292492,52.86459131016026,23.013336181640625,0.0,-2.708863818359376,,,,0
20190806T060000,FRANCISCO,129.7,34.0,18.00554,37.04,11.304529190063477,15.346784591674805,103.2282860989712,104.81149892549016,0.0,,-6.701010809936523,-2.658755408325195,66.18828609897119,67.77149892549016,15.918326377868652,0.0,-2.0872136221313475,,,,0
20190806T060000,LEKIMA,129.0,19.2,28.29442,37.04,7.085456848144531,19.91704750061035,532.0273448403597,179.54485673117262,0.0,,-21.20896315185547,-8.37737249938965,494.9873448403597,142.50485673117262,21.395891189575195,0.0,-6.898528810424804,,,,0
20190806T120000,LEKIMA,128.6,19.4,33.43886,46.3,50.137054443359375,19.86341667175293,110.93833928117162,178.36582477525846,0.2041015625,25.275798797607425,16.698194443359377,-13.575443328247069,64.63833928117162,132.06582477525845,21.92603874206543,0.0,-11.512821257934569,24.79885482788086,25.275798797607422,25.275798797607422,209
20190806T180000,LEKIMA,128.3,19.7,36.01108,37.04,39.7082405090332,20.57719039916992,114.28407141681252,208.46463302034445,0.1748046875,24.46028709411621,3.6971605090332034,-15.433889600830078,77.24407141681252,171.42463302034446,22.22196388244629,0.0,-13.78911611755371,23.78305435180664,24.46028709411621,24.46028709411621,179
20190807T000000,LEKIMA,128.1,20.4,38.5833,27.78,16.745559692382812,23.27050399780273,459.2254681243632,117.54604352238192,0.0,,-21.83774030761719,-15.312796002197269,431.4454681243632,89.7660435223819,27.0825138092041,0.0,-11.5007861907959,,,,0
20190807T060000,LEKIMA,127.7,21.0,41.15552,9.26,13.931580543518066,22.83275604248047,436.6781850598295,104.79642716699767,0.0,,-27.223939456481936,-18.32276395751953,427.4181850598295,95.53642716699768,24.93646049499512,0.0,-16.219059505004886,,,,0
20190807T120000,KROSA,141.0,21.5,30.86664,55.56,37.61663436889648,22.926485061645508,140.70094154329652,177.46007883100242,0.26953125,28.6406307220459,6.749994368896484,-7.9401549383544925,85.14094154329652,121.90007883100242,25.45066261291504,0.0,-5.415977387084961,26.16217803955078,28.6406307220459,28.6406307220459,276
20190807T120000,LEKIMA,127.0,21.6,46.29996,9.26,50.68813705444336,21.702533721923828,54.38063959447033,104.88053963936956,0.2109375,26.09398460388184,4.388177054443361,-24.59742627807617,45.12063959447033,95.62053963936955,23.683189392089844,0.0,-22.616770607910155,25.399938583374023,26.093984603881836,26.093984603881836,216
20190807T180000,KROSA,140.8,21.7,33.43886,55.56,36.29532241821289,22.178373336791992,155.80472416553704,169.1174029193991,0.416015625,29.645477294921875,2.8564624182128924,-11.260486663208006,100.24472416553704,113.5574029193991,24.49287796020508,0.0,-8.94598203979492,28.632471084594727,29.645477294921875,29.645477294921875,426
20190807T180000,LEKIMA,126.4,22.1,48.87218,9.26,58.417510986328125,21.96788024902344,155.50197520458656,137.0066233282662,0.15625,28.553577423095703,9.545330986328125,-26.904299750976563,146.24197520458657,127.74662332826618,23.80899810791016,0.0,-25.063181892089844,28.51677131652832,28.553577423095703,28.553577423095703,160
20190807T210000,LEKIMA,126.2,22.4,48.87218,9.26,33.20546340942383,22.392688751220703,8.196832656434344,164.98566676996506,0.111328125,28.553577423095703,-15.666716590576172,-26.479491248779297,-1.063167343565656,155.72566676996507,23.80899810791016,3.0,-25.063181892089844,28.516191482543945,28.553577423095703,28.553577423095703,114
20190808T000000,KROSA,140.5,21.9,36.01108,46.3,8.19999885559082,22.667200088500977,461.2233463900854,186.98503271297267,0.0,,-27.81108114440918,-13.343879911499023,414.9233463900854,140.68503271297266,25.22551345825196,0.0,-10.785566541748048,,,,0
20190808T000000,LEKIMA,126.0,22.7,48.87218,9.26,12.52286148071289,20.03130340576172,434.9336238969798,90.16976225846712,0.0,,-36.34931851928711,-28.84087659423828,425.6736238969798,80.90976225846713,21.72320556640625,0.0,-27.14897443359375,,,,0
20190808T060000,KROSA,140.6,22.1,38.5833,22.224,31.560731887817383,22.47803497314453,37.814262707388906,146.6447630474329,0.0419921875,23.90160179138184,-7.022568112182618,-16.10526502685547,15.590262707388906,124.42076304743289,24.933103561401367,0.0,-13.650196438598634,23.751636505126953,23.901601791381836,23.901601791381836,43
20190808T060000,LEKIMA,125.4,23.7,51.4444,9.26,14.317390441894531,21.420244216918945,536.192828600439,193.4391198562492,0.0,,-37.12700955810547,-30.024155783081056,526.932828600439,184.1791198562492,23.999897003173828,0.0,-27.444502996826174,,,,0
20190808T090000,LEKIMA,125.2,24.0,51.4444,9.26,33.61875534057617,21.45138931274414,35.835384684354544,150.8409095002189,0.201171875,37.4560546875,-17.82564465942383,-29.99301068725586,26.575384684354542,141.58090950021892,23.999897003173828,3.0,-27.444502996826174,36.658599853515625,37.4560546875,37.4560546875,206
20190808T120000,KROSA,140.7,22.1,38.5833,22.224,52.11503601074219,23.60091018676757,90.25072869323834,169.88212092321842,0.3037109375,34.72626495361328,13.531736010742186,-14.982389813232423,68.02672869323834,147.65812092321843,26.18817138671875,0.0,-12.395128613281251,34.42891311645508,34.72626495361328,34.72626495361328,311
20190808T120000,LEKIMA,124.9,24.4,54.01662,9.26,37.79945755004883,23.32968521118164,3.76003801607026,151.35230192701445,0.244140625,37.4560546875,-16.217162449951175,-30.686934788818363,-5.49996198392974,142.09230192701446,29.39643859863281,0.0,-24.62018140136719,36.794918060302734,37.4560546875,37.4560546875,250
20190808T150000,LEKIMA,124.8,24.9,54.01662,9.26,38.60948944091797,24.129484176635746,236.36640422488875,191.15106128459243,0.2392578125,32.43381118774414,-15.407130559082034,-29.88713582336426,227.1064042248888,181.89106128459244,29.39643859863281,3.0,-24.62018140136719,32.28160095214844,32.43381118774414,32.43381118774414,245
20190808T180000,KROSA,141.0,22.0,38.5833,31.484,38.71587753295898,23.07893753051757,205.0159305940564,104.73904210506898,0.3173828125,38.396484375,0.1325775329589831,-15.504362469482423,173.53193059405638,73.25504210506898,25.74595069885254,0.0,-12.837349301147462,37.76744842529297,38.396484375,38.396484375,325
20190808T180000,LEKIMA,124.5,25.5,48.87218,9.26,51.155670166015625,23.43177604675293,56.21038461978507,88.95559596496463,0.2626953125,32.267765045166016,2.283490166015625,-25.44040395324707,46.95038461978507,79.69559596496462,26.47527503967285,0.0,-22.39690496032715,31.343713760375977,32.267765045166016,32.267765045166016,269
20190808T210000,LEKIMA,124.0,26.0,48.87218,9.26,20.68230628967285,25.438552856445312,439.9382944633278,167.41891917408566,0.037109375,22.400774002075195,-28.18987371032715,-23.433627143554688,430.6782944633278,158.15891917408567,26.47527503967285,3.0,-22.39690496032715,21.949951171875,22.400774002075195,22.400774002075195,38
20190809T000000,KROSA,141.1,22.0,38.5833,40.744,7.8906168937683105,24.73038482666016,435.6839508445043,187.9232427612048,0.0,,-30.69268310623169,-13.852915173339843,394.9399508445043,147.17924276120476,28.041290283203125,0.0,-10.542009716796876,,,,0
20190809T000000,LEKIMA,123.4,26.4,46.29996,9.26,6.469637393951416,25.152721405029297,302.50484487617166,170.61412532827606,0.0,,-39.83032260604858,-21.147238594970705,293.24484487617167,161.35412532827607,29.695018768310547,0.0,-16.604941231689452,,,,0
20190809T060000,LEKIMA,122.5,27.1,46.29996,9.26,12.116382598876951,23.800987243652344,326.05712595771195,115.34983337789356,0.0,,-34.183577401123046,-22.49897275634765,316.797125957712,106.08983337789354,27.36013412475586,0.0,-18.93982587524414,,,,0
20190809T120000,LEKIMA,122.0,27.5,46.29996,9.26,47.21072769165039,24.84627914428711,63.226031521536,104.14032692211616,0.193359375,45.60298156738281,0.910767691650392,-21.45368085571289,53.966031521536,94.88032692211615,29.29201889038086,0.0,-17.00794110961914,44.635986328125,45.60298156738281,45.60298156738281,198
20190809T180000,LEKIMA,121.4,28.3,43.72774,12.964,49.82646942138672,27.18657112121582,58.83906407933676,132.12180836428618,0.1435546875,37.14421081542969,6.0987294213867145,-16.541168878784184,45.87506407933676,119.15780836428618,32.31863784790039,0.0,-11.409102152099608,36.43461990356445,37.14421081542969,37.14421081542969,147
20190810T000000,LEKIMA,120.8,29.1,30.86664,27.78,8.374316215515137,21.19021224975586,515.915613932291,163.41443522824653,0.0,,-22.492323784484864,-9.67642775024414,488.135613932291,135.63443522824653,22.31170654296875,0.0,-8.55493345703125,,,,0
20190810T060000,KROSA,141.0,22.9,33.43886,138.9,36.81904220581055,25.68135452270508,228.9189561141316,114.69706203311264,0.3046875,34.651004791259766,3.3801822058105486,-7.75750547729492,90.01895611413156,-24.202937966887376,29.33875274658203,0.0,-4.100107253417967,33.90958023071289,34.651004791259766,34.651004791259766,312
20190810T060000,LEKIMA,120.4,30.0,25.7222,12.964,8.463905334472656,18.82645797729492,124.9058118114146,214.5743486913575,0.0,,-17.258294665527345,-6.895742022705079,111.9418118114146,201.6103486913575,18.817676544189453,0.0,-6.904523455810548,,,,0
20190810T120000,KROSA,140.7,22.8,33.43886,148.16,54.640960693359375,25.85873413085937,96.85398480877176,180.4071573937896,0.1796875,31.81731033325196,21.202100693359377,-7.580125869140623,-51.30601519122823,32.24715739378962,30.6467399597168,0.0,-2.7921200402832014,30.231992721557617,31.817310333251953,31.817310333251953,184
20190810T120000,LEKIMA,120.5,30.8,23.14998,9.26,37.092247009277344,18.56279945373535,85.88224810712994,167.4270160754962,0.1435546875,29.811538696289062,13.942267009277344,-4.587180546264648,76.62224810712993,158.1670160754962,19.265121459960938,0.0,-3.884858540039062,28.846542358398438,29.811538696289062,29.811538696289062,147
20190810T180000,KROSA,140.5,22.9,33.43886,166.68,30.50665664672852,23.50415802001953,255.65681114389383,195.4701260922392,0.2919921875,28.952726364135746,-2.932203353271482,-9.934701979980469,88.97681114389385,28.79012609223912,26.642066955566406,0.0,-6.796793044433592,27.357717514038086,28.952726364135742,28.952726364135742,299
20190810T180000,LEKIMA,120.6,31.9,23.14998,46.3,27.63764381408692,20.655391693115234,370.6473113615114,152.9934758248794,0.044921875,16.937604904174805,4.487663814086915,-2.494588306884765,324.3473113615114,106.6934758248794,22.19950485229492,0.0,-0.9504751477050776,16.69498062133789,16.937604904174805,16.937604904174805,46
20190811T000000,KROSA,140.3,23.1,33.43886,240.76,5.8644609451293945,23.512226104736328,515.4885519902376,214.42716415191944,0.0,,-27.574399054870604,-9.92663389526367,274.72855199023763,-26.332835848080578,25.836639404296875,0.0,-7.602220595703123,,,,0
20190811T000000,LEKIMA,120.4,33.5,23.14998,64.82000000000001,8.511676788330078,19.435935974121094,421.89187909264905,291.7079717307044,0.0,,-14.63830321166992,-3.7140440258789056,357.07187909264906,226.8879717307044,20.48301696777344,0.0,-2.666963032226562,,,,0
20190811T060000,KROSA,139.8,23.6,33.43886,240.76,30.83625602722168,23.933469772338867,213.40951729214905,174.9509993334048,0.314453125,30.789112091064453,-2.6026039727783186,-9.505390227661133,-27.350482707851,-65.80900066659521,28.81162643432617,0.0,-4.627233565673826,30.36138153076172,30.789112091064453,30.789112091064453,322
20190811T120000,KROSA,139.1,23.9,30.86664,240.76,49.63469314575195,23.3648624420166,305.2784212249115,219.62445541934383,0.23828125,33.26156997680664,18.76805314575196,-7.501777557983399,64.51842122491146,-21.135544580656187,27.028902053833008,0.0,-3.837737946166993,30.722633361816406,33.26156997680664,33.26156997680664,244
20190811T180000,KROSA,138.5,24.1,30.86664,240.76,31.89357566833496,21.49735450744629,167.05669514653647,216.8636668219889,0.23828125,27.107572555541992,1.0269356683349606,-9.369285492553711,-73.70330485346355,-23.896333178011133,23.55917358398437,0.0,-7.307466416015625,26.79120635986328,27.107572555541992,27.107572555541992,244
20190812T060000,KROSA,137.7,25.0,25.7222,240.76,34.149932861328125,22.751140594482425,277.7177966813055,227.0361371381022,0.3115234375,31.365571975708008,8.427732861328124,-2.971059405517579,36.957796681305496,-13.723862861897828,25.94190216064453,0.0,0.2197021606445304,30.41997718811035,31.365571975708008,31.365571975708008,319
20190812T120000,KROSA,137.2,25.9,25.7222,74.08,59.068119049072266,23.05134963989257,437.2747813538851,219.9432204157852,0.3251953125,34.679443359375,33.345919049072265,-2.6708503601074227,363.1947813538851,145.86322041578518,26.7995548248291,0.0,1.0773548248291007,32.93183898925781,34.679443359375,34.679443359375,333
20190812T180000,KROSA,136.5,26.9,25.7222,240.76,53.82691192626953,23.576187133789062,540.5775952169541,197.9396134456113,0.140625,24.517030715942383,28.10471192626953,-2.1460128662109383,299.81759521695415,-42.82038655438873,26.74077033996582,0.0,1.0185703399658197,24.330656051635742,24.517030715942383,24.517030715942383,144
20190813T060000,KROSA,134.7,27.7,25.7222,203.72,40.50655746459961,22.092464447021484,416.3575266738637,284.757818673948,0.3115234375,26.95159339904785,14.784357464599609,-3.629735552978517,212.63752667386373,81.03781867394801,25.00371360778809,0.0,-0.7184863922119149,26.707727432250977,26.95159339904785,26.95159339904785,319
20190813T120000,KROSA,134.2,28.1,25.7222,203.72,36.54624557495117,20.52367782592773,234.52191775579345,271.31252957916445,0.3203125,33.53302383422852,10.824045574951173,-5.1985221740722665,30.80191775579345,67.59252957916445,22.737850189208984,0.0,-2.9843498107910165,31.68022918701172,33.533023834228516,33.533023834228516,328
20190813T180000,KROSA,133.6,28.4,28.29442,203.72,41.5870475769043,22.03190422058105,453.3443518202014,273.0731731922536,0.0263671875,19.797683715820312,13.292627576904296,-6.262515779418948,249.62435182020133,69.35317319225359,24.3730411529541,0.0,-3.921378847045897,19.58341407775879,19.797683715820312,19.797683715820312,27
20190813T210000,KROSA,133.4,28.5,28.29442,175.94,8.476189613342285,22.06712532043457,446.5864342293776,392.5741967463025,0.0,,-19.81823038665772,-6.227294679565432,270.64643422937763,216.6341967463025,24.3730411529541,3.0,-3.921378847045897,,,,0
20190814T030000,KROSA,133.1,29.1,28.29442,157.42000000000002,8.865337371826172,23.253639221191406,537.6010333822614,322.6929046536411,0.0,,-19.42908262817383,-5.040780778808596,380.18103338226143,165.2729046536411,24.410255432128903,3.0,-3.884164567871093,,,,0
20190814T060000,KROSA,133.0,29.5,28.29442,166.68,29.93363571166992,24.27902603149414,208.84752235531903,264.1246679971462,0.26171875,28.276512145996094,1.6392157116699195,-4.015393968505862,42.16752235531902,97.4446679971462,28.06853485107422,0.0,-0.22588514892578,27.89136505126953,28.276512145996094,28.276512145996094,268
20190814T090000,KROSA,132.9,29.9,28.29442,144.45600000000002,38.95735168457031,24.20969009399414,210.5263138947169,305.2468373106444,0.3671875,28.276512145996094,10.66293168457031,-4.084729906005862,66.07031389471692,160.79083731064435,28.06853485107422,3.0,-0.22588514892578,27.56021499633789,28.276512145996094,28.276512145996094,376
20190814T120000,KROSA,132.8,30.4,28.29442,120.38,46.3516731262207,24.491579055786133,71.26161602542892,258.9014803420824,0.28515625,26.13970375061035,18.0572531262207,-3.8028409442138695,-49.11838397457109,138.52148034208238,30.151243209838867,0.0,1.8568232098388684,25.791154861450195,26.13970375061035,26.13970375061035,292
20190814T150000,KROSA,132.7,30.8,28.29442,153.716,31.663328170776367,23.83945846557617,211.43675252997,183.97560853274496,0.12109375,24.23650550842285,3.368908170776365,-4.454961534423831,57.720752529970014,30.25960853274495,30.151243209838867,3.0,1.8568232098388684,24.14420509338379,24.23650550842285,24.23650550842285,124
20190814T180000,KROSA,132.6,31.4,28.29442,185.2,5.147636413574219,23.2522201538086,403.4233536429692,217.1044504023516,0.0,,-23.146783586425784,-5.042199846191409,218.2233536429692,31.90445040235156,26.673751831054688,0.0,-1.6206681689453113,,,,0
20190814T210000,KROSA,132.6,32.0,28.29442,185.2,11.184642791748049,24.60082054138184,380.62468889284605,218.1078047048575,0.0,,-17.109777208251955,-3.6935994586181664,195.42468889284604,32.90780470485748,26.673751831054688,3.0,-1.6206681689453113,,,,0
20190815T000000,KROSA,132.5,32.7,25.7222,185.2,11.28400421142578,21.08271026611328,346.1236932251164,271.9106690743897,0.0,,-14.43819578857422,-4.63948973388672,160.92369322511635,86.7106690743897,25.757537841796875,0.0,0.0353378417968741,,,,0
20190815T020000,KROSA,132.4,33.2,25.7222,179.644,10.592408180236816,20.637571334838867,315.8724266248687,329.61581953616843,0.0,,-15.129791819763184,-5.084628665161134,136.2284266248687,149.97181953616845,25.757537841796875,2.0,0.0353378417968741,,,,0
20190815T030000,KROSA,132.4,33.4,25.7222,175.94,13.537996292114258,20.335838317871094,351.69371534626873,313.79667745103154,0.0,,-12.184203707885745,-5.386361682128907,175.7537153462687,137.85667745103154,25.757537841796875,3.0,0.0353378417968741,,,,0
20190815T060000,KROSA,132.5,34.1,23.14998,166.68,23.64841651916504,20.821622848510746,218.6611935831185,311.6806732565214,0.095703125,26.65967559814453,0.4984365191650397,-2.328357151489257,51.98119358311854,145.0006732565214,22.19671058654785,0.0,-0.9532694134521478,25.979217529296875,26.65967559814453,26.65967559814453,98
20190821T060000,BAILU,131.6,14.9,18.00554,92.6,30.993337631225582,15.267765045166016,223.6491815438236,290.43364881355785,0.0400390625,11.198773384094238,12.987797631225586,-2.7377749548339843,131.04918154382352,197.83364881355783,16.316329956054688,0.0,-1.6892100439453124,11.103331565856934,11.198773384094238,11.198773384094238,41
20190821T120000,BAILU,130.7,15.2,18.00554,92.6,20.68264579772949,16.167346954345703,422.954888573793,363.49861322076816,0.1650390625,14.563416481018066,2.6771057977294923,-1.8381930456542968,330.354888573793,270.89861322076814,17.674394607543945,0.0,-0.3311453924560545,15.024914741516113,14.563416481018066,14.563416481018066,169
20190821T180000,BAILU,130.1,15.6,18.00554,129.64,7.269662857055664,16.351280212402344,420.0243836463218,282.9310583477891,0.0,,-10.735877142944336,-1.654259787597656,290.3843836463218,153.29105834778906,15.87761402130127,0.0,-2.1279259786987303,,,,0
20190822T000000,BAILU,129.2,15.7,20.57776,129.64,17.280515670776367,16.60877227783203,321.9576042519712,176.13850777803518,0.3388671875,18.58259391784668,-3.297244329223634,-3.96898772216797,192.3176042519712,46.49850777803516,18.5024471282959,0.0,-2.075312871704103,18.342844009399414,18.58259391784668,18.58259391784668,347
20190822T060000,BAILU,128.6,15.9,20.57776,120.38,46.95112991333008,17.767498016357422,288.5669294836514,117.726131613989,0.01171875,10.186895370483398,26.37336991333008,-2.8102619836425795,168.1869294836514,-2.6538683860109984,19.45631217956543,0.0,-1.1214478204345717,10.041850090026855,10.186895370483398,10.186895370483398,12
20190822T120000,BAILU,127.9,16.5,23.14998,101.86,19.426198959350582,17.755111694335938,128.50329394769085,171.69456242230694,0.2177734375,21.0256576538086,-3.723781040649413,-5.394868305664062,26.64329394769085,69.83456242230694,21.32318687438965,0.0,-1.826793125610351,20.553993225097656,21.025657653808594,21.025657653808594,223
20190822T180000,BAILU,127.4,17.4,25.7222,74.08,7.312380313873291,18.667022705078125,400.64741210407175,173.14183431678606,0.0,,-18.40981968612671,-7.055177294921876,326.56741210407176,99.06183431678606,20.030635833740234,0.0,-5.691564166259767,,,,0
20190823T000000,BAILU,126.3,18.3,25.7222,74.08,19.67427635192871,19.605100631713867,237.9650326031613,263.28398222816486,0.29296875,19.63719940185547,-6.04792364807129,-6.117099368286134,163.8850326031614,189.20398222816488,19.03559112548828,0.0,-6.68660887451172,19.36092185974121,19.63719940185547,19.63719940185547,300
20190823T060000,BAILU,125.3,19.1,25.7222,55.56,55.82687759399414,18.9961166381836,142.4270903865128,118.51542566042389,0.08984375,21.73264503479004,30.10467759399414,-6.726083361816407,86.86709038651279,62.95542566042387,20.55436515808105,0.0,-5.167834841918946,20.816810607910156,21.73264503479004,21.73264503479004,92
20190823T120000,BAILU,124.5,19.9,25.7222,55.56,34.395633697509766,21.17198181152344,108.24599125410006,141.67251471221775,0.2333984375,28.71225357055664,8.673433697509765,-4.550218188476563,52.68599125410006,86.11251471221775,23.813610076904297,0.0,-1.908589923095704,27.655452728271484,28.71225357055664,28.71225357055664,239
20190823T180000,BAILU,123.2,20.7,25.7222,55.56,6.940069675445557,21.96341323852539,321.14901226188283,96.59967826154435,0.0,,-18.782130324554444,-3.75878676147461,265.58901226188283,41.03967826154437,23.63149070739746,0.0,-2.09070929260254,,,,0
20190824T000000,BAILU,121.9,21.5,25.7222,64.82000000000001,40.88871383666992,21.39841079711914,442.206122791537,160.447983563019,0.1943359375,23.098508834838867,15.16651383666992,-4.32378920288086,377.386122791537,95.627983563019,23.74239158630371,0.0,-1.97980841369629,22.504722595214844,23.098508834838867,23.098508834838867,199
20190824T060000,BAILU,120.6,22.3,25.7222,64.82000000000001,38.38422393798828,22.41973114013672,186.26946738866903,105.75139599304153,0.1103515625,20.16688346862793,12.66202393798828,-3.302468859863282,121.44946738866902,40.93139599304151,25.394073486328125,0.0,-0.3281265136718758,19.85451316833496,20.16688346862793,20.16688346862793,113
20190824T120000,BAILU,119.1,22.8,25.7222,64.82000000000001,28.12639808654785,18.299785614013672,264.6693365891418,338.29043468450004,0.2119140625,31.73626708984375,2.4041980865478507,-7.422414385986329,199.84933658914176,273.47043468450005,21.970962524414062,0.0,-3.7512374755859375,30.726818084716797,31.73626708984375,31.73626708984375,217
20190825T000000,BAILU,117.2,23.8,20.57776,55.56,25.273727416992188,15.588024139404297,542.0151143681569,246.78341181743696,0.0625,16.829057693481445,4.695967416992186,-4.9897358605957045,486.4551143681569,191.22341181743693,15.833480834960938,0.0,-4.744279165039064,16.29191780090332,16.829057693481445,16.829057693481445,64
20190825T060000,BAILU,115.8,24.6,20.57776,55.56,14.475468635559082,13.784042358398438,273.24416319418907,336.135342715451,0.0751953125,16.264183044433594,-6.102291364440919,-6.793717641601564,217.68416319418907,280.575342715451,13.796379089355469,0.0,-6.781380910644533,16.049423217773438,16.264183044433594,16.264183044433594,77
20190825T120000,BAILU,114.3,24.8,18.00554,55.56,12.248278617858888,9.945199966430664,409.2960042802338,400.9230391846495,0.0673828125,14.489503860473633,-5.757261382141113,-8.060340033569336,353.7360042802338,345.3630391846495,9.672073364257812,0.0,-8.333466635742187,13.950122833251953,14.489503860473633,14.489503860473633,69
20190828T000000,PODUL,117.9,16.7,18.00554,287.06,24.68531990051269,17.36568260192871,544.6563974879967,109.50692834204524,0.2841796875,19.278547286987305,6.679779900512695,-0.6398573980712889,257.59639748799674,-177.55307165795475,19.357311248779297,0.0,1.351771248779297,19.01940155029297,19.278547286987305,19.278547286987305,291
20190828T060000,PODUL,116.1,16.9,20.57776,240.76,5.303343772888184,17.063892364501953,203.08830180224865,158.81799548397933,0.0,,-15.274416227111818,-3.5138676354980483,-37.6716981977514,-81.94200451602069,16.917591094970703,0.0,-3.660168905029298,,,,0
20190828T120000,PODUL,114.5,17.1,20.57776,240.76,16.22935676574707,15.548988342285156,252.406210180523,142.9902439313745,0.234375,14.706791877746582,-4.348403234252931,-5.028771657714845,11.646210180522983,-97.76975606862553,16.626358032226562,0.0,-3.951401967773439,14.641995429992676,14.706791877746582,14.706791877746582,240
20190828T180000,PODUL,113.1,17.3,20.57776,129.64,6.523956775665283,16.135374069213867,402.0358466109978,177.52766230910797,0.0,,-14.053803224334718,-4.442385930786134,272.3958466109977,47.88766230910795,16.884584426879883,0.0,-3.693175573120119,,,,0
20190829T000000,PODUL,111.3,17.5,20.57776,92.6,27.85189247131348,15.735045433044434,594.5176420424862,156.97487005756824,0.271484375,21.84519386291504,7.274132471313475,-4.842714566955568,501.9176420424861,64.37487005756823,15.893227577209473,0.0,-4.684532422790529,20.34823226928711,21.84519386291504,21.84519386291504,278
20190829T060000,PODUL,109.6,17.5,20.57776,101.86,12.971487045288086,17.466915130615234,413.9763362075968,83.3266081653049,0.0146484375,13.894655227661133,-7.6062729547119154,-3.110844869384767,312.1163362075968,-18.53339183469509,18.81356811523437,0.0,-1.7641918847656264,13.819690704345703,13.894655227661133,13.894655227661133,15
20190902T000000,LINGLING,125.8,15.4,18.00554,129.64,13.525310516357422,15.988237380981444,163.10682180312617,237.90651329588937,0.3408203125,14.170395851135254,-4.480229483642578,-2.0173026190185546,33.46682180312615,108.26651329588935,18.63650894165039,0.0,0.6309689416503907,13.819098472595215,14.170395851135254,14.170395851135254,349
20190902T060000,LINGLING,125.0,16.7,18.00554,111.12,17.81250762939453,14.956703186035156,84.98782833992475,204.99358243530827,0.3505859375,18.88418197631836,-0.1930323706054686,-3.048836813964844,-26.13217166007525,93.87358243530826,15.702459335327148,0.0,-2.3030806646728514,18.431760787963867,18.88418197631836,18.88418197631836,359
20190902T120000,LINGLING,124.4,18.0,20.57776,111.12,9.462835311889648,17.06720542907715,505.5340406038047,183.5076058169757,0.0,,-11.114924688110351,-3.510554570922853,394.4140406038047,72.38760581697571,18.09848976135254,0.0,-2.4792702386474623,,,,0
20190902T180000,LINGLING,124.0,19.0,23.14998,64.82000000000001,10.735724449157717,19.568721771240234,424.8260521423464,152.91056305702332,0.017578125,11.05658721923828,-12.414255550842284,-3.581258228759765,360.0060521423464,88.09056305702332,20.44331741333008,0.0,-2.706662586669921,11.015094757080078,11.056587219238281,11.056587219238281,18
20190903T000000,LINGLING,123.9,19.8,25.7222,55.56,23.636409759521484,19.654586791992188,148.75331997297232,108.11910559040317,0.294921875,21.94248962402344,-2.0857902404785165,-6.067613208007813,93.19331997297232,52.55910559040315,21.24137306213379,0.0,-4.480826937866212,21.460420608520508,21.942489624023438,21.942489624023438,302
20190903T060000,LINGLING,124.0,20.7,28.29442,37.04,30.94219017028809,22.09483528137207,23.39904814594137,67.82412685614916,0.2548828125,24.662841796875,2.647770170288084,-6.199584718627932,-13.640951854058628,30.784126856149165,25.1226749420166,0.0,-3.171745057983397,24.2269344329834,24.662841796875,24.662841796875,261
20190903T120000,LINGLING,124.2,21.3,30.86664,27.78,6.947691917419434,21.205127716064453,292.3971330143235,72.62644243111228,0.0,,-23.918948082580567,-9.661512283935547,264.6171330143235,44.84644243111228,23.36256599426269,0.0,-7.504074005737305,,,,0
20190903T180000,LINGLING,124.4,21.8,33.43886,27.78,13.745396614074709,22.00020980834961,333.91110616273147,98.3257438874472,0.017578125,12.707733154296877,-19.69346338592529,-11.438650191650389,306.1311061627315,70.54574388744719,23.87129783630371,0.0,-9.567562163696287,12.639825820922852,12.707733154296875,12.707733154296875,18
20190904T000000,LINGLING,124.6,22.1,36.01108,27.78,28.22269630432129,20.674972534179688,3.789511792099289,98.78846179491866,0.298828125,30.804931640625,-7.788383695678711,-15.336107465820312,-23.99048820790071,71.00846179491866,21.76896858215332,0.0,-14.24211141784668,29.510807037353516,30.804931640625,30.804931640625,306
20190904T060000,LINGLING,125.0,22.4,38.5833,9.26,33.2061882019043,20.596492767333984,33.1740033109562,104.18062235567638,0.0869140625,24.607629776000977,-5.377111798095704,-17.986807232666017,23.914003310956204,94.92062235567636,21.708232879638672,0.0,-16.87506712036133,24.05146026611328,24.607629776000977,24.607629776000977,89
20190904T120000,LINGLING,125.4,23.0,41.15552,22.224,5.925252914428711,22.325454711914062,599.9920121209904,101.54243619696793,0.0,,-35.23026708557129,-18.83006528808594,577.7680121209903,79.31843619696792,24.155467987060547,0.0,-17.000052012939456,,,,0
20190904T150000,LINGLING,125.4,23.3,41.15552,22.224,5.767924785614014,22.51994705200196,469.0144512252668,117.74233142496924,0.0,,-35.38759521438599,-18.63557294799805,446.7904512252668,95.51833142496923,24.155467987060547,3.0,-17.000052012939456,,,,0
20190904T180000,LINGLING,125.4,23.6,43.72774,22.224,29.59086227416992,21.7475700378418,500.961858945044,94.03849855906172,0.146484375,23.69559097290039,-14.136877725830082,-21.980169962158207,478.737858945044,71.8144985590617,23.79275703430176,0.0,-19.93498296569824,23.644269943237305,23.69559097290039,23.69559097290039,150
20190904T210000,LINGLING,125.3,23.9,43.72774,22.224,33.28792190551758,21.32459259033203,82.54516374861116,109.3305768519936,0.37109375,28.63138771057129,-10.439818094482426,-22.403147409667973,60.32116374861116,87.10657685199361,23.79275703430176,3.0,-19.93498296569824,28.328845977783203,28.63138771057129,28.63138771057129,380
20190905T000000,LINGLING,125.3,24.2,43.72774,22.224,32.05990219116211,22.63674736022949,40.27168709799212,91.24190544524684,0.28515625,28.63138771057129,-11.667837808837897,-21.090992639770512,18.04768709799212,69.01790544524683,25.751468658447266,0.0,-17.97627134155273,28.339956283569336,28.63138771057129,28.63138771057129,292
20190905T030000,LINGLING,125.3,24.6,46.29996,25.928,32.38615036010742,22.07425880432129,32.97239621025732,87.15240900988712,0.115234375,33.72105026245117,-13.913809639892577,-24.22570119567871,7.044396210257322,61.224409009887125,25.751468658447266,3.0,-20.548491341552733,33.24692916870117,33.72105026245117,33.72105026245117,118
20190905T060000,LINGLING,125.3,25.0,48.87218,27.78,36.713748931884766,22.443016052246094,53.05387514612912,84.25279969001963,0.1083984375,33.72105026245117,-12.158431068115236,-26.429163947753903,25.273875146129114,56.47279969001963,24.83462715148925,0.0,-24.037552848510742,33.23633575439453,33.72105026245117,33.72105026245117,111
20190905T090000,LINGLING,125.3,25.3,48.87218,27.78,9.988093376159668,22.07571029663086,585.5655847697037,113.81303595683046,0.0,,-38.88408662384033,-26.79646970336914,557.7855847697037,86.03303595683046,24.83462715148925,3.0,-24.037552848510742,,,,0
20190905T150000,LINGLING,125.2,26.2,48.87218,27.78,7.0135369300842285,22.4694938659668,424.6902966927691,94.24876259518948,0.0,,-41.85864306991577,-26.402686134033203,396.91029669276907,66.46876259518949,26.020320892333984,3.0,-22.851859107666016,,,,0
20190905T180000,LINGLING,125.2,26.8,46.29996,27.78,56.73006439208984,22.784500122070312,235.9659200507107,98.5406619193806,0.1318359375,29.659149169921875,10.430104392089843,-23.51545987792969,208.1859200507107,70.7606619193806,25.27702522277832,0.0,-21.02293477722168,29.275447845458984,29.659149169921875,29.659149169921875,135
20190905T210000,LINGLING,125.1,27.4,46.29996,33.336,68.77494812011719,22.821826934814453,124.8836378184064,110.96759635114395,0.3271484375,41.96623229980469,22.47498812011719,-23.478133065185546,91.5476378184064,77.63159635114395,25.27702522277832,3.0,-21.02293477722168,40.727569580078125,41.96623229980469,41.96623229980469,335
20190906T000000,LINGLING,125.1,28.1,43.72774,37.04,68.92394256591797,22.6976318359375,107.65709893364344,81.84710040235177,0.349609375,41.96623229980469,25.196202565917964,-21.030108164062504,70.61709893364343,44.80710040235177,33.419410705566406,0.0,-10.308329294433593,40.72964096069336,41.96623229980469,41.96623229980469,358
20190906T060000,LINGLING,125.2,29.6,41.15552,9.26,42.239479064941406,24.624475479125977,137.2730906326564,116.44829184643964,0.2509765625,41.7219352722168,1.0839590649414037,-16.531044520874026,128.0130906326564,107.18829184643964,28.74923515319824,0.0,-12.40628484680176,40.7227668762207,41.7219352722168,41.7219352722168,257
20190906T180000,LINGLING,124.9,33.5,36.01108,27.78,11.138931274414062,26.404203414916992,187.8990083387588,91.53210341023772,0.00390625,9.665510177612305,-24.872148725585937,-9.606876585083008,160.1190083387588,63.75210341023772,32.39222717285156,0.0,-3.618852827148437,9.661574363708496,9.665510177612305,9.665510177612305,4
20190907T150000,FAXAI,141.1,29.5,41.15552,9.26,11.89284896850586,20.367748260498047,528.383808942074,138.63959880811765,0.0,,-29.262671031494143,-20.78777173950196,519.123808942074,129.37959880811766,22.45663452148437,3.0,-18.698885478515628,,,,0
20190907T180000,FAXAI,140.5,30.1,43.72774,9.26,36.155757904052734,20.778152465820312,47.252902395987526,122.7111912619814,0.0966796875,18.49083709716797,-7.57198209594727,-22.94958753417969,37.99290239598753,113.4511912619814,21.97306060791016,0.0,-21.75467939208984,18.225133895874023,18.49083709716797,18.49083709716797,99
20190907T210000,FAXAI,140.0,30.8,43.72774,9.26,31.797224044799805,20.221176147460938,132.8799835024496,105.02542484861269,0.2197265625,20.13605690002441,-11.9305159552002,-23.506563852539067,123.6199835024496,95.76542484861268,21.97306060791016,3.0,-21.75467939208984,19.905851364135742,20.136056900024414,20.136056900024414,225
20190908T000000,FAXAI,139.5,31.5,43.72774,9.26,27.668418884277344,20.478403091430664,78.00870214825905,84.05944877787671,0.3564453125,23.48800277709961,-16.05932111572266,-23.24933690856934,68.74870214825904,74.7994487778767,23.51372528076172,0.0,-20.21401471923828,23.04300308227539,23.48800277709961,23.48800277709961,365
20190908T030000,FAXAI,139.2,32.2,43.72774,16.668,36.51531600952149,20.870662689208984,10.926596978269938,89.1021178754457,0.271484375,23.48800277709961,-7.21242399047852,-22.85707731079102,-5.741403021730061,72.43411787544571,23.51372528076172,3.0,-20.21401471923828,23.218032836914062,23.48800277709961,23.48800277709961,278
20190908T060000,FAXAI,139.0,33.0,43.72774,22.224,5.243973731994629,22.520523071289062,428.0165000502036,82.71695173402043,0.0,,-38.483766268005375,-21.20721692871094,405.7925000502036,60.49295173402042,25.62696075439453,0.0,-18.100779245605462,,,,0
20190908T090000,FAXAI,138.9,33.5,43.72774,16.668,10.046113967895508,21.539737701416016,386.8638227781208,99.37983685197604,0.0,,-33.6816260321045,-22.18800229858399,370.1958227781208,82.71183685197605,25.62696075439453,3.0,-18.100779245605462,,,,0
20190919T000000,TAPAH,128.7,22.5,18.00554,166.68,35.610496520996094,18.946956634521484,354.175528616124,210.0288520172972,0.345703125,19.16917610168457,17.604956520996094,0.9414166345214844,187.495528616124,43.34885201729713,20.20122528076172,0.0,2.195685280761719,19.119327545166016,19.16917610168457,19.16917610168457,354
20190919T120000,TAPAH,128.2,22.9,20.57776,259.28000000000003,23.677810668945312,20.08781814575196,170.76284067286096,249.4437942087624,0.3505859375,21.709386825561523,3.100050668945311,-0.4899418542480482,-88.51715932713907,-9.83620579123766,22.48455619812012,0.0,1.906796198120116,21.44586753845215,21.709386825561523,21.709386825561523,359
20190919T180000,TAPAH,127.4,22.9,20.57776,259.28000000000003,68.23410034179688,20.99883460998535,295.28070416542795,285.6847914051118,0.240234375,27.14765167236328,47.65634034179688,0.4210746099853502,36.00070416542792,26.40479140511178,22.885009765625,0.0,2.3072497656249986,26.34437370300293,27.14765167236328,27.14765167236328,246
20190920T000000,TAPAH,127.1,23.0,23.14998,212.98,56.65899658203125,20.97412109375,233.1629713182037,233.3782513914027,0.193359375,23.15099334716797,33.50901658203125,-2.17585890625,20.18297131820364,20.39825139140268,23.40848159790039,0.0,0.2585015979003913,22.849885940551758,23.15099334716797,23.15099334716797,198
20190920T120000,TAPAH,127.0,23.9,25.7222,129.64,35.68301773071289,23.57188034057617,329.48959674920405,139.82364723036517,0.3349609375,34.20610809326172,9.96081773071289,-2.150319659423829,199.84959674920404,10.183647230365152,27.374547958374023,0.0,1.6523479583740226,33.52394104003906,34.20610809326172,34.20610809326172,343
20190920T150000,TAPAH,126.6,24.4,30.86664,129.64,41.55357360839844,26.375900268554688,364.1724027398781,165.3896453783243,0.419921875,34.20610809326172,10.686933608398435,-4.490739731445313,234.5324027398781,35.74964537832429,27.374547958374023,3.0,-3.492092041625977,33.707420349121094,34.20610809326172,34.20610809326172,430
20190920T180000,TAPAH,126.3,25.0,33.43886,129.64,32.47202682495117,27.36996841430664,313.14119300513954,172.8974377677034,0.373046875,34.230403900146484,-0.9668331750488264,-6.068891585693358,183.5011930051396,43.25743776770338,33.24738693237305,0.0,-0.1914730676269513,32.51580810546875,34.230403900146484,34.230403900146484,382
20190920T210000,TAPAH,126.0,25.6,33.43886,138.9,38.10048675537109,26.50080108642578,229.2095700186329,196.4789026739164,0.287109375,34.230403900146484,4.661626755371096,-6.938058913574217,90.30957001863293,57.57890267391633,33.24738693237305,3.0,-0.1914730676269513,32.7543830871582,34.230403900146484,34.230403900146484,294
20190921T000000,TAPAH,125.7,26.2,33.43886,148.16,48.465065002441406,24.58530235290528,282.060322453581,246.07637669325803,0.0166015625,31.028770446777344,15.026205002441408,-8.853557647094725,133.90032245358103,97.91637669325804,29.737775802612305,0.0,-3.7010841973876936,30.712657928466797,31.028770446777344,31.028770446777344,17
20190921T030000,TAPAH,125.6,26.8,33.43886,120.38,7.7426371574401855,23.90188217163086,412.2551140297522,226.80313752405405,0.0,,-25.696222842559813,-9.53697782836914,291.87511402975224,106.42313752405404,29.737775802612305,3.0,-3.7010841973876936,,,,0
20190921T090000,TAPAH,125.6,28.0,33.43886,72.22800000000001,10.31804656982422,24.99995803833008,410.5944003596126,155.16832067242012,0.0,,-23.12081343017578,-8.43890196166992,338.3664003596126,82.94032067242011,26.96752166748047,3.0,-6.4713383325195295,,,,0
20190921T120000,TAPAH,125.6,28.5,33.43886,50.004000000000005,58.584922790527344,24.845848083496094,242.1085426203144,178.69140703299604,0.287109375,34.36562728881836,25.146062790527345,-8.593011916503905,192.1045426203144,128.68740703299602,30.301979064941406,0.0,-3.136880935058592,33.0922737121582,34.36562728881836,34.36562728881836,294
20190921T150000,TAPAH,125.8,29.0,33.43886,50.004000000000005,59.44142150878906,25.030149459838867,384.6575894516252,182.00296446042933,0.4892578125,37.14571380615234,26.002561508789064,-8.408710540161131,334.6535894516252,131.99896446042936,30.301979064941406,3.0,-3.136880935058592,35.802860260009766,37.145713806152344,37.145713806152344,501
20190921T180000,TAPAH,126.0,29.6,33.43886,50.004000000000005,65.26658630371094,24.15765953063965,378.1818225874092,143.33626941642314,0.455078125,37.14571380615234,31.82772630371094,-9.28120046936035,328.1778225874092,93.33226941642312,28.32074546813965,0.0,-5.11811453186035,35.439605712890625,37.145713806152344,37.145713806152344,466
20190921T210000,TAPAH,126.3,30.3,33.43886,50.004000000000005,37.72164535522461,23.96249389648437,176.43996784361937,164.04840516753026,0.2099609375,32.42539596557617,4.282785355224611,-9.476366103515623,126.43596784361937,114.04440516753026,28.32074546813965,3.0,-5.11811453186035,31.42835235595703,32.42539596557617,32.42539596557617,215
20190922T000000,TAPAH,126.7,31.0,30.86664,50.004000000000005,12.291486740112305,25.59566116333008,271.935034077866,165.30526104731126,0.0,,-18.575153259887696,-5.270978836669922,221.931034077866,115.30126104731126,31.207275390625,0.0,0.3406353906249997,,,,0
20190922T030000,TAPAH,127.2,31.8,30.86664,53.708000000000006,11.348703384399414,25.09632873535156,235.1473105159711,230.83582098636424,0.0,,-19.517936615600583,-5.770311264648438,181.4393105159711,177.12782098636424,31.207275390625,3.0,0.3406353906249997,,,,0
20190922T060000,TAPAH,127.8,32.5,30.86664,55.56,11.259614944458008,27.09767723083496,139.75053690493826,93.85596520553536,0.0,,-19.607025055541992,-3.76896276916504,84.19053690493826,38.29596520553535,35.81010055541992,0.0,4.943460555419922,,,,0
20190922T090000,TAPAH,128.6,33.2,30.86664,61.116,11.801376342773438,26.284229278564453,195.130679368727,92.69223777076104,0.0,,-19.065263657226563,-4.582410721435547,134.014679368727,31.57623777076104,35.81010055541992,3.0,4.943460555419922,,,,0
20190922T120000,TAPAH,129.5,33.9,28.29442,64.82000000000001,26.81308937072754,26.10330581665039,527.6692051490081,109.02010456446142,0.1416015625,20.8873233795166,-1.4813306292724633,-2.191114183349612,462.8492051490081,44.20010456446141,36.34896087646485,0.0,8.054540876464845,20.83163833618164,20.8873233795166,20.8873233795166,145
20190928T000000,MITAG,132.6,15.9,18.00554,129.64,5.440799713134766,17.34511947631836,511.5447676237326,234.9842731448756,0.0,,-12.564740286865234,-0.6604205236816405,381.9047676237326,105.3442731448756,18.63748550415039,0.0,0.6319455041503907,,,,0
20190928T060000,MITAG,130.7,17.0,20.57776,129.64,17.296300888061523,16.460773468017578,69.95140254161971,217.2053642318524,0.1083984375,14.579968452453612,-3.281459111938478,-4.116986531982423,-59.6885974583803,87.56536423185236,16.87921142578125,0.0,-3.698548574218752,14.556242942810059,14.579968452453613,14.579968452453613,111
20190928T120000,MITAG,129.1,17.6,20.57776,120.38,12.891584396362305,17.82093048095703,412.6195477899428,160.02760813059342,0.0927734375,12.492868423461914,-7.686175603637697,-2.75682951904297,292.23954778994283,39.64760813059341,19.051353454589844,0.0,-1.5264065454101576,12.486162185668945,12.492868423461914,12.492868423461914,95
20190928T180000,MITAG,127.7,17.9,23.14998,92.6,25.20576858520508,18.79634094238281,202.8029938786964,204.55245201131493,0.232421875,21.96124649047852,2.055788585205079,-4.353639057617187,110.20299387869636,111.95245201131492,20.38411903381348,0.0,-2.7658609661865228,21.38865852355957,21.961246490478516,21.961246490478516,238
20190929T000000,MITAG,126.7,18.4,25.7222,92.6,6.585849285125732,19.572967529296875,447.63105063547965,134.5978326308014,0.0,,-19.13635071487427,-6.149232470703126,355.03105063547963,41.9978326308014,21.300168991088867,0.0,-4.422031008911134,,,,0
20190929T060000,MITAG,125.8,19.3,28.29442,92.6,25.96555519104004,20.46253776550293,48.68383622851886,129.50052339429934,0.0791015625,17.2882080078125,-2.328864808959964,-7.831882234497073,-43.91616377148115,36.90052339429933,22.899965286254883,0.0,-5.394454713745116,17.27910614013672,17.2882080078125,17.2882080078125,81
20190929T120000,MITAG,124.8,20.2,30.86664,55.56,40.14854431152344,25.16928100585937,219.75312794928664,114.07488834197584,0.154296875,18.672697067260746,9.281904311523435,-5.697358994140625,164.19312794928666,58.51488834197585,31.03594207763672,0.0,0.1693020776367184,18.747608184814453,18.672697067260742,18.672697067260742,158
20190929T180000,MITAG,123.7,20.9,30.86664,55.56,34.02921295166016,25.66661071777344,99.22150447490174,153.06814964040137,0.3271484375,29.70745658874512,3.162572951660156,-5.200029282226563,43.66150447490173,97.50814964040136,30.37981033325196,0.0,-0.4868296667480472,29.244564056396484,29.707456588745117,29.707456588745117,335
20190930T000000,MITAG,123.0,21.7,33.43886,55.56,7.715558052062988,25.379165649414062,416.6618442765339,158.66588119493576,0.0,,-25.72330194793701,-8.059694350585936,361.1018442765339,103.10588119493576,32.3908805847168,0.0,-1.0479794152832014,,,,0
20190930T030000,MITAG,122.9,22.2,36.01108,55.56,8.163041114807129,25.49905776977539,453.6457155924618,125.1413242254884,0.0,,-27.84803888519287,-10.51202223022461,398.0857155924618,69.58132422548839,32.3908805847168,3.0,-3.620199415283203,,,,0
20190930T060000,MITAG,122.9,22.8,36.01108,55.56,26.780498504638672,28.12710952758789,79.85722198228032,135.43649476773413,0.0849609375,24.36998176574707,-9.230581495361328,-7.883970472412109,24.29722198228032,79.87649476773413,34.67546081542969,0.0,-1.3356191845703125,24.318073272705078,24.36998176574707,24.36998176574707,87
20190930T090000,MITAG,122.9,23.7,36.01108,38.892,39.81953048706055,29.01105308532715,115.82761874468896,87.54684779963662,0.3125,29.25493431091309,3.808450487060547,-7.000026914672851,76.93561874468895,48.65484779963662,34.67546081542969,3.0,-1.3356191845703125,28.269039154052734,29.254934310913086,29.254934310913086,320
20190930T120000,MITAG,122.9,24.6,38.5833,22.224,34.67437744140625,31.44143486022949,53.14619842574592,54.18807592192327,0.29296875,29.25493431091309,-3.9089225585937513,-7.141865139770509,30.922198425745915,31.96407592192327,41.08366394042969,0.0,2.5003639404296862,28.268218994140625,29.254934310913086,29.254934310913086,300
20190930T150000,MITAG,122.7,25.4,38.5833,25.928,38.27231216430664,29.87065315246582,126.94091007025656,80.96542797513813,0.21484375,30.49114227294922,-0.3109878356933606,-8.712646847534181,101.01291007025657,55.03742797513813,41.08366394042969,3.0,2.5003639404296862,29.556787490844727,30.49114227294922,30.49114227294922,220
20190930T180000,MITAG,122.5,26.1,38.5833,27.78,42.40804290771485,28.893123626708984,12.786517822311318,37.54507853082296,0.171875,30.49114227294922,3.8247429077148425,-9.690176373291017,-14.993482177688684,9.765078530822954,36.21269607543945,0.0,-2.370603924560548,29.798555374145508,30.49114227294922,30.49114227294922,176
20191001T060000,MITAG,122.2,28.6,30.86664,55.56,20.300270080566406,22.36334800720215,31.44078070607756,70.55356700724838,0.0634765625,14.966382026672363,-10.566369919433594,-8.503291992797852,-24.119219293922445,14.993567007248371,25.54818725585937,0.0,-5.318452744140625,15.07139778137207,14.966382026672363,14.966382026672363,65
20191001T120000,MITAG,122.4,29.9,30.86664,55.56,21.680944442749023,20.64850234985352,122.91493271560913,87.4662415242623,0.34375,27.54073905944824,-9.185695557250977,-10.218137650146485,67.35493271560911,31.9062415242623,23.21591567993164,0.0,-7.65072432006836,26.046533584594727,27.540739059448242,27.540739059448242,352
20191001T180000,MITAG,122.8,30.7,28.29442,55.56,37.527645111083984,19.17626571655273,202.2766200000699,84.42903455994148,0.0703125,19.68191719055176,9.233225111083982,-9.118154283447268,146.7166200000699,28.869034559941483,20.550752639770508,0.0,-7.743667360229491,19.87149429321289,19.681917190551758,19.681917190551758,72
20191002T060000,MITAG,124.7,33.3,25.7222,74.08,18.57832145690918,18.88853454589844,194.64252985787195,132.85363211893394,0.1142578125,18.21776962280273,-7.143878543090821,-6.833665454101563,120.56252985787197,58.773632118933946,20.179840087890625,0.0,-5.542359912109376,18.222431182861328,18.217769622802734,18.217769622802734,117
20191008T180000,HAGIBIS,140.8,19.2,54.01662,27.78,6.0254807472229,27.23329734802246,608.5789879053891,122.24267228160356,0.0,,-47.9911392527771,-26.783322651977542,580.7989879053891,94.46267228160356,32.35728073120117,0.0,-21.65933926879883,,,,0
20191009T000000,HAGIBIS,140.4,19.8,54.01662,27.78,53.32733917236328,28.03638458251953,24.968142688836554,102.32185083381684,0.0361328125,33.53815460205078,-0.6892808276367219,-25.980235417480472,-2.811857311163447,74.54185083381684,34.78971481323242,0.0,-19.22690518676758,33.454132080078125,33.53815460205078,33.53815460205078,37
20191009T060000,HAGIBIS,139.9,20.6,54.01662,27.78,72.89079284667969,30.17182731628418,339.4589251262387,132.93638263435446,0.2607421875,36.57588958740234,18.874172846679684,-23.844792683715824,311.6789251262387,105.15638263435446,37.45074844360352,0.0,-16.565871556396488,35.904876708984375,36.575889587402344,36.575889587402344,267
20191009T120000,HAGIBIS,139.6,21.2,54.01662,27.78,54.12751007080078,29.6866512298584,19.630746131549216,140.19224620385916,0.22265625,44.2221565246582,0.110890070800778,-24.329968770141605,-8.149253868450785,112.41224620385916,36.80556488037109,0.0,-17.21105511962891,44.077144622802734,44.2221565246582,44.2221565246582,228
20191009T180000,HAGIBIS,139.8,22.0,54.01662,27.78,5.44876766204834,28.33940887451172,587.5162030239294,167.4381084165756,0.0,,-48.56785233795166,-25.677211125488284,559.7362030239294,139.6581084165756,35.192649841308594,0.0,-18.82397015869141,,,,0
20191010T000000,HAGIBIS,139.9,23.2,54.01662,31.484,42.224266052246094,30.42838859558105,159.6853953299382,142.96625467883047,0.02734375,24.26469612121582,-11.79235394775391,-23.58823140441895,128.20139532993818,111.48225467883046,37.92271041870117,0.0,-16.09390958129883,24.10752296447754,24.26469612121582,24.26469612121582,28
20191010T060000,HAGIBIS,139.4,24.4,54.01662,27.78,67.9246597290039,28.76334571838379,477.9194888758094,164.38149920397157,0.333984375,34.64142608642578,13.908039729003905,-25.25327428161621,450.13948887580943,136.60149920397157,36.006839752197266,0.0,-18.009780247802738,33.91065216064453,34.64142608642578,34.64142608642578,342
20191010T120000,HAGIBIS,139.0,25.3,51.4444,27.78,43.5391960144043,29.114219665527344,201.82897378090112,113.36736597228372,0.181640625,44.41826629638672,-7.905203985595705,-22.33018033447265,174.04897378090112,85.58736597228372,39.235260009765625,0.0,-12.209139990234377,43.67368698120117,44.41826629638672,44.41826629638672,186
20191010T180000,HAGIBIS,138.5,26.3,48.87218,37.04,7.897547245025635,29.22995376586914,484.7828112045833,200.7031878424339,0.0,,-40.974632754974365,-19.64222623413086,447.7428112045833,163.6631878424339,37.15066146850586,0.0,-11.72151853149414,,,,0
20191011T000000,HAGIBIS,138.0,27.5,46.29996,40.744,35.249267578125,28.97814178466797,152.22285125568095,189.26540986214167,0.025390625,22.38862419128418,-11.050692421875,-17.32181821533203,111.47885125568096,148.52140986214172,33.82154083251953,0.0,-12.478419167480467,22.471839904785156,22.38862419128418,22.38862419128418,26
20191011T060000,HAGIBIS,137.5,28.8,46.29996,31.484,45.32054901123047,28.451759338378903,224.758841835323,210.36105611783296,0.3349609375,38.49866485595703,-0.97941098876953,-17.848200661621092,193.274841835323,178.87705611783295,34.912742614746094,0.0,-11.387217385253903,38.072898864746094,38.49866485595703,38.49866485595703,343
20191011T120000,HAGIBIS,137.1,29.9,43.72774,9.26,45.752227783203125,27.37779998779297,117.04746291906751,215.3644283365756,0.15625,42.93914413452149,2.0244877832031207,-16.349940012207036,107.78746291906752,206.1044283365756,35.46811294555664,0.0,-8.259627054443357,42.8410530090332,42.939144134521484,42.939144134521484,160
20191011T150000,HAGIBIS,137.0,30.3,43.72774,9.26,14.341447830200195,26.52303695678711,426.7801047838459,229.03937474515007,0.0,,-29.38629216979981,-17.204703043212895,417.5201047838459,219.77937474515008,35.46811294555664,3.0,-8.259627054443357,,,,0
20191011T180000,HAGIBIS,137.0,30.8,43.72774,9.26,11.542975425720217,26.814477920532227,371.3922854063264,229.31705187002805,0.0,,-32.18476457427979,-16.913262079467778,362.1322854063264,220.0570518700281,32.01255798339844,0.0,-11.71518201660156,,,,0
20191011T210000,HAGIBIS,137.1,31.4,43.72774,9.26,10.863435745239258,27.428611755371094,304.09485662938664,180.2306889569914,0.0,,-32.86430425476075,-16.29912824462891,294.83485662938665,170.9706889569914,32.01255798339844,3.0,-11.71518201660156,,,,0
20191012T000000,HAGIBIS,137.4,32.1,41.15552,9.26,30.582550048828125,26.64331245422364,182.5911887393677,142.05778352670796,0.00390625,14.27285099029541,-10.572969951171878,-14.51220754577637,173.33118873936772,132.79778352670797,36.73686981201172,0.0,-4.418650187988284,14.268781661987305,14.27285099029541,14.27285099029541,4
20191012T030000,HAGIBIS,137.7,32.8,41.15552,18.52,34.22582244873047,25.159194946289062,92.43175135886028,195.5744046780445,0.2509765625,36.53733444213867,-6.929697551269534,-15.99632505371094,73.91175135886029,177.05440467804453,36.73686981201172,3.0,-4.418650187988284,35.5843620300293,36.53733444213867,36.53733444213867,257
20191012T060000,HAGIBIS,138.2,33.7,41.15552,27.78,60.87615203857422,24.92738342285156,133.49931621737335,156.01117497795371,0.4130859375,36.53733444213867,19.720632038574216,-16.22813657714844,105.71931621737336,128.2311749779537,30.814115524291992,0.0,-10.34140447570801,35.579280853271484,36.53733444213867,36.53733444213867,423
20191017T000000,NEOGURI,130.2,18.7,18.00554,83.34,13.032801628112791,12.192216873168944,246.88714750714672,383.04138816712407,0.48046875,12.461867332458496,-4.972738371887207,-5.813323126831055,163.54714750714672,299.70138816712404,13.960705757141112,0.0,-4.044834242858887,12.306888580322266,12.461867332458496,12.461867332458496,492
20191017T060000,NEOGURI,130.0,19.1,18.00554,83.34,14.460214614868164,12.706831932067873,206.3872080236632,184.28990106622192,0.0927734375,12.174201965332031,-3.545325385131836,-5.298708067932129,123.0472080236632,100.94990106622193,13.528687477111816,0.0,-4.476852522888184,12.223390579223633,12.174201965332031,12.174201965332031,95
20191017T120000,NEOGURI,130.0,19.4,18.00554,46.3,10.876313209533691,12.23887062072754,388.6267678115926,179.9145856656358,0.017578125,8.679821968078613,-7.1292267904663085,-5.766669379272461,342.32676781159256,133.6145856656358,15.10719871520996,0.0,-2.898341284790039,8.588414192199707,8.679821968078613,8.679821968078613,18
20191017T180000,NEOGURI,129.9,19.6,20.57776,46.3,6.55504035949707,12.88104248046875,545.9768227880894,199.43851589460425,0.0,,-14.022719640502933,-7.696717519531251,499.6768227880894,153.13851589460424,12.633990287780762,0.0,-7.94376971221924,,,,0
20191018T000000,NEOGURI,129.7,19.8,23.14998,37.04,13.101398468017578,12.780363082885742,174.71391868069145,97.11038225652094,0.4755859375,14.870966911315918,-10.04858153198242,-10.369616917114255,137.67391868069146,60.070382256520936,13.823386192321776,0.0,-9.326593807678222,14.749861717224121,14.870966911315918,14.870966911315918,487
20191018T060000,NEOGURI,129.6,20.0,23.14998,55.56,10.335801124572754,13.00023078918457,197.7117768243965,154.67405929830002,0.2666015625,12.481911659240724,-12.814178875427244,-10.149749210815427,142.1517768243965,99.11405929830002,13.099651336669922,0.0,-10.050328663330076,12.45698070526123,12.481911659240723,12.481911659240723,273
20191018T120000,NEOGURI,129.3,20.4,23.14998,55.56,10.327188491821287,11.921550750732422,257.80916736241,257.80916736241,0.0087890625,7.909196376800537,-12.82279150817871,-11.228429249267576,202.24916736241,202.24916736241,11.730403900146484,0.0,-11.419576099853517,7.827861785888672,7.909196376800537,7.909196376800537,9
20191018T180000,NEOGURI,128.6,20.7,25.7222,55.56,6.384565353393555,11.160931587219238,57.94235831020736,374.7230675887418,0.0,,-19.33763464660645,-14.561268412780764,2.3823583102073584,319.1630675887418,11.094263076782228,0.0,-14.627936923217774,,,,0
20191019T000000,NEOGURI,127.9,21.1,28.29442,55.56,13.513870239257812,12.909497261047363,109.31480835312756,81.12495477965565,0.5732421875,14.04478359222412,-14.78054976074219,-15.38492273895264,53.75480835312756,25.56495477965565,12.700570106506348,0.0,-15.593849893493651,13.99161148071289,14.044783592224121,14.044783592224121,587
20191019T060000,NEOGURI,127.3,21.5,30.86664,12.964,15.531058311462402,12.836318016052246,45.4683005971384,442.32114877321885,0.390625,14.703935623168944,-15.335581688537598,-18.03032198394776,32.5043005971384,429.35714877321885,13.030811309814451,0.0,-17.835828690185547,14.707294464111328,14.703935623168945,14.703935623168945,400
20191019T120000,NEOGURI,127.3,21.8,36.01108,9.26,10.405919075012209,13.532236099243164,436.9309026436114,364.306609807673,0.00390625,7.995227813720703,-25.6051609249878,-22.47884390075684,427.6709026436114,355.046609807673,14.862077713012695,0.0,-21.149002286987304,7.97783088684082,7.995227813720703,7.995227813720703,4
20191019T180000,NEOGURI,127.5,22.6,38.5833,9.26,6.350186347961426,14.285778045654297,338.9948119895001,104.3347045332176,0.0,,-32.233113652038575,-24.297521954345704,329.7348119895001,95.0747045332176,13.817169189453123,0.0,-24.76613081054688,,,,0
20191020T000000,NEOGURI,127.9,23.4,38.5833,18.52,19.080299377441406,14.780096054077148,53.65316085852229,59.78647757080928,0.5361328125,19.54340553283692,-19.503000622558595,-23.803203945922853,35.13316085852229,41.26647757080927,19.77688789367676,0.0,-18.806412106323243,19.41924285888672,19.543405532836914,19.543405532836914,549
20191020T060000,NEOGURI,129.0,24.5,36.01108,18.52,15.46717357635498,15.045506477355955,64.77947237463947,131.33817721109915,0.3671875,17.850751876831055,-20.54390642364502,-20.965573522644043,46.25947237463947,112.81817721109915,16.33966636657715,0.0,-19.67141363342285,17.60148811340332,17.850751876831055,17.850751876831055,376
20191020T120000,NEOGURI,130.0,25.5,33.43886,18.52,9.458881378173828,17.208852767944336,445.8675539972236,111.80908101129846,0.0,,-23.97997862182617,-16.230007232055662,427.3475539972236,93.28908101129846,19.640544891357425,0.0,-13.798315108642576,,,,0
20191020T180000,NEOGURI,131.4,27.1,30.86664,27.78,8.412637710571289,18.54130172729492,422.8532838506034,60.24194916852163,0.0,,-22.45400228942871,-12.325338272705078,395.0732838506034,32.46194916852163,20.55983543395996,0.0,-10.30680456604004,,,,0
20191021T000000,NEOGURI,133.0,28.8,30.86664,27.78,19.85772132873535,15.977067947387695,271.9191684021949,203.2894308129609,0.6005859375,26.02863502502441,-11.008918671264649,-14.889572052612303,244.13916840219488,175.5094308129609,24.50802230834961,0.0,-6.358617691650391,24.41210174560547,26.028635025024414,26.028635025024414,615
20191021T060000,NEOGURI,134.3,30.3,28.29442,46.3,19.12345695495605,16.318443298339844,514.3102117478604,291.45908040873417,0.3671875,18.23056030273437,-9.170963045043948,-11.97597670166016,468.0102117478604,245.15908040873416,19.626314163208008,0.0,-8.668105836791991,18.273157119750977,18.230560302734375,18.230560302734375,376
20191029T180000,BULBUL:MATMO,112.8,12.9,18.00554,64.82000000000001,19.81673622131348,18.060646057128903,489.4096526354037,219.7591371534976,0.26171875,19.007413864135746,1.811196221313477,0.0551060571289063,424.5896526354037,154.93913715349754,19.48042678833008,0.0,1.4748867883300782,17.95277976989746,19.007413864135742,19.007413864135742,268
20191030T000000,BULBUL:MATMO,111.7,13.1,23.14998,74.08,11.661102294921877,18.92157745361328,475.23964680746207,225.95908245134632,0.0,,-11.488877705078124,-4.228402546386718,401.1596468074621,151.8790824513463,20.99394798278809,0.0,-2.1560320172119134,,,,0
20191030T060000,BULBUL:MATMO,110.8,13.2,25.7222,64.82000000000001,25.55304908752441,19.95694160461425,100.49965826966132,162.2888941577559,0.1962890625,19.5334415435791,-0.1691509124755867,-5.765258395385743,35.67965826966132,97.46889415775588,21.920045852661133,0.0,-3.802154147338868,19.451576232910156,19.5334415435791,19.5334415435791,201
20191030T120000,BULBUL:MATMO,110.1,13.3,25.7222,64.82000000000001,5.219500541687012,19.07034683227539,436.4485942220199,175.15276207028666,0.0,,-20.50269945831299,-6.65185316772461,371.6285942220199,110.33276207028663,20.464374542236328,0.0,-5.257825457763673,,,,0
20191105T180000,NAKRI,116.0,13.6,18.00554,92.6,20.14888381958008,15.777814865112305,421.6790286312688,256.6836680225437,0.1572265625,17.551673889160156,2.1433438195800782,-2.227725134887695,329.0790286312687,164.0836680225437,16.314533233642578,0.0,-1.6910067663574218,17.094003677368164,17.551673889160156,17.551673889160156,161
20191106T000000,NAKRI,116.3,13.5,18.00554,92.6,19.016433715820312,14.851078987121582,177.13675566747278,244.39618086714364,0.0810546875,16.379863739013672,1.0108937158203126,-3.154461012878418,84.53675566747278,151.79618086714362,15.269135475158691,0.0,-2.7364045248413085,16.34139633178711,16.379863739013672,16.379863739013672,83
20191106T060000,NAKRI,116.5,13.4,20.57776,92.6,6.085487365722656,17.970890045166016,416.1491304502303,174.38505009814654,0.0,,-14.492272634277343,-2.6068699548339858,323.5491304502303,81.78505009814653,19.54210090637207,0.0,-1.035659093627931,,,,0
20191106T120000,NAKRI,116.6,13.4,20.57776,120.38,22.34676742553711,16.05112648010254,141.339478275628,141.79945151179209,0.1318359375,26.05739402770996,1.769007425537108,-4.526633519897462,20.959478275628,21.41945151179208,17.21580696105957,0.0,-3.361953038940431,24.691604614257812,26.05739402770996,26.05739402770996,135
20191106T180000,NAKRI,116.8,13.4,23.14998,120.38,18.20388984680176,20.330549240112305,110.04843051743303,154.88060121473652,0.0859375,18.610212326049805,-4.9460901531982415,-2.819430759887694,-10.331569482566962,34.500601214736506,22.58784866333008,0.0,-0.5621313366699212,18.581850051879883,18.610212326049805,18.610212326049805,88
20191107T000000,NAKRI,117.0,13.4,25.7222,92.6,27.58919906616211,20.55025291442871,99.5149636950038,121.00595287829212,0.064453125,26.17658042907715,1.8669990661621083,-5.17194708557129,6.914963695003806,28.405952878292126,23.929931640625,0.0,-1.7922683593750008,25.44597625732422,26.17658042907715,26.17658042907715,66
20191107T120000,NAKRI,117.2,13.3,30.86664,55.56,26.338951110839844,21.97272491455078,177.00740919029732,112.70409441534562,0.17578125,27.359298706054688,-4.5276888891601565,-8.893915085449219,121.44740919029732,57.14409441534562,25.35964584350586,0.0,-5.506994156494141,27.048954010009766,27.359298706054688,27.359298706054688,180
20191107T180000,NAKRI,117.0,13.1,30.86664,55.56,18.56468391418457,23.526201248168945,425.0929139733112,105.3277449460395,0.013671875,18.545806884765625,-12.30195608581543,-7.340438751831055,369.5329139733112,49.7677449460395,27.29585647583008,0.0,-3.570783524169922,18.284841537475586,18.545806884765625,18.545806884765625,14
20191108T000000,NAKRI,116.8,12.8,30.86664,55.56,33.25575256347656,21.805538177490234,264.812422371674,97.62689926210668,0.125,27.6063232421875,2.389112563476562,-9.061101822509766,209.252422371674,42.06689926210667,25.760629653930664,0.0,-5.106010346069336,27.27703857421875,27.6063232421875,27.6063232421875,128
20191108T120000,NAKRI,116.1,12.5,33.43886,46.3,31.60049057006836,21.618127822875977,89.0179173059263,89.0179173059263,0.130859375,22.55883979797364,-1.8383694299316389,-11.820732177124022,42.7179173059263,42.7179173059263,26.05449867248535,0.0,-7.384361327514647,22.501842498779297,22.558839797973633,22.558839797973633,134
20191108T180000,NAKRI,115.4,12.5,30.86664,46.3,17.813167572021484,23.36094284057617,469.19765795935393,70.58496017573815,0.0,,-13.053472427978516,-7.505697159423828,422.8976579593539,24.284960175738146,26.525781631469727,0.0,-4.340858368530274,,,,0
20191109T000000,NAKRI,114.8,12.4,30.86664,46.3,30.204946517944336,22.93545150756836,197.88838302239023,108.71941616714066,0.2578125,24.65062141418457,-0.6616934820556644,-7.931188492431641,151.58838302239025,62.41941616714066,25.91579246520996,0.0,-4.950847534790039,24.18157386779785,24.65062141418457,24.65062141418457,264
20191109T120000,NAKRI,113.2,12.5,28.29442,46.3,22.87606239318848,21.180889129638672,135.70357721798328,99.1266592790436,0.1181640625,27.57872200012207,-5.418357606811526,-7.1135308703613305,89.40357721798327,52.8266592790436,24.400165557861328,0.0,-3.894254442138671,25.7492733001709,27.57872200012207,27.57872200012207,121
20191109T180000,NAKRI,112.6,12.6,28.29442,46.3,12.740392684936523,22.05324935913086,450.71334275705954,86.218628968274,0.0,,-15.55402731506348,-6.241170640869143,404.4133427570595,39.918628968274,25.03921699523925,0.0,-3.255203004760741,,,,0
20191110T000000,NAKRI,111.7,12.6,28.29442,46.3,32.727317810058594,23.61042022705078,35.37569172260879,56.133732706616826,0.2216796875,32.161617279052734,4.432897810058591,-4.683999772949221,-10.924308277391212,9.83373270661682,27.09087562561035,0.0,-1.2035443743896472,30.91794776916504,32.161617279052734,32.161617279052734,227
20191110T120000,NAKRI,109.9,12.7,25.7222,101.86,16.414905548095703,20.240657806396484,204.75209376081904,80.75235964491245,0.1220703125,15.625109672546388,-9.307294451904298,-5.4815421936035165,102.89209376081904,-21.10764035508756,22.299110412597656,0.0,-3.4230895874023446,15.511122703552246,15.625109672546387,15.625109672546387,125
20191110T180000,NAKRI,109.3,12.8,20.57776,55.56,17.525341033935547,13.197731971740724,296.4694549705983,427.7685426082216,0.0,,-3.0524189660644545,-7.380028028259279,240.9094549705983,372.2085426082216,13.43004035949707,0.0,-7.147719640502931,,,,0
20191114T120000,KALMAEGI,126.5,15.7,18.00554,157.42000000000002,18.9036922454834,16.431264877319336,382.0272576080381,281.1704239180427,0.359375,18.65853309631348,0.8981522454833986,-1.574275122680664,224.60725760803808,123.75042391804266,16.541669845581055,0.0,-1.4638701544189452,18.454830169677734,18.658533096313477,18.658533096313477,368
20191114T180000,KALMAEGI,126.2,16.0,18.00554,129.64,16.495044708251953,14.768427848815918,609.4258222854461,350.3919752064134,0.2109375,15.803736686706545,-1.5104952917480468,-3.237112151184082,479.7858222854461,220.7519752064134,15.052103996276855,0.0,-2.9534360037231444,15.543535232543945,15.803736686706543,15.803736686706543,216
20191115T000000,KALMAEGI,126.0,16.4,18.00554,111.12,10.833105087280272,14.210835456848145,562.9378376930543,278.0610062194767,0.0,,-7.172434912719726,-3.7947045431518553,451.8178376930544,166.94100621947672,14.572303771972656,0.0,-3.433236228027344,,,,0
20191115T060000,KALMAEGI,126.0,16.4,18.00554,111.12,8.40345573425293,14.708224296569824,288.6689755497524,263.65598354207185,0.013671875,9.305859565734863,-9.60208426574707,-3.297315703430176,177.5489755497524,152.53598354207185,15.044438362121582,0.0,-2.961101637878418,9.274707794189453,9.305859565734863,9.305859565734863,14
20191115T120000,KALMAEGI,126.1,16.4,18.00554,185.2,14.60403060913086,13.85025405883789,293.9586906852151,318.143899533622,0.3115234375,13.87998104095459,-3.4015093908691405,-4.155285941162109,108.7586906852151,132.943899533622,13.986042022705078,0.0,-4.019497977294922,13.799919128417969,13.87998104095459,13.87998104095459,319
20191115T180000,KALMAEGI,126.2,16.3,18.00554,101.86,15.215055465698242,13.68950080871582,510.2359522070837,281.75829524466815,0.3427734375,17.334985733032227,-2.7904845343017577,-4.31603919128418,408.3759522070837,179.89829524466813,14.333932876586914,0.0,-3.671607123413086,16.91021156311035,17.334985733032227,17.334985733032227,351
20191116T000000,KALMAEGI,126.2,16.1,18.00554,92.6,7.326160907745361,13.659509658813477,251.5843718353794,200.37387537954044,0.0,,-10.67937909225464,-4.346030341186523,158.98437183537936,107.77387537954044,14.525684356689451,0.0,-3.4798556433105468,,,,0
20191116T060000,KALMAEGI,126.1,15.9,18.00554,92.6,9.773042678833008,13.433836936950684,232.1291956670367,236.94249459163825,0.03125,10.929027557373049,-8.232497321166992,-4.571703063049316,139.52919566703667,144.34249459163823,13.144644737243652,0.0,-4.860895262756348,10.710415840148926,10.929027557373047,10.929027557373047,32
20191116T120000,KALMAEGI,125.9,15.9,18.00554,92.6,34.91313934326172,13.033868789672852,171.23890113480488,296.7898708094596,0.1357421875,12.927594184875488,16.90759934326172,-4.971671210327148,78.63890113480487,204.1898708094596,12.894558906555176,0.0,-5.110981093444824,12.90252685546875,12.927594184875488,12.927594184875488,139
20191116T180000,KALMAEGI,125.6,15.9,18.00554,92.6,15.482582092285156,13.336336135864258,350.2251941143114,112.31393453545692,0.3505859375,16.53923988342285,-2.522957907714844,-4.669203864135742,257.6251941143114,19.713934535456914,13.175661087036133,0.0,-4.829878912963867,15.828289985656738,16.53923988342285,16.53923988342285,359
20191117T000000,KALMAEGI,125.2,16.1,18.00554,74.08,6.670660495758057,15.652870178222656,290.92191692660657,114.66225211205796,0.0,,-11.334879504241943,-2.352669821777344,216.8419169266066,40.58225211205797,16.282014846801758,0.0,-1.723525153198242,,,,0
20191117T060000,KALMAEGI,124.8,16.5,20.57776,46.3,16.69989776611328,16.044103622436523,240.85161478405928,133.87584079941914,0.0888671875,15.238865852355955,-3.87786223388672,-4.533656377563478,194.55161478405927,87.57584079941913,16.370372772216797,0.0,-4.2073872277832045,15.386490821838379,15.238865852355957,15.238865852355957,91
20191117T120000,KALMAEGI,124.2,16.8,23.14998,37.04,34.95979309082031,15.76474952697754,400.2102256539166,154.68633818232576,0.0625,16.153696060180664,11.809813090820311,-7.38523047302246,363.1702256539166,117.64633818232576,17.029579162597656,0.0,-6.120400837402343,15.805521965026855,16.153696060180664,16.153696060180664,64
20191117T180000,KALMAEGI,123.8,17.2,23.14998,46.3,16.257526397705078,15.578718185424805,50.77450206832349,136.4711495994806,0.3212890625,17.62314796447754,-6.892453602294921,-7.571261814575195,4.474502068323488,90.1711495994806,15.31155490875244,0.0,-7.838425091247558,17.44688606262207,17.62314796447754,17.62314796447754,329
20191118T000000,KALMAEGI,123.4,17.5,25.7222,37.04,7.644900321960449,16.372488021850586,354.2400697407172,180.05088950980115,0.0,,-18.07729967803955,-9.349711978149417,317.2000697407172,143.01088950980116,17.12319564819336,0.0,-8.599004351806641,,,,0
20191118T060000,KALMAEGI,123.1,18.1,30.86664,9.26,26.242509841918945,18.26302719116211,185.94081378969187,141.79796934708403,0.0986328125,17.10337257385254,-4.624130158081055,-12.603612808837893,176.68081378969188,132.53796934708404,19.3188591003418,0.0,-11.547780899658203,17.153274536132812,17.10337257385254,17.10337257385254,101
20191118T120000,KALMAEGI,122.9,18.8,33.43886,22.224,21.85280036926269,18.403152465820312,589.5464840347539,68.1685491482345,0.0546875,21.178590774536133,-11.586059630737305,-15.035707534179686,567.3224840347539,45.9445491482345,19.941699981689453,0.0,-13.497160018310543,20.673742294311523,21.178590774536133,21.178590774536133,56
20191118T180000,KALMAEGI,122.6,19.1,36.01108,27.78,44.35660934448242,21.105899810791016,58.4969301033705,82.02735752465209,0.287109375,24.79527282714844,8.345529344482422,-14.905180189208984,30.7169301033705,54.24735752465209,25.29022026062012,0.0,-10.720859739379884,24.770410537719727,24.795272827148438,24.795272827148438,294
20191119T060000,KALMAEGI,122.6,19.3,36.01108,27.78,32.0471305847168,24.136568069458008,241.6984031452752,102.637980530016,0.1240234375,33.94205474853516,-3.963949415283203,-11.874511930541992,213.9184031452752,74.85798053001601,28.961814880371094,0.0,-7.049265119628906,31.681222915649414,33.942054748535156,33.942054748535156,127
20191119T120000,KALMAEGI,122.5,19.3,36.01108,27.78,26.31045150756836,21.803863525390625,599.632753986448,136.24218361141726,0.00390625,20.06217765808105,-9.70062849243164,-14.207216474609377,571.8527539864481,108.46218361141726,26.828187942504883,0.0,-9.182892057495115,19.69245147705078,20.062177658081055,20.062177658081055,4
20191119T180000,KALMAEGI,122.2,18.5,23.14998,27.78,22.25057029724121,20.42247009277344,374.0201725848688,149.163117721748,0.25390625,24.01142120361328,-0.8994097027587884,-2.727509907226562,346.2401725848688,121.383117721748,22.969690322875977,0.0,-0.1802896771240227,23.929628372192383,24.01142120361328,24.01142120361328,260
20191120T060000,FUNG-WONG,127.3,17.7,20.57776,83.34,21.05809211730957,17.185218811035156,508.5652408709305,130.89375954184212,0.2548828125,20.367416381835938,0.4803321173095689,-3.392541188964845,425.2252408709305,47.55375954184211,18.35360717773437,0.0,-2.2241528222656264,20.360469818115234,20.367416381835938,20.367416381835938,261
20191120T120000,FUNG-WONG,126.1,18.7,23.14998,138.9,42.6277961730957,17.975910186767578,479.5751124274132,158.47445856184024,0.0615234375,18.45671463012696,19.477816173095704,-5.174069813232421,340.6751124274132,19.57445856184023,24.830785751342773,0.0,1.680805751342774,18.447114944458008,18.456714630126953,18.456714630126953,63
20191120T180000,FUNG-WONG,125.4,19.6,25.7222,46.3,20.28459358215332,20.0240478515625,503.6720552260162,137.47195953340145,0.3349609375,22.63252067565918,-5.4376064178466805,-5.698152148437501,457.3720552260162,91.17195953340143,22.65749931335449,0.0,-3.0647006866455087,22.52518653869629,22.63252067565918,22.63252067565918,343
20191121T060000,FUNG-WONG,124.3,20.6,28.29442,37.04,24.9455795288086,19.292137145996094,133.39107984532703,73.19805556955306,0.208984375,19.491256713867188,-3.3488404711914086,-9.002282854003909,96.35107984532704,36.15805556955306,20.89719581604004,0.0,-7.39722418395996,19.684938430786133,19.491256713867188,19.491256713867188,214
20191121T120000,FUNG-WONG,124.2,21.3,25.7222,37.04,19.162282943725582,18.28462028503418,539.6535883947614,72.62644243111228,0.1298828125,15.68471908569336,-6.559917056274415,-7.437579714965821,502.6135883947614,35.58644243111228,17.77261734008789,0.0,-7.94958265991211,15.626289367675781,15.68471908569336,15.68471908569336,133
20191121T180000,FUNG-WONG,124.3,22.0,25.7222,37.04,18.424331665039062,18.317302703857425,512.3294890253526,77.12021976070841,0.23046875,18.840356826782227,-7.297868334960938,-7.404897296142579,475.28948902535257,40.08021976070841,18.86202621459961,0.0,-6.860173785400392,18.5673770904541,18.840356826782227,18.840356826782227,236
20191122T060000,FUNG-WONG,125.2,23.8,18.00554,46.3,18.66167640686035,16.25365447998047,369.8479884937682,429.2015671002861,0.177734375,16.921968460083008,0.6561364068603517,-1.7518855200195311,323.5479884937682,382.9015671002861,16.645206451416016,0.0,-1.3603335485839845,16.911691665649414,16.921968460083008,16.921968460083008,182
20191127T060000,KAMMURI,141.0,11.5,25.7222,46.3,24.12093544006348,19.96550178527832,527.7349090417849,158.23218725241878,0.1103515625,20.53300094604492,-1.6012645599365245,-5.7566982147216805,481.4349090417849,111.93218725241876,22.12810707092285,0.0,-3.5940929290771493,20.4599666595459,20.533000946044922,20.533000946044922,113
20191127T120000,KAMMURI,140.1,11.5,28.29442,27.78,15.83069896697998,19.16045379638672,454.0031345493089,154.8363337901674,0.1162109375,16.510353088378906,-12.463721033020022,-9.133966203613284,426.22313454930895,127.0563337901674,22.27396774291992,0.0,-6.020452257080077,16.142234802246094,16.510353088378906,16.510353088378906,119
20191127T180000,KAMMURI,139.5,11.8,30.86664,46.3,8.388590812683105,18.457563400268555,403.4797799403976,152.85538449841405,0.0,,-22.47804918731689,-12.409076599731446,357.1797799403976,106.55538449841404,18.92881774902344,0.0,-11.937822250976565,,,,0
20191128T000000,KAMMURI,138.9,12.1,33.43886,46.3,17.539400100708008,19.548683166503903,334.7062436457692,152.78030536871674,0.1953125,17.27684211730957,-15.89945989929199,-13.890176833496092,288.4062436457692,106.48030536871671,19.2724552154541,0.0,-14.166404784545897,17.36874771118164,17.27684211730957,17.27684211730957,200
20191128T060000,KAMMURI,138.6,12.7,33.43886,46.3,16.81151008605957,19.405879974365234,319.610747087872,94.93703916833172,0.1201171875,14.858111381530762,-16.627349913940428,-14.032980025634764,273.310747087872,48.63703916833172,21.946691513061523,0.0,-11.492168486938477,14.954191207885742,14.858111381530762,14.858111381530762,123
20191128T120000,KAMMURI,138.4,13.5,33.43886,27.78,26.702661514282227,20.06944274902344,180.7121051980661,160.12662311544136,0.15625,22.144222259521484,-6.736198485717772,-13.36941725097656,152.9321051980661,132.34662311544136,22.166973114013672,0.0,-11.271886885986326,21.32901954650879,22.144222259521484,22.144222259521484,160
20191128T180000,KAMMURI,138.4,14.1,36.01108,46.3,7.063239097595215,19.86156845092773,140.7796666143596,186.0425134929228,0.0,,-28.947840902404785,-16.149511549072265,94.4796666143596,139.7425134929228,22.19047737121582,0.0,-13.82060262878418,,,,0
20191129T000000,KAMMURI,138.0,14.3,36.01108,46.3,18.27370262145996,19.908058166503903,121.48454417537371,121.48454417537646,0.2314453125,20.291786193847656,-17.73737737854004,-16.103021833496094,75.18454417537373,75.18454417537646,19.95362091064453,0.0,-16.05745908935547,20.02504539489746,20.291786193847656,20.291786193847656,237
20191129T060000,KAMMURI,137.7,14.3,36.01108,37.04,25.31499671936035,18.658935546875,340.9988157891211,196.2546755784226,0.1591796875,19.90171813964844,-10.696083280639648,-17.352144453125,303.9588157891211,159.2146755784226,19.913330078125,0.0,-16.097749921875,20.68487548828125,19.901718139648438,19.901718139648438,163
20191129T120000,KAMMURI,137.3,14.2,36.01108,37.04,34.568050384521484,19.48866271972656,342.4038526520912,170.7583420500112,0.16015625,28.03254508972168,-1.4430296154785154,-16.522417280273437,305.3638526520912,133.71834205001122,20.5528621673584,0.0,-15.4582178326416,27.934764862060547,28.03254508972168,28.03254508972168,164
20191129T180000,KAMMURI,136.7,14.0,36.01108,37.04,6.205785751342773,21.21759033203125,617.9964755360844,90.06551394019291,0.0,,-29.805294248657223,-14.79348966796875,580.9564755360844,53.02551394019292,24.354047775268555,0.0,-11.657032224731443,,,,0
20191130T000000,KAMMURI,135.9,13.8,36.01108,55.56,22.625492095947266,20.822067260742188,496.3115108493202,143.60500402770327,0.26171875,26.13169479370117,-13.385587904052734,-15.189012739257812,440.7515108493202,88.04500402770327,26.6417236328125,0.0,-9.3693563671875,25.44025993347168,26.131694793701172,26.131694793701172,268
20191130T060000,KAMMURI,135.0,13.5,38.5833,55.56,21.054128646850582,21.81952857971192,359.95788505671703,158.14697368979438,0.1259765625,19.96150779724121,-17.529171353149415,-16.763771420288087,304.39788505671703,102.58697368979438,24.386377334594727,0.0,-14.196922665405276,19.96311378479004,19.96150779724121,19.96150779724121,129
20191130T120000,KAMMURI,133.7,13.3,38.5833,55.56,29.060806274414062,21.91011047363281,452.25479369302406,164.35425916498252,0.2158203125,25.57773399353028,-9.52249372558594,-16.67318952636719,396.69479369302405,108.79425916498252,25.758337020874023,0.0,-12.824962979125978,25.100479125976562,25.577733993530273,25.577733993530273,221
20191201T000000,KAMMURI,131.1,13.2,38.5833,55.56,17.62221336364746,21.079561233520508,171.58280784295627,128.17719334952503,0.2734375,20.3679256439209,-20.96108663635254,-17.503738766479493,116.02280784295628,72.61719334952502,23.15505790710449,0.0,-15.428242092895507,19.60091781616211,20.3679256439209,20.3679256439209,280
20191201T060000,KAMMURI,130.0,13.2,38.5833,46.3,17.277536392211914,20.52092933654785,429.19884443725823,142.9139330659836,0.080078125,16.030515670776367,-21.305763607788087,-18.06237066345215,382.8988444372582,96.6139330659836,22.501035690307617,0.0,-16.082264309692384,16.018848419189453,16.030515670776367,16.030515670776367,82
20191201T120000,KAMMURI,129.0,13.1,38.5833,37.04,24.51007652282715,22.68370056152344,142.1673708575727,170.38740359980687,0.232421875,25.975208282470703,-14.073223477172853,-15.899599438476564,105.12737085757274,133.34740359980688,25.436691284179688,0.0,-13.146608715820314,23.870887756347656,25.975208282470703,25.975208282470703,238
20191202T000000,KAMMURI,126.6,12.9,41.15552,22.224,34.014930725097656,24.79240608215332,60.63363764647696,95.61289066487927,0.1513671875,32.31401062011719,-7.1405892749023465,-16.363113917846682,38.40963764647695,73.38889066487928,27.589073181152344,0.0,-13.56644681884766,30.02813720703125,32.31401062011719,32.31401062011719,155
20191202T060000,KAMMURI,125.7,13.0,43.72774,22.224,58.452449798583984,27.86218643188477,404.670025432649,72.03044851451548,0.0263671875,31.326982498168945,14.72470979858398,-15.86555356811524,382.446025432649,49.80644851451548,33.6170539855957,0.0,-10.110686014404294,31.12874984741211,31.326982498168945,31.326982498168945,27
20191202T120000,KAMMURI,124.7,12.9,46.29996,50.004000000000005,42.49003982543945,27.57439041137696,136.45491738057584,90.17827658233904,0.1328125,31.936267852783203,-3.8099201745605455,-18.72556958862305,86.45091738057583,40.17427658233905,33.46491622924805,0.0,-12.835043770751952,32.16445541381836,31.936267852783203,31.936267852783203,136
20191203T000000,KAMMURI,122.2,13.1,41.15552,27.78,22.25543975830078,24.13861083984375,606.3789337982138,68.14783953798639,0.1181640625,18.12331199645996,-18.90008024169922,-17.016909160156253,578.5989337982138,40.367839537986384,27.33422470092773,0.0,-13.821295299072268,18.10799789428711,18.12331199645996,18.12331199645996,121
20191203T060000,KAMMURI,121.0,13.2,36.01108,37.04,24.26529312133789,24.20157814025879,564.3216687952216,68.18293723972283,0.0,,-11.74578687866211,-11.80950185974121,527.2816687952217,31.14293723972284,28.70782852172852,0.0,-7.303251478271484,,,,0
20191203T120000,KAMMURI,119.9,13.4,33.43886,37.04,22.62364196777344,20.37749481201172,422.4585969498827,87.4459592440761,0.1396484375,25.370512008666992,-10.81521803222656,-13.06136518798828,385.4185969498826,50.40595924407611,25.50562858581543,0.0,-7.933231414184569,24.74703025817871,25.370512008666992,25.370512008666992,143
20191204T000000,KAMMURI,117.9,14.1,25.7222,37.04,29.51332092285156,22.50096893310547,379.6369202031992,58.43941778586333,0.2490234375,22.409807205200195,3.7911209228515617,-3.221231066894532,342.59692020319915,21.39941778586333,27.71905899047852,0.0,1.9968589904785148,22.379043579101562,22.409807205200195,22.409807205200195,255
20191204T060000,KAMMURI,117.1,14.3,25.7222,55.56,24.478837966918945,21.37674903869629,489.7694556908589,129.98143806602334,0.0,,-1.2433620330810555,-4.345450961303712,434.2094556908589,74.42143806602334,24.93386650085449,0.0,-0.7883334991455087,,,,0
20191204T120000,KAMMURI,116.3,14.5,23.14998,55.56,25.683528900146484,19.70453834533692,432.2715566189098,126.49764069333486,0.1455078125,23.56686782836914,2.533548900146485,-3.4454416546630853,376.7115566189098,70.93764069333486,24.05458641052246,0.0,0.9046064105224616,23.492563247680664,23.56686782836914,23.56686782836914,149
20191205T000000,KAMMURI,114.4,14.4,18.00554,55.56,27.71671295166016,19.167383193969727,146.98881243390244,122.271452953516,0.2646484375,29.51237678527832,9.711172951660156,1.161843193969727,91.42881243390244,66.71145295351599,22.40038299560547,0.0,4.394842995605469,27.254201889038086,29.51237678527832,29.51237678527832,271
20191205T060000,KAMMURI,113.7,13.8,18.00554,55.56,46.72758102416992,18.42023468017578,189.5968352230656,143.30004579045146,0.0,,28.72204102416992,0.4146946801757813,134.0368352230656,87.74004579045146,20.306055068969727,0.0,2.3005150689697267,,,,0
20191205T120000,KAMMURI,113.3,13.0,18.00554,55.56,19.17930030822754,17.750551223754883,517.8943345806224,182.0544824128509,0.1875,20.129976272583008,1.1737603082275392,-0.254988776245117,462.3343345806224,126.49448241285094,18.820348739624023,0.0,0.8148087396240236,19.9630069732666,20.129976272583008,20.129976272583008,192
20191222T120000,PHANFONE,136.7,8.5,18.00554,64.82000000000001,23.030555725097656,13.46352767944336,208.6527165491441,222.6462879291794,0.2744140625,21.33570098876953,5.025015725097656,-4.5420123205566405,143.83271654914415,157.8262879291794,13.498388290405272,0.0,-4.507151709594726,20.79239845275879,21.33570098876953,21.33570098876953,281
20191222T180000,PHANFONE,135.2,9.1,18.00554,64.82000000000001,14.45334529876709,13.17001247406006,216.1285762603972,216.1285762603972,0.244140625,14.439423561096191,-3.55219470123291,-4.835527525939941,151.30857626039716,151.30857626039716,13.914998054504396,0.0,-4.090541945495605,14.323503494262695,14.439423561096191,14.439423561096191,250
20191223T000000,PHANFONE,133.6,9.6,20.57776,55.56,14.60255527496338,14.392983436584473,286.47570046379406,137.2093132187468,0.244140625,17.45589828491211,-5.975204725036623,-6.184776563415529,230.91570046379405,81.64931321874678,14.424715995788574,0.0,-6.153044004211427,17.23123550415039,17.45589828491211,17.45589828491211,250
20191223T060000,PHANFONE,132.0,10.1,23.14998,55.56,7.502770900726318,13.481590270996094,177.90622525822576,225.582357294232,0.0,,-15.64720909927368,-9.668389729003906,122.34622525822576,170.022357294232,14.26632022857666,0.0,-8.88365977142334,,,,0
20191223T120000,PHANFONE,130.8,10.5,25.7222,55.56,43.14988708496094,12.851606369018556,308.7583228044947,221.4942978873116,0.23046875,16.578369140625,17.427687084960937,-12.870593630981446,253.1983228044947,165.93429788731157,12.80130386352539,0.0,-12.92089613647461,16.361661911010742,16.578369140625,16.578369140625,236
20191223T180000,PHANFONE,129.4,10.7,28.29442,37.04,22.07057762145996,14.173250198364258,92.19191062323532,177.0634130160256,0.1787109375,18.070575714111328,-6.223842378540041,-14.121169801635745,55.15191062323532,140.0234130160256,13.670461654663086,0.0,-14.623958345336913,17.927188873291016,18.070575714111328,18.070575714111328,183
20191224T000000,PHANFONE,127.9,10.8,33.43886,27.78,16.629150390625,17.16461944580078,85.04890233827665,176.83853317403495,0.1787109375,16.33883285522461,-16.809709609375,-16.274240554199217,57.268902338276646,149.05853317403495,17.596176147460938,0.0,-15.84268385253906,16.124603271484375,16.33883285522461,16.33883285522461,183
20191224T060000,PHANFONE,126.4,11.0,36.01108,27.78,8.60144329071045,16.70130729675293,421.038614029209,125.12393446961548,0.0,,-27.40963670928955,-19.30977270324707,393.258614029209,97.34393446961548,16.947145462036133,0.0,-19.063934537963867,,,,0
20191224T120000,PHANFONE,124.9,11.4,38.5833,27.78,16.115705490112305,17.016830444335938,304.4699787219524,135.79771381507229,0.1103515625,15.766276359558104,-22.467594509887697,-21.566469555664064,276.68997872195234,108.01771381507228,18.09250259399414,0.0,-20.49079740600586,15.497265815734863,15.766276359558105,15.766276359558105,113
20191224T180000,PHANFONE,123.4,11.7,41.15552,22.224,12.897629737854004,17.364320755004883,425.1694586551104,81.27993513018836,0.037109375,12.378296852111816,-28.257890262146,-23.79119924499512,402.9454586551104,59.05593513018836,18.73099136352539,0.0,-22.42452863647461,12.058252334594727,12.378296852111816,12.378296852111816,38
20191225T000000,PHANFONE,122.4,11.8,38.5833,27.78,12.456326484680176,16.75847816467285,397.5310425241612,68.45757907250514,0.0908203125,20.232425689697266,-26.126973515319825,-21.82482183532715,369.7510425241612,40.67757907250514,17.761798858642578,0.0,-20.821501141357423,19.865896224975586,20.232425689697266,20.232425689697266,93
20191225T060000,PHANFONE,121.3,12.2,36.01108,22.224,7.699291706085205,16.927703857421875,605.8298652347994,145.26717396403717,0.0,,-28.311788293914795,-19.083376142578125,583.6058652347994,123.04317396403717,17.554834365844727,0.0,-18.45624563415528,,,,0
20191225T120000,PHANFONE,120.1,12.6,33.43886,22.224,9.898390769958496,15.273885726928713,155.47273007973334,58.44020958316586,0.0595703125,9.27060604095459,-23.540469230041506,-18.164974273071287,133.24873007973335,36.21620958316586,15.901683807373049,0.0,-17.53717619262695,9.221400260925293,9.27060604095459,9.27060604095459,61
20191225T180000,PHANFONE,119.3,12.8,28.29442,22.224,12.531132698059082,15.797849655151367,223.33577267742567,96.42599367427368,0.044921875,14.62287712097168,-15.76328730194092,-12.496570344848635,201.1117726774258,74.20199367427367,15.665567398071287,0.0,-12.62885260192871,14.521745681762695,14.62287712097168,14.62287712097168,46
20191226T000000,PHANFONE,118.6,13.1,33.43886,22.224,27.04172706604004,16.350914001464844,203.71871230799744,86.21845461843111,0.109375,23.39005470275879,-6.397132933959959,-17.087945998535155,181.49471230799745,63.99445461843111,17.047672271728516,0.0,-16.391187728271483,22.76905059814453,23.39005470275879,23.39005470275879,112
20191226T060000,PHANFONE,118.0,13.4,38.5833,9.26,6.103777885437012,18.24205017089844,471.5918156969914,90.21802696023934,0.0,,-32.47952211456299,-20.341249829101564,462.3318156969914,80.95802696023934,19.976781845092773,0.0,-18.606518154907228,,,,0
20191226T120000,PHANFONE,117.7,13.9,33.43886,18.52,14.197211265563965,17.708093643188477,545.9968683203273,43.07381737544011,0.123046875,20.82714080810547,-19.24164873443604,-15.730766356811522,527.4768683203273,24.553817375440108,22.2803955078125,0.0,-11.158464492187498,19.046119689941406,20.82714080810547,20.82714080810547,126
20191226T180000,PHANFONE,117.3,14.3,30.86664,18.52,17.658775329589844,18.892410278320312,427.733397735761,37.02960244335593,0.029296875,16.362390518188477,-13.207864670410157,-11.974229721679688,409.213397735761,18.509602443355927,20.60120391845703,0.0,-10.265436081542967,16.030439376831055,16.362390518188477,16.362390518188477,30
20191227T000000,PHANFONE,117.0,14.6,28.29442,18.52,20.347885131835938,17.420753479003906,588.9140934754769,13.73405418556644,0.26171875,24.19246292114257,-7.946534868164065,-10.873666520996096,570.3940934754769,-4.785945814433559,19.09416961669922,0.0,-9.20025038330078,23.159406661987305,24.192462921142578,24.192462921142578,268
20191227T120000,PHANFONE,116.2,14.8,23.14998,37.04,18.33287048339844,17.879419326782227,539.616663129485,119.80479459270958,0.2109375,20.68854141235352,-4.817109516601562,-5.270560673217773,502.576663129485,82.76479459270959,18.863710403442383,0.0,-4.2862695965576165,20.242603302001953,20.688541412353516,20.688541412353516,216
20191227T180000,PHANFONE,115.7,14.7,18.00554,37.04,26.63881492614746,18.273914337158203,400.92745249062335,115.94194156054998,0.0517578125,17.194110870361328,8.633274926147461,0.2683743371582032,363.8874524906233,78.90194156054997,19.90450668334961,0.0,1.8989666833496093,16.29103660583496,17.194110870361328,17.194110870361328,53
20200512T180000,VONGFONG,129.2,11.7,20.57776,27.78,10.250506401062012,14.81983470916748,50.18724744950846,130.907885492942,0.244140625,10.78693675994873,-10.32725359893799,-5.757925290832521,22.40724744950846,103.127885492942,14.900991439819336,0.0,-5.6767685601806654,10.537765502929688,10.78693675994873,10.78693675994873,250
20200513T000000,VONGFONG,128.9,11.9,25.7222,27.78,8.831321716308594,13.292051315307615,291.5719744031955,84.24184979844517,0.0,,-16.890878283691407,-12.430148684692384,263.79197440319547,56.46184979844517,13.810864448547363,0.0,-11.911335551452638,,,,0
20200513T060000,VONGFONG,128.4,12.0,30.86664,27.78,15.27660846710205,13.465131759643556,89.24879372483099,125.1237141778093,0.1796875,13.3140287399292,-15.59003153289795,-17.401508240356446,61.46879372483099,97.3437141778093,13.63945198059082,0.0,-17.22718801940918,13.4454345703125,13.3140287399292,13.3140287399292,184
20200513T180000,VONGFONG,127.0,12.2,41.15552,9.26,13.674834251403809,14.634138107299805,159.0308608539126,110.60901563750272,0.142578125,14.49704933166504,-27.4806857485962,-26.5213818927002,149.7708608539126,101.3490156375027,15.199787139892578,0.0,-25.955732860107425,13.840136528015137,14.497049331665039,14.497049331665039,146
20200514T000000,VONGFONG,126.2,12.1,43.72774,9.26,10.932402610778809,15.417163848876951,202.67120640806075,114.26498215049506,0.0,,-32.7953373892212,-28.31057615112305,193.4112064080608,105.00498215049504,16.558216094970703,0.0,-27.16952390502929,,,,0
20200514T060000,VONGFONG,125.3,12.2,43.72774,9.26,18.57729721069336,17.65506362915039,58.98251911188089,82.93317441912535,0.1630859375,18.46933364868164,-25.150442789306645,-26.072676370849614,49.72251911188089,73.67317441912535,19.23856544494629,0.0,-24.489174555053708,18.205251693725586,18.46933364868164,18.46933364868164,167
20200514T180000,VONGFONG,123.6,12.6,33.43886,9.26,13.77976417541504,14.991256713867188,226.35758062528583,102.30418460531573,0.1259765625,12.662858963012695,-19.65909582458496,-18.44760328613281,217.09758062528584,93.0441846053157,16.22606658935547,0.0,-17.21279341064453,12.614998817443848,12.662858963012695,12.662858963012695,129
20200515T000000,VONGFONG,122.7,13.3,33.43886,9.26,23.10257148742676,14.832396507263184,399.0483327718246,139.99844187968782,0.0,,-10.33628851257324,-18.60646349273681,389.7883327718246,130.73844187968783,14.354884147644045,0.0,-19.083975852355955,,,,0
20200515T060000,VONGFONG,122.0,13.9,25.7222,18.52,12.63227367401123,16.069229125976562,287.9295467432103,81.7340497882313,0.15625,13.134093284606934,-13.08992632598877,-9.652970874023438,269.40954674321034,63.21404978823131,17.16496467590332,0.0,-8.55723532409668,12.89436149597168,13.134093284606934,13.134093284606934,160
20200515T180000,VONGFONG,120.7,16.1,18.00554,18.52,12.832564353942873,12.963571548461914,229.52426474179148,149.3765742348218,0.2568359375,14.343636512756348,-5.172975646057129,-5.041968451538086,211.00426474179147,130.85657423482178,13.563401222229004,0.0,-4.442138777770996,13.542469024658203,14.343636512756348,14.343636512756348,263
20200516T000000,VONGFONG,120.1,17.5,18.00554,18.52,11.382826805114746,12.260254859924316,259.81647248382086,180.7110256708071,0.0166015625,11.089197158813477,-6.622713194885254,-5.745285140075684,241.29647248382085,162.19102567080708,14.98790168762207,0.0,-3.0176383123779296,10.905229568481445,11.089197158813477,11.089197158813477,17
20200516T060000,VONGFONG,119.9,18.5,18.00554,37.04,12.050400733947754,13.770695686340332,146.47212331142168,123.94032985371976,0.16796875,12.989957809448242,-5.955139266052246,-4.234844313659668,109.43212331142168,86.90032985371977,14.61509609222412,0.0,-3.390443907775879,13.013710975646973,12.989957809448242,12.989957809448242,172
20200612T120000,NURI,117.6,17.1,18.00554,74.08,13.61152172088623,14.901878356933594,329.3947732227147,241.7838549862332,0.1806640625,14.357248306274414,-4.394018279113769,-3.103661643066406,255.3147732227148,167.70385498623313,16.280502319335938,0.0,-1.7250376806640624,14.029149055480957,14.357248306274414,14.357248306274414,185
20200612T180000,NURI,116.6,17.8,18.00554,74.08,15.201276779174805,14.539915084838867,446.3416411746724,293.84852748485145,0.1044921875,14.36077117919922,-2.804263220825195,-3.4656249151611327,372.2616411746724,219.76852748485143,13.713593482971191,0.0,-4.2919465170288085,14.315815925598145,14.360771179199219,14.360771179199219,107
20200613T000000,NURI,115.9,18.6,20.57776,74.08,5.46347188949585,14.130306243896484,465.77327365173056,236.28132292482067,0.0,,-15.114288110504152,-6.447453756103517,391.6932736517306,162.20132292482066,13.903152465820312,0.0,-6.674607534179689,,,,0
20200613T060000,NURI,115.1,19.4,20.57776,74.08,14.438340187072754,14.13505744934082,196.8012806691416,118.59314589947444,0.3720703125,16.84854507446289,-6.139419812927248,-6.442702550659181,122.72128066914156,44.51314589947444,13.702073097229004,0.0,-6.8756869027709975,16.595571517944336,16.84854507446289,16.84854507446289,381
20200613T120000,NURI,114.1,20.1,18.00554,74.08,13.049541473388672,13.606395721435549,467.6803020552081,143.41861818400778,0.1748046875,16.929218292236328,-4.955998526611328,-4.399144278564453,393.60030205520815,69.33861818400779,14.97310733795166,0.0,-3.03243266204834,16.207748413085938,16.929218292236328,16.929218292236328,179
20200613T180000,NURI,113.2,20.8,18.00554,55.56,11.347750663757324,12.49994659423828,486.7044143697617,210.6747107386888,0.025390625,10.775714874267578,-6.657789336242676,-5.505593405761719,431.1444143697617,155.1147107386888,11.703880310058594,0.0,-6.301659689941406,10.757603645324707,10.775714874267578,10.775714874267578,26
20200801T000000,SINLAKU,110.5,18.1,18.00554,185.2,7.365522861480713,14.724843978881836,431.95331740319074,403.31975427888506,0.0,,-10.640017138519289,-3.280696021118164,246.75331740319072,218.11975427888504,17.878948211669922,0.0,-0.126591788330078,,,,0
20200801T060000,HAGUPIT,127.9,20.8,18.00554,83.34,12.292701721191406,13.135512351989746,174.31424110873576,149.16166766725777,0.3671875,12.429762840270996,-5.712838278808594,-4.870027648010254,90.97424110873575,65.82166766725777,14.13230037689209,0.0,-3.87323962310791,12.344597816467285,12.429762840270996,12.429762840270996,376
20200801T120000,HAGUPIT,127.0,21.3,18.00554,83.34,21.950803756713867,13.753291130065918,228.82601456871348,172.7681548807845,0.1435546875,12.77716827392578,3.9452637567138673,-4.252248869934082,145.48601456871347,89.42815488078449,13.798338890075684,0.0,-4.207201109924316,12.758670806884766,12.777168273925781,12.777168273925781,147
20200801T180000,HAGUPIT,125.9,22.0,18.00554,83.34,10.073314666748049,14.27088737487793,410.49399651120353,127.001988449596,0.0,,-7.932225333251953,-3.73465262512207,327.1539965112036,43.66198844959601,14.93018627166748,0.0,-3.0753537283325194,,,,0
20200802T000000,HAGUPIT,125.1,22.5,18.00554,83.34,7.911849021911621,16.14670181274414,503.1388464093965,162.82707576259767,0.0,,-10.09369097808838,-1.85883818725586,419.79884640939656,79.48707576259767,16.311702728271484,0.0,-1.6938372717285155,,,,0
20200802T060000,HAGUPIT,124.6,23.1,20.57776,64.82000000000001,16.387004852294922,16.9259033203125,183.91817355569577,154.58284593203425,0.271484375,16.529834747314453,-4.19075514770508,-3.651856679687501,119.09817355569577,89.76284593203424,17.21592140197754,0.0,-3.3618385980224623,16.473159790039062,16.529834747314453,16.529834747314453,278
20200802T090000,HAGUPIT,124.4,23.3,20.57776,61.116,18.727558135986328,17.434465408325195,175.96702170939068,117.74233142497089,0.1904296875,14.638981819152832,-1.8502018640136733,-3.143294591674806,114.85102170939068,56.62633142497087,17.21592140197754,3.0,-3.3618385980224623,14.894879341125488,14.638981819152832,14.638981819152832,195
20200802T120000,HAGUPIT,124.2,23.6,23.14998,55.56,19.908519744873047,18.62394905090332,156.2237117809751,110.70526259659576,0.1357421875,16.458351135253906,-3.2414602551269525,-4.526030949096679,100.66371178097506,55.14526259659577,20.37604141235352,0.0,-2.773938587646484,16.43926429748535,16.458351135253906,16.458351135253906,139
20200802T150000,HAGUPIT,124.1,23.9,25.7222,55.56,17.419471740722656,20.11847686767578,163.51014621903053,82.59815536711125,0.126953125,16.458351135253906,-8.302728259277345,-5.60372313232422,107.95014621903051,27.038155367111244,20.37604141235352,3.0,-5.346158587646485,16.43926429748535,16.458351135253906,16.458351135253906,130
20200802T180000,HAGUPIT,123.9,24.2,28.29442,55.56,7.302064418792725,19.732641220092773,471.1999711978199,109.44968428615246,0.0,,-20.99235558120728,-8.561778779907229,415.6399711978199,53.88968428615246,20.982213973999023,0.0,-7.312206026000975,,,,0
20200803T000000,HAGUPIT,123.4,25.0,30.86664,46.3,7.578390121459961,20.97381591796875,449.02302738503136,74.33687941513607,0.0,,-23.28824987854004,-9.89282408203125,402.72302738503134,28.036879415136063,23.19019317626953,0.0,-7.676446823730469,,,,0
20200803T030000,HAGUPIT,123.0,25.5,30.86664,27.78,23.763978958129883,22.780742645263672,104.2711484651624,88.8653353147086,0.1337890625,23.74845123291016,-7.1026610418701175,-8.085897354736328,76.49114846516241,61.0853353147086,23.19019317626953,3.0,-7.676446823730469,23.57311248779297,23.748451232910156,23.748451232910156,137
20200803T060000,HAGUPIT,122.5,26.2,33.43886,9.26,29.03536033630371,22.757991790771484,52.05455219964149,65.27741234530185,0.1787109375,30.43095970153809,-4.403499663696287,-10.680868209228514,42.79455219964149,56.01741234530186,25.41539001464844,0.0,-8.02346998535156,29.230920791625977,30.430959701538086,30.430959701538086,183
20200803T120000,HAGUPIT,121.7,26.8,36.01108,27.78,28.55552291870117,20.831195831298828,69.81268935058706,98.5406619193806,0.1806640625,30.64336395263672,-7.455557081298828,-15.179884168701172,42.03268935058706,70.7606619193806,23.52621078491211,0.0,-12.48486921508789,29.529361724853516,30.64336395263672,30.64336395263672,185
20200803T180000,HAGUPIT,121.1,27.7,36.01108,27.78,9.22227382659912,20.88457679748535,443.87857169712447,125.51222361269085,0.0,,-26.78880617340088,-15.126503202514648,416.0985716971245,97.73222361269085,22.94878578186035,0.0,-13.062294218139648,,,,0
20200804T000000,HAGUPIT,120.6,28.6,28.29442,46.3,8.500128746032715,16.912052154541016,422.5255391681056,95.62413243862544,0.0,,-19.794291253967288,-11.382367845458988,376.2255391681056,49.32413243862545,16.829343795776367,0.0,-11.465076204223632,,,,0
20200804T060000,HAGUPIT,120.4,29.6,23.14998,55.56,21.588842391967773,17.273590087890625,224.45060920209224,185.7744577648033,0.0986328125,17.499385833740234,-1.561137608032226,-5.876389912109374,168.89060920209224,130.21445776480326,17.074037551879883,0.0,-6.0759424481201165,16.89463233947754,17.499385833740234,17.499385833740234,101
20200804T120000,HAGUPIT,120.3,30.8,20.57776,74.08,15.282203674316406,16.331327438354492,329.2273194382093,224.122596261208,0.1279296875,18.5981388092041,-5.295556325683595,-4.246432561645509,255.1473194382093,150.04259626120796,16.4295711517334,0.0,-4.148188848266603,18.07060432434082,18.5981388092041,18.5981388092041,131
20200804T180000,HAGUPIT,120.6,32.4,18.00554,55.56,8.606592178344727,16.430978775024414,383.9930758745193,167.62950513367582,0.0,,-9.398947821655272,-1.5745612249755858,328.4330758745193,112.06950513367582,16.494361877441406,0.0,-1.5111781225585936,,,,0
20200805T000000,HAGUPIT,120.8,34.0,18.00554,55.56,9.199814796447754,15.540850639343262,466.9599379165673,140.9189201941294,0.0,,-8.805725203552246,-2.464689360656738,411.3999379165673,85.35892019412941,15.461549758911133,0.0,-2.543990241088867,,,,0
20200809T000000,JANGMI,126.1,23.0,20.57776,157.42000000000002,16.593286514282227,16.968963623046875,105.32303448072548,265.1710080468203,0.31640625,16.43586540222168,-3.984473485717775,-3.6087963769531264,-52.09696551927455,107.75100804682027,17.527917861938477,0.0,-3.049842138061525,16.312040328979492,16.43586540222168,16.43586540222168,324
20200809T060000,JANGMI,126.2,25.3,20.57776,157.42000000000002,14.4013671875,17.99180030822754,514.8031302480344,169.626739048942,0.2060546875,14.797447204589844,-6.176392812500001,-2.5859596917724623,357.38313024803443,12.206739048941984,20.00602149963379,0.0,-0.5717385003662123,14.542315483093262,14.797447204589844,14.797447204589844,211
20200809T120000,JANGMI,126.2,27.5,23.14998,129.64,36.19712829589844,18.642616271972656,383.3754669111243,293.1878645999692,0.154296875,16.499774932861328,13.047148295898438,-4.507363728027343,253.7354669111243,163.5478645999692,19.93060302734375,0.0,-3.2193769726562493,16.427885055541992,16.499774932861328,16.499774932861328,158
20200809T210000,JANGMI,127.1,30.9,23.14998,135.196,12.385844230651855,17.16391372680664,321.96427124514395,243.1863713024154,0.0,,-10.764135769348144,-5.986066273193359,186.76827124514395,107.9903713024154,16.226221084594727,3.0,-6.923758915405273,,,,0
20200810T000000,JANGMI,127.6,32.2,20.57776,138.9,46.761962890625,17.320823669433594,158.46995306712057,133.4191480714815,0.13671875,18.67440414428711,26.184202890625,-3.256936330566408,19.569953067120565,-5.480851928518518,17.29991912841797,0.0,-3.2778408715820326,18.57474708557129,18.67440414428711,18.67440414428711,140
20200810T000000,MEKKHALA,118.6,19.1,18.00554,83.34,12.64224338531494,15.362131118774414,137.30487229671866,133.98716301215845,0.2607421875,14.43029499053955,-5.3632966146850585,-2.643408881225586,53.96487229671865,50.64716301215845,15.609176635742188,0.0,-2.3963633642578124,14.234018325805664,14.43029499053955,14.43029499053955,267
20200810T030000,JANGMI,128.1,33.3,20.57776,120.38,57.89859008789063,16.110700607299805,188.06564643506107,113.95143097190252,0.333984375,28.57640838623047,37.32083008789063,-4.467059392700197,67.68564643506106,-6.428569028097499,17.29991912841797,3.0,-3.2778408715820326,28.208850860595703,28.57640838623047,28.57640838623047,342
20200810T060000,MEKKHALA,118.6,20.3,20.57776,74.08,11.075749397277832,14.995186805725098,254.12650339765625,188.4140601209164,0.087890625,13.484768867492676,-9.50201060272217,-5.582573194274904,180.04650339765624,114.3340601209164,14.675905227661133,0.0,-5.901854772338869,13.32654094696045,13.484768867492676,13.484768867492676,90
20200810T120000,MEKKHALA,118.5,21.6,23.14998,74.08,16.982975006103516,16.180831909179688,95.40960106831206,107.52464968789825,0.16015625,15.030363082885742,-6.167004993896484,-6.969148090820312,21.32960106831206,33.444649687898234,16.958011627197266,0.0,-6.191968372802734,14.811504364013672,15.030363082885742,15.030363082885742,164
20200811T000000,MEKKHALA,117.7,24.2,23.14998,18.52,16.09784698486328,16.19973373413086,94.21361847233544,68.98659395909176,0.1201171875,20.24718475341797,-7.052133015136718,-6.95024626586914,75.69361847233546,50.46659395909177,17.90850830078125,0.0,-5.241471699218749,19.9298095703125,20.24718475341797,20.24718475341797,123
20200818T000000,HIGOS,116.9,20.3,18.00554,92.6,14.195560455322266,13.589580535888672,208.81824226056656,157.09435393742584,0.2138671875,17.12735939025879,-3.8099795446777343,-4.415959464111328,116.21824226056656,64.49435393742583,14.587329864501951,0.0,-3.4182101354980468,16.26539421081543,17.12735939025879,17.12735939025879,219
20200818T060000,HIGOS,115.8,20.7,18.00554,74.08,19.22344017028809,14.84335708618164,204.86618501085223,151.67413475547536,0.306640625,20.87986183166504,1.217900170288086,-3.16218291381836,130.78618501085225,77.59413475547537,14.829289436340332,0.0,-3.176250563659668,19.655574798583984,20.87986183166504,20.87986183166504,314
20200818T120000,HIGOS,114.8,21.1,20.57776,37.04,6.074923992156982,14.989479064941406,410.7544062962812,111.54521774182842,0.0,,-14.50283600784302,-5.588280935058595,373.7144062962812,74.50521774182843,16.51079559326172,0.0,-4.066964406738283,,,,0
20200818T180000,HIGOS,113.8,21.6,25.7222,27.78,5.99977445602417,15.415383338928224,569.1995971943975,140.39782840246403,0.0,,-19.72242554397583,-10.306816661071778,541.4195971943975,112.61782840246404,15.313036918640137,0.0,-10.409163081359864,,,,0
20200819T000000,HIGOS,113.1,22.2,28.29442,37.04,17.01227569580078,13.42520523071289,121.731347770561,80.24362510097198,0.09375,19.29469871520996,-11.28214430419922,-14.869214769287112,84.69134777056098,43.20362510097198,13.847758293151855,0.0,-14.446661706848143,19.2239933013916,19.29469871520996,19.29469871520996,96
20200819T060000,HIGOS,112.2,22.9,20.57776,37.04,8.268951416015625,8.628910064697266,381.6386926282391,331.02511985943016,0.095703125,10.351611137390137,-12.308808583984376,-11.948849935302736,344.59869262823906,293.98511985943014,8.726187705993652,0.0,-11.851572294006347,10.047362327575684,10.351611137390137,10.351611137390137,98
20200819T120000,HIGOS,110.8,23.7,18.00554,37.04,7.331138610839844,6.099863052368164,608.0548291548805,319.6464131184717,0.0,,-10.674401389160156,-11.905676947631836,571.0148291548805,282.60641311847166,5.691250801086426,0.0,-12.314289198913574,,,,0
20200822T000000,BAVI,122.7,23.4,18.00554,92.6,11.652650833129885,15.227216720581056,287.02350375947333,169.39845860440002,0.2001953125,12.28395938873291,-6.352889166870117,-2.778323279418945,194.4235037594733,76.79845860440001,16.846567153930664,0.0,-1.1589728460693358,12.15769100189209,12.28395938873291,12.28395938873291,205
20200822T060000,BAVI,123.3,24.3,23.14998,148.16,14.458487510681152,17.448291778564453,285.34545912859176,161.41666882309883,0.1796875,12.666430473327637,-8.691492489318847,-5.701688221435546,137.18545912859176,13.256668823098837,18.622314453125,0.0,-4.527665546874999,12.519097328186035,12.666430473327637,12.666430473327637,184
20200822T090000,BAVI,123.6,24.8,28.29442,148.16,7.398805618286133,17.320987701416016,449.8310061561395,109.4646374595426,0.0,,-20.89561438171387,-10.973432298583988,301.67100615613947,-38.6953625404574,18.622314453125,3.0,-9.672105546875,,,,0
20200822T150000,BAVI,123.7,25.6,28.29442,92.6,8.781723022460938,16.571537017822266,396.0420319987644,165.06084782856902,0.0,,-19.512696977539065,-11.722882982177737,303.4420319987644,72.46084782856902,18.445701599121094,3.0,-9.848718400878903,,,,0
20200822T180000,BAVI,123.7,25.8,28.29442,92.6,17.790000915527344,15.992297172546388,90.04738606605856,183.80373765194227,0.1259765625,20.886119842529297,-10.50441908447266,-12.302122827453616,-2.552613933941444,91.20373765194226,16.209177017211914,0.0,-12.085242982788085,20.275325775146484,20.886119842529297,20.886119842529297,129
20200822T210000,BAVI,123.8,26.0,28.29442,92.6,19.01296615600586,16.214094161987305,102.61195327732464,133.21911410183188,0.2138671875,20.886119842529297,-9.281453843994145,-12.080325838012698,10.011953277324622,40.61911410183187,16.209177017211914,3.0,-12.085242982788085,20.31511878967285,20.886119842529297,20.886119842529297,219
20200823T000000,BAVI,123.9,26.3,28.29442,92.6,25.421295166015625,17.62923812866211,108.23180373032872,178.63274310722807,0.2841796875,24.36527633666992,-2.8731248339843773,-10.665181871337891,15.631803730328713,86.03274310722806,17.866300582885742,0.0,-10.428119417114257,24.176467895507812,24.365276336669922,24.365276336669922,291
20200823T030000,BAVI,124.1,26.5,28.29442,83.34,35.51140213012695,18.549474716186523,154.5428792049082,201.06102032960987,0.2861328125,24.36527633666992,7.216982130126951,-9.74494528381348,71.20287920490819,117.72102032960989,17.866300582885742,3.0,-10.428119417114257,24.403274536132812,24.365276336669922,24.365276336669922,293
20200823T060000,BAVI,124.4,26.7,28.29442,74.08,39.48357772827149,18.021324157714844,301.87485563732537,137.73314366703443,0.064453125,23.505062103271484,11.189157728271482,-10.27309584228516,227.79485563732536,63.653143667034456,18.466672897338867,0.0,-9.827747102661132,23.252655029296875,23.505062103271484,23.505062103271484,66
20200823T090000,BAVI,124.7,26.8,28.29442,64.82000000000001,7.979671955108643,18.14690017700196,425.6626199071106,141.63088888532226,0.0,,-20.31474804489136,-10.14751982299805,360.8426199071106,76.81088888532226,18.466672897338867,3.0,-9.827747102661132,,,,0
20200823T150000,BAVI,125.3,27.0,30.86664,51.856,9.122892379760742,19.392263412475582,432.0386163083204,137.94528082682356,0.0,,-21.74374762023925,-11.474376587524414,380.1826163083204,86.08928082682357,21.370023727416992,3.0,-9.496616272583008,,,,0
20200823T180000,BAVI,125.5,27.1,30.86664,46.3,31.193666458129883,20.14285469055176,12.680471321136318,81.56638635206787,0.162109375,23.45531272888184,0.3270264581298825,-10.723785309448242,-33.61952867886369,35.26638635206786,20.681686401367188,0.0,-10.184953598632813,23.41167640686035,23.455312728881836,23.455312728881836,166
20200823T210000,BAVI,125.9,27.2,30.86664,46.3,31.730751037597656,21.24637794494629,99.96352218832196,96.2048929689576,0.203125,23.45531272888184,0.864111037597656,-9.620262055053711,53.66352218832197,49.9048929689576,20.681686401367188,3.0,-10.184953598632813,23.500268936157227,23.455312728881836,23.455312728881836,208
20200824T000000,BAVI,126.2,27.3,33.43886,46.3,37.5625228881836,20.74864959716797,33.16785324915993,86.06762918776825,0.2607421875,27.24957275390625,4.123662888183596,-12.69021040283203,-13.132146750840072,39.76762918776824,25.403793334960938,0.0,-8.03506666503906,27.49212074279785,27.24957275390625,27.24957275390625,267
20200824T030000,BAVI,126.4,27.6,33.43886,38.892,37.2092399597168,22.79049301147461,57.513894848840806,80.65420115756903,0.2275390625,27.24957275390625,3.770379959716799,-10.648366988525389,18.621894848840803,41.76220115756903,25.403793334960938,3.0,-8.03506666503906,27.901512145996094,27.24957275390625,27.24957275390625,233
20200824T060000,BAVI,126.5,27.9,33.43886,31.484,9.584915161132812,23.902402877807617,449.1279053074385,84.84328814491167,0.009765625,13.070882797241213,-23.853944838867186,-9.53645712219238,417.6439053074385,53.35928814491167,26.816205978393555,0.0,-6.622654021606444,12.804736137390137,13.070882797241211,13.070882797241211,10
20200824T090000,BAVI,126.4,28.1,33.43886,31.484,10.145429611206056,25.40139389038086,420.3194089052708,122.85734700767296,0.0,,-23.293430388793944,-8.037466109619139,388.8354089052708,91.37334700767298,26.816205978393555,3.0,-6.622654021606444,,,,0
20200824T120000,BAVI,126.2,28.3,36.01108,31.484,10.175783157348633,24.874691009521484,427.2752574714784,143.91064520537466,0.0,,-25.835296842651367,-11.136388990478515,395.7912574714785,112.42664520537464,28.560733795166016,0.0,-7.450346204833984,,,,0
20200824T180000,BAVI,126.0,28.6,38.5833,31.484,29.65228843688965,24.77793884277344,81.54099540912779,124.1370058523056,0.1650390625,27.562440872192383,-8.931011563110353,-13.805361157226564,50.056995409127786,92.6530058523056,27.801130294799805,0.0,-10.782169705200197,26.83262825012207,27.562440872192383,27.562440872192383,169
20200825T000000,BAVI,125.7,29.2,41.15552,12.964,30.329065322875977,24.80841064453125,68.29336371807254,91.67633598712932,0.27734375,41.073280334472656,-10.826454677124026,-16.347109355468753,55.32936371807254,78.71233598712932,27.92815589904785,0.0,-13.227364100952151,38.188819885253906,41.073280334472656,41.073280334472656,284
20200825T060000,BAVI,125.4,29.8,41.15552,9.26,9.859577178955078,26.24840545654297,516.024693276631,94.4123081695405,0.0,,-31.295942821044925,-14.907114543457034,506.76469327663096,85.15230816954049,30.66896629333496,0.0,-10.486553706665042,,,,0
20200825T120000,BAVI,125.1,30.6,41.15552,22.224,11.288990020751951,26.32781982421875,471.06339331161695,78.36233669862646,0.0,,-29.86652997924805,-14.827700175781253,448.83939331161696,56.13833669862646,31.10719108581543,0.0,-10.048328914184571,,,,0
20200825T180000,BAVI,124.7,31.4,41.15552,18.52,42.13885116577149,26.69687271118164,62.62602577804866,115.79271480786592,0.1552734375,34.859100341796875,0.9833311657714816,-14.458647288818362,44.10602577804866,97.27271480786592,32.045833587646484,0.0,-9.109686412353518,33.87220764160156,34.859100341796875,34.859100341796875,159
20200826T000000,BAVI,124.5,32.3,43.72774,27.78,38.601505279541016,25.601551055908203,14.403632191626594,111.56195582479148,0.2353515625,28.70659065246582,-5.126234720458989,-18.1261889440918,-13.376367808373407,83.78195582479147,31.850744247436523,0.0,-11.876995752563474,28.570068359375,28.70659065246582,28.70659065246582,241
20200826T060000,BAVI,124.3,33.5,43.72774,31.484,11.730511665344238,26.072677612304688,357.8514669216414,100.57075409149114,0.0,,-31.99722833465577,-17.655062387695317,326.36746692164144,69.08675409149114,32.02947998046875,0.0,-11.698260019531247,,,,0
20200828T060000,MAYSAK,130.3,16.9,18.00554,83.34,8.26063346862793,17.02053451538086,517.9996065304449,142.99887519220735,0.0,,-9.74490653137207,-0.9850054846191404,434.6596065304449,59.65887519220735,18.011930465698242,0.0,0.0063904656982423,,,,0
20200828T120000,MAYSAK,129.8,16.6,20.57776,74.08,11.562031745910645,16.6471004486084,436.1948544797368,149.11227845752617,0.009765625,9.31337070465088,-9.015728254089357,-3.930659551391603,362.1148544797368,75.03227845752617,18.6621036529541,0.0,-1.9156563470459,9.291964530944824,9.313370704650879,9.313370704650879,10
20200828T180000,MAYSAK,129.6,16.4,25.7222,74.08,18.75559425354004,19.384876251220703,140.7931344849424,127.05383716732771,0.251953125,16.55776023864746,-6.966605746459962,-6.337323748779298,66.71313448494242,52.97383716732773,21.14375305175781,0.0,-4.578446948242188,16.427509307861328,16.55776023864746,16.55776023864746,258
20200829T000000,MAYSAK,129.5,16.5,28.29442,74.08,25.26215553283692,18.501554489135746,178.03312093411245,153.4767534202958,0.1669921875,17.681373596191406,-3.0322644671630883,-9.79286551086426,103.95312093411243,79.39675342029581,20.889131546020508,0.0,-7.405288453979491,16.86234474182129,17.681373596191406,17.681373596191406,171
20200829T060000,MAYSAK,129.3,16.6,28.29442,74.08,7.633364677429199,19.310508728027344,417.3197325669659,157.92848717801323,0.0,,-20.661055322570803,-8.983911271972659,343.2397325669659,83.84848717801323,20.852760314941406,0.0,-7.441659685058592,,,,0
20200829T120000,MAYSAK,129.0,16.8,33.43886,37.04,23.44663047790528,17.73782730102539,67.03822573181692,245.1568843707102,0.0390625,14.167322158813477,-9.992229522094725,-15.701032698974608,29.998225731816923,208.1168843707102,20.55571556091309,0.0,-12.883144439086912,14.057650566101074,14.167322158813477,14.167322158813477,40
20200829T180000,MAYSAK,128.9,17.0,36.01108,27.78,22.21742248535156,19.134033203125,211.2561068695952,210.54234509699955,0.2880859375,20.191904067993164,-13.793657514648435,-16.877046796875,183.4761068695952,182.76234509699952,20.5980167388916,0.0,-15.413063261108398,19.810932159423828,20.191904067993164,20.191904067993164,295
20200830T000000,MAYSAK,129.0,17.3,38.5833,27.78,28.34566116333008,18.565399169921875,94.95323903333858,248.446047629869,0.2802734375,26.62003517150879,-10.237638836669923,-20.017900830078126,67.17323903333858,220.666047629869,23.009239196777344,0.0,-15.574060803222658,25.966047286987305,26.62003517150879,26.62003517150879,287
20200830T060000,MAYSAK,129.0,18.4,38.5833,27.78,6.664028167724609,19.39525604248047,514.2632008185377,265.9563384656231,0.0,,-31.919271832275392,-19.188043957519533,486.48320081853774,238.1763384656231,20.80610084533692,0.0,-17.777199154663087,,,,0
20200830T120000,MAYSAK,128.9,19.5,41.15552,27.78,47.37737655639648,22.161251068115234,41.780542983060144,155.1684477818781,0.0244140625,18.950345993041992,6.221856556396482,-18.99426893188477,14.000542983060145,127.38844778187809,24.89565658569336,0.0,-16.259863414306643,18.893600463867188,18.950345993041992,18.950345993041992,25
20200830T180000,MAYSAK,128.8,20.8,41.15552,27.78,26.779037475585938,22.4536190032959,50.64719274393156,133.54804125673542,0.3330078125,25.663923263549805,-14.376482524414063,-18.701900996704104,22.86719274393156,105.76804125673542,25.055110931396484,0.0,-16.10040906860352,25.108837127685547,25.663923263549805,25.663923263549805,341
20200831T000000,MAYSAK,128.5,22.4,41.15552,22.224,35.878692626953125,24.122861862182617,65.35156142558932,109.16862013918292,0.275390625,35.08222198486328,-5.276827373046878,-17.032658137817386,43.12756142558932,86.94462013918292,27.85361289978028,0.0,-13.30190710021973,33.076297760009766,35.08222198486328,35.08222198486328,282
20200831T030000,MAYSAK,128.1,23.4,41.15552,22.224,36.26768112182617,23.839683532714844,257.71141168362175,109.0825137704297,0.12109375,20.4287109375,-4.887838878173831,-17.31583646728516,235.48741168362176,86.8585137704297,27.85361289978028,3.0,-13.30190710021973,20.061613082885742,20.4287109375,20.4287109375,124
20200831T060000,MAYSAK,127.6,24.2,41.15552,22.224,5.715848922729492,25.4509334564209,401.5158009620184,180.27074787270985,0.0,,-35.43967107727051,-15.704586543579104,379.2918009620184,158.04674787270986,28.413949966430664,0.0,-12.74157003356934,,,,0
20200831T090000,MAYSAK,127.3,24.6,41.15552,25.928,6.039083480834961,25.10850715637207,462.4396335802314,145.49303451628012,0.0,,-35.11643651916504,-16.047012843627932,436.5116335802314,119.56503451628012,28.413949966430664,3.0,-12.74157003356934,,,,0
20200831T120000,MAYSAK,127.1,25.0,43.72774,27.78,29.162153244018555,25.62026596069336,380.5040947304407,111.24782076222492,0.00390625,15.11239528656006,-14.56558675598145,-18.107474039306645,352.7240947304407,83.46782076222492,30.0095272064209,0.0,-13.7182127935791,14.967973709106445,15.112395286560059,15.112395286560059,4
20200831T150000,MAYSAK,126.8,25.5,43.72774,18.52,47.5701904296875,26.377742767333984,42.37412430033802,164.3775980311363,0.130859375,40.12897872924805,3.842450429687496,-17.34999723266602,23.85412430033801,145.8575980311363,30.0095272064209,3.0,-13.7182127935791,39.686500549316406,40.12897872924805,40.12897872924805,134
20200831T180000,MAYSAK,126.5,26.1,46.29996,9.26,43.82805252075195,26.03475570678711,81.85619759186052,112.36015724244568,0.20703125,40.12897872924805,-2.471907479248045,-20.26520429321289,72.59619759186052,103.10015724244568,30.51055335998535,0.0,-15.789406640014649,39.72793960571289,40.12897872924805,40.12897872924805,212
20200831T210000,MAYSAK,126.2,26.5,46.29996,9.26,37.98521041870117,27.92132568359375,149.84552151181103,117.6863522845983,0.326171875,33.351158142089844,-8.314749581298827,-18.37863431640625,140.58552151181104,108.4263522845983,30.51055335998535,3.0,-15.789406640014649,33.121437072753906,33.351158142089844,33.351158142089844,334
20200901T000000,MAYSAK,126.0,26.9,48.87218,9.26,37.21772766113281,27.325538635253903,54.24660830792463,123.21666825723872,0.2841796875,33.351158142089844,-11.654452338867188,-21.54664136474609,44.98660830792463,113.9566682572387,33.022518157958984,0.0,-15.849661842041016,33.151451110839844,33.351158142089844,33.351158142089844,291
20200901T030000,MAYSAK,126.0,27.2,48.87218,9.26,12.22036361694336,26.247634887695312,440.09413037879057,160.9792501390469,0.01171875,11.501218795776367,-36.65181638305664,-22.624545112304688,430.8341303787906,151.71925013904692,33.022518157958984,3.0,-15.849661842041016,11.409199714660645,11.501218795776367,11.501218795776367,12
20200901T060000,MAYSAK,126.1,27.6,48.87218,9.26,8.922321319580078,28.050189971923828,419.7678176722788,105.41015136282444,0.0,,-39.94985868041992,-20.82199002807617,410.5078176722788,96.15015136282445,33.388877868652344,0.0,-15.483302131347656,,,,0
20200901T090000,MAYSAK,126.2,28.0,48.87218,9.26,9.278535842895508,28.35555648803711,431.20992797502174,122.47534052090994,0.0,,-39.59364415710449,-20.51662351196289,421.94992797502175,113.21534052090992,33.388877868652344,3.0,-15.483302131347656,,,,0
20200901T120000,MAYSAK,126.3,28.4,48.87218,9.26,7.340164661407471,29.276042938232425,587.6738977005049,107.97463340167772,0.0,,-41.53201533859253,-19.59613706176758,578.4138977005049,98.71463340167772,37.500587463378906,0.0,-11.371592536621094,,,,0
20200901T150000,MAYSAK,126.5,28.9,46.29996,14.816,35.45817565917969,29.22861099243164,36.615263138482895,136.7497535010456,0.150390625,27.8619384765625,-10.841784340820311,-17.071349007568358,21.799263138482893,121.9337535010456,37.500587463378906,3.0,-8.799372536621092,27.714265823364258,27.8619384765625,27.8619384765625,154
20200901T180000,MAYSAK,126.6,29.4,46.29996,18.52,48.45240783691406,28.866565704345703,73.24072164546236,95.25497835671264,0.3076171875,43.98412704467773,2.152447836914064,-17.433394295654296,54.72072164546236,76.73497835671265,35.39188766479492,0.0,-10.908072335205077,43.43898391723633,43.984127044677734,43.984127044677734,315
20200901T210000,MAYSAK,126.6,30.0,43.72774,24.076,59.92007446289063,30.04891586303711,83.11930975764967,129.44572674075457,0.37109375,47.17070770263672,16.19233446289062,-13.678824136962897,59.04330975764967,105.36972674075456,35.39188766479492,3.0,-8.335852335205075,45.92646026611328,47.17070770263672,47.17070770263672,380
20200902T000000,MAYSAK,126.7,30.5,43.72774,27.78,54.9594841003418,28.401596069335938,110.92997617782908,137.14491084511354,0.2216796875,47.17070770263672,11.231744100341793,-15.326143930664069,83.14997617782909,109.36491084511354,36.25731658935547,0.0,-7.470423410644528,45.92646026611328,47.17070770263672,47.17070770263672,227
20200902T030000,MAYSAK,126.9,31.1,43.72774,35.188,11.452945709228516,30.32154655456543,313.8269495891553,116.65256034889045,0.0,,-32.27479429077149,-13.406193445434576,278.6389495891553,81.46456034889044,36.25731658935547,3.0,-7.470423410644528,,,,0
20200902T060000,MAYSAK,127.1,31.7,41.15552,40.744,11.266898155212402,27.45014190673828,249.74137536444127,141.69181252288007,0.0,,-29.8886218447876,-13.705378093261722,208.99737536444133,100.94781252288008,33.5388298034668,0.0,-7.616690196533206,,,,0
20200902T090000,MAYSAK,127.5,32.4,41.15552,40.744,12.473848342895508,28.38911247253418,168.03785480249502,119.29925725833628,0.0,,-28.68167165710449,-12.766407527465825,127.29385480249502,78.55525725833627,33.5388298034668,3.0,-7.616690196533206,,,,0
20200902T120000,HAISHEN,140.4,19.6,36.01108,37.04,24.405759811401367,25.84037399291992,219.6257793301789,130.82487358656516,0.1640625,18.77334785461425,-11.605320188598633,-10.170706007080078,182.58577933017887,93.78487358656515,31.394763946533203,0.0,-4.616316053466797,18.706905364990234,18.773347854614258,18.773347854614258,168
20200902T120000,MAYSAK,127.9,33.2,41.15552,40.744,18.14432716369629,28.44951438903809,348.20128200508384,111.22674564471032,0.0009765625,11.71533489227295,-23.01119283630372,-12.706005610961917,307.4572820050838,70.48274564471033,35.975624084472656,0.0,-5.1798959155273465,,,,1
20200902T150000,MAYSAK,128.3,34.2,41.15552,40.744,39.519290924072266,29.61908721923828,119.2814384882393,100.66020274986316,0.1435546875,33.39301681518555,-1.6362290759277371,-11.536432780761722,78.5374384882393,59.916202749863146,35.975624084472656,3.0,-5.1798959155273465,33.096824645996094,33.39301681518555,33.39301681518555,147
20200902T180000,HAISHEN,139.4,20.0,36.01108,27.78,55.42274856567383,23.721569061279297,301.7089003961796,128.7006216584958,0.103515625,21.821683883666992,19.41166856567383,-12.289510938720705,273.92890039617964,100.9206216584958,26.08690643310547,0.0,-9.924173566894533,21.79395866394043,21.821683883666992,21.821683883666992,106
20200903T000000,HAISHEN,138.4,20.2,38.5833,27.78,30.1963005065918,26.362796783447266,126.25574190805486,129.23671950722087,0.271484375,28.19485092163086,-8.386999493408204,-12.220503216552736,98.47574190805486,101.45671950722088,32.75507736206055,0.0,-5.828222637939454,27.825286865234375,28.19485092163086,28.19485092163086,278
20200903T120000,HAISHEN,136.6,21.0,43.72774,9.26,31.729372024536133,30.02716827392578,76.56539007420514,114.15793062937588,0.20703125,35.481483459472656,-11.998367975463871,-13.700571726074225,67.30539007420514,104.89793062937588,36.750755310058594,0.0,-6.976984689941403,34.840206146240234,35.481483459472656,35.481483459472656,212
20200903T180000,HAISHEN,135.8,21.2,48.87218,22.224,47.34308624267578,29.651763916015625,211.32277810874285,118.78556392428972,0.1044921875,31.41319274902344,-1.529093757324219,-19.22041608398437,189.0987781087429,96.56156392428971,36.9962158203125,0.0,-11.8759641796875,30.875303268432617,31.413192749023438,31.413192749023438,107
20200904T000000,HAISHEN,135.1,21.7,51.4444,40.744,39.90032196044922,33.23219299316406,129.59427540484694,130.18639897246902,0.228515625,38.07070541381836,-11.544078039550785,-18.21220700683594,88.85027540484694,89.44239897246902,41.40947341918945,0.0,-10.034926580810549,37.46977615356445,38.07070541381836,38.07070541381836,234
20200904T120000,HAISHEN,133.5,22.7,54.01662,37.04,42.10313034057617,32.607688903808594,163.00727760979817,109.76741209768672,0.189453125,34.40583038330078,-11.913489659423831,-21.40893109619141,125.96727760979816,72.72741209768671,39.39375305175781,0.0,-14.62286694824219,34.24066925048828,34.40583038330078,34.40583038330078,194
20200904T180000,HAISHEN,132.6,23.3,54.01662,27.78,48.55181503295898,31.932844161987305,91.77111437448536,79.56394019444491,0.2958984375,50.44356918334961,-5.464804967041019,-22.0837758380127,63.99111437448536,51.78394019444491,39.51401901245117,0.0,-14.502600987548831,49.35179901123047,50.44356918334961,50.44356918334961,303
20200904T210000,HAISHEN,132.3,23.6,54.01662,33.336,49.99610137939453,31.260337829589844,82.62449517573249,67.0831635066873,0.3212890625,50.44356918334961,-4.020518620605472,-22.75628217041016,49.28849517573249,33.7471635066873,39.51401901245117,3.0,-14.502600987548831,49.340023040771484,50.44356918334961,50.44356918334961,329
20200905T000000,HAISHEN,132.0,24.0,51.4444,37.04,46.74800109863281,32.20881271362305,89.9212501812786,56.44081951677445,0.1005859375,32.31968688964844,-4.696398901367189,-19.235587286376955,52.8812501812786,19.40081951677445,39.46903610229492,0.0,-11.97536389770508,31.74905014038086,32.31968688964844,32.31968688964844,103
20200905T030000,HAISHEN,131.7,24.3,51.4444,37.04,6.040725231170654,32.687721252441406,363.0400364180149,114.29871034208604,0.0,,-45.40367476882935,-18.756678747558595,326.0000364180149,77.25871034208603,39.46903610229492,3.0,-11.97536389770508,,,,0
20200905T090000,HAISHEN,131.2,25.0,51.4444,35.188,29.433609008789062,31.325756072998047,217.63524704143128,106.24330793200642,0.009765625,17.35791015625,-22.01079099121094,-20.118643927001955,182.4472470414313,71.05530793200641,39.00459289550781,3.0,-12.43980710449219,17.24184799194336,17.35791015625,17.35791015625,10
20200905T120000,HAISHEN,131.0,25.4,51.4444,31.484,41.50119018554688,31.27052116394043,125.15104989332276,62.84689284600071,0.2080078125,37.450462341308594,-9.943209814453128,-20.17387883605957,93.66704989332274,31.362892846000705,38.26634979248047,0.0,-13.178050207519531,37.10764694213867,37.450462341308594,37.450462341308594,213
20200905T150000,HAISHEN,130.9,25.9,51.4444,31.484,51.96652603149414,33.2362060546875,150.12673994828953,100.59302878304284,0.296875,37.450462341308594,0.5221260314941389,-18.2081939453125,118.64273994828952,69.10902878304285,38.26634979248047,3.0,-13.178050207519531,37.07878875732422,37.450462341308594,37.450462341308594,304
20200905T180000,HAISHEN,130.8,26.4,48.87218,31.484,52.80832290649414,32.082088470458984,62.44428225888802,132.0111280153265,0.3134765625,43.0419921875,3.936142906494141,-16.790091529541016,30.96028225888802,100.5271280153265,40.06207275390625,0.0,-8.81010724609375,42.251976013183594,43.0419921875,43.0419921875,321
20200905T210000,HAISHEN,130.7,27.0,48.87218,31.484,43.431419372558594,30.820281982421875,44.3195262350472,117.17565639274736,0.2109375,43.0419921875,-5.440760627441406,-18.051898017578125,12.835526235047196,85.69165639274738,40.06207275390625,3.0,-8.81010724609375,42.33122253417969,43.0419921875,43.0419921875,216
20200906T000000,HAISHEN,130.5,27.7,46.29996,31.484,10.631760597229004,32.06412506103516,454.67433259193626,98.10797611999232,0.0,,-35.668199402770995,-14.235834938964842,423.1903325919363,66.6239761199923,41.46090316772461,0.0,-4.839056832275389,,,,0
20200906T030000,HAISHEN,130.3,28.5,46.29996,31.484,10.71799373626709,28.89955139160156,556.4910851159283,90.8907779357172,0.0,,-35.58196626373291,-17.400408608398436,525.0070851159282,59.4067779357172,41.46090316772461,3.0,-4.839056832275389,,,,0
20200906T060000,HAISHEN,130.0,29.4,46.29996,31.484,11.23205280303955,28.08182144165039,434.31584829982967,120.87735105975078,0.0,,-35.06790719696045,-18.218138558349608,402.8318482998297,89.39335105975078,35.887020111083984,0.0,-10.412939888916014,,,,0
20200906T090000,HAISHEN,129.7,30.2,46.29996,31.484,12.641205787658691,26.921337127685547,361.5479087390984,114.4857523276108,0.0,,-33.65875421234131,-19.37862287231445,330.06390873909845,83.0017523276108,35.887020111083984,3.0,-10.412939888916014,,,,0
20200906T120000,HAISHEN,129.4,31.0,43.72774,31.484,43.92698669433594,26.65711784362793,117.6577021132063,121.95199994870472,0.2353515625,43.44023895263672,0.1992466943359332,-17.070622156372075,86.1737021132063,90.46799994870472,35.26365661621094,0.0,-8.46408338378906,41.41513442993164,43.44023895263672,43.44023895263672,241
20200906T150000,HAISHEN,129.2,31.9,43.72774,20.372,71.02527618408203,23.98155975341797,299.10426735636173,97.06710557815958,0.3779296875,43.44023895263672,27.297536184082027,-19.74618024658204,278.7322673563617,76.69510557815958,35.26365661621094,3.0,-8.46408338378906,40.59928512573242,43.44023895263672,43.44023895263672,387
20200906T180000,HAISHEN,129.1,33.0,43.72774,9.26,68.0874252319336,24.11282157897949,232.433716900163,142.3989079657348,0.3232421875,34.38711166381836,24.35968523193359,-19.614918421020512,223.173716900163,133.1389079657348,28.90152359008789,0.0,-14.826216409912108,33.58114242553711,34.38711166381836,34.38711166381836,331
20200906T210000,HAISHEN,129.1,34.1,41.15552,20.372,48.62492752075195,23.836090087890625,58.60401854347644,136.23351244475177,0.115234375,32.575172424316406,7.46940752075195,-17.319429912109378,38.23201854347644,115.86151244475175,28.90152359008789,3.0,-12.253996409912112,32.17764663696289,32.575172424316406,32.575172424316406,118
20200915T180000,NOUL,118.5,12.8,18.00554,148.16,14.208209991455078,14.19754409790039,327.8041217547226,92.72839772050597,0.173828125,12.193930625915527,-3.7973300085449218,-3.807995902099609,179.6441217547226,-55.43160227949405,15.02443504333496,0.0,-2.981104956665039,12.195656776428223,12.193930625915527,12.193930625915527,178
20200916T060000,NOUL,116.8,13.4,20.57776,148.16,17.17966079711914,14.136826515197754,142.0066415104727,85.3501408263153,0.09765625,18.768728256225582,-3.3980992028808608,-6.440933484802248,-6.153358489527307,-62.8098591736847,14.54701805114746,0.0,-6.0307419488525404,18.62435531616211,18.768728256225586,18.768728256225586,100
20200916T120000,NOUL,116.0,13.7,20.57776,148.16,14.312618255615234,15.701801300048828,199.4629508704244,65.35094734041957,0.041015625,15.322914123535156,-6.265141744384767,-4.875958699951173,51.30295087042441,-82.80905265958043,17.712472915649414,0.0,-2.865287084350588,15.08560562133789,15.322914123535156,15.322914123535156,42
20200916T180000,NOUL,115.0,14.1,20.57776,92.6,33.862483978271484,15.65732479095459,136.8826878797905,147.8306150261597,0.31640625,22.063730239868164,13.284723978271485,-4.920435209045412,44.28268787979049,55.2306150261597,16.046194076538086,0.0,-4.5315659234619154,21.887542724609375,22.063730239868164,22.063730239868164,324
20200917T060000,NOUL,113.1,15.5,23.14998,46.3,21.58875846862793,16.270078659057617,163.59283476930085,150.02030523805232,0.1640625,24.94859504699707,-1.5612215313720696,-6.879901340942382,117.29283476930084,103.7203052380523,15.618101119995115,0.0,-7.531878880004882,24.632490158081055,24.94859504699707,24.94859504699707,168
20200917T120000,NOUL,111.7,15.9,23.14998,46.3,43.48051452636719,15.778280258178713,238.2460067459284,179.08493497268245,0.041015625,16.880760192871094,20.330534526367188,-7.371699741821288,191.9460067459284,132.78493497268244,15.705391883850098,0.0,-7.444588116149902,16.686418533325195,16.880760192871094,16.880760192871094,42
20200917T180000,NOUL,110.3,16.1,23.14998,46.3,20.778470993041992,18.22250747680664,31.609528899576425,42.81178988072263,0.26171875,18.9060115814209,-2.371509006958007,-4.927472523193359,-14.69047110042358,-3.488210119277376,19.04269027709961,0.0,-4.10728972290039,18.630687713623047,18.9060115814209,18.9060115814209,268
20200921T000000,DOLPHIN,134.6,24.9,20.57776,101.86,5.57718563079834,14.73163890838623,566.9685329645089,115.91260225307178,0.0,,-15.000574369201662,-5.846121091613771,465.10853296450887,14.052602253071782,16.197782516479492,0.0,-4.379977483520509,,,,0
20200921T060000,DOLPHIN,134.8,25.3,20.57776,46.3,20.080810546875,13.974111557006836,125.34361505664134,169.69379321735434,0.294921875,24.07021713256836,-0.4969494531250014,-6.603648442993165,79.04361505664133,123.39379321735431,14.369293212890623,0.0,-6.208466787109376,22.44679069519043,24.07021713256836,24.07021713256836,302
20200921T120000,DOLPHIN,134.9,25.7,20.57776,37.04,26.02769660949707,14.559237480163574,81.22256802082191,99.5387004832781,0.470703125,17.689847946166992,5.449936609497069,-6.018522519836427,44.18256802082191,62.49870048327811,15.025421142578123,0.0,-5.552338857421876,17.54957389831543,17.689847946166992,17.689847946166992,482
20200921T180000,DOLPHIN,135.1,26.1,23.14998,55.56,7.453072547912598,16.986148834228516,539.6830326653022,125.35627368880228,0.0,,-15.696907452087402,-6.163831165771484,484.1230326653022,69.79627368880227,17.770097732543945,0.0,-5.379882267456054,,,,0
20200922T000000,DOLPHIN,135.2,26.9,25.7222,64.82000000000001,7.502745151519775,17.572471618652344,573.7773899009045,85.1532191919303,0.0,,-18.219454848480225,-8.149728381347657,508.9573899009045,20.333219191930297,18.09872817993164,0.0,-7.62347182006836,,,,0
20200922T060000,DOLPHIN,135.6,28.1,30.86664,37.04,39.14166641235352,19.02063751220703,76.06005491325607,76.06005491325607,0.2724609375,22.028470993041992,8.275026412353515,-11.846002487792967,39.02005491325607,39.02005491325607,20.04596328735352,0.0,-10.820676712646485,21.871023178100586,22.028470993041992,22.028470993041992,279
20200922T120000,DOLPHIN,136.1,29.3,30.86664,37.04,38.67335891723633,17.678882598876953,425.327234114771,133.377930690284,0.3544921875,25.588489532470703,7.806718917236328,-13.187757401123047,388.28723411477097,96.337930690284,19.68549346923828,0.0,-11.18114653076172,24.604063034057617,25.588489532470703,25.588489532470703,363
20200922T180000,DOLPHIN,136.6,30.1,30.86664,55.56,14.10714054107666,18.31333351135254,430.7397268390071,253.8710718847852,0.0,,-16.75949945892334,-12.55330648864746,375.1797268390071,198.3110718847852,21.02521705627441,0.0,-9.841422943725586,,,,0
20200923T000000,DOLPHIN,137.6,31.2,30.86664,64.82000000000001,14.569612503051758,19.762481689453125,325.92610690267776,173.3960350965372,0.0,,-16.297027496948242,-11.104158310546875,261.10610690267777,108.57603509653718,23.371356964111328,0.0,-7.495283035888672,,,,0
20200923T060000,DOLPHIN,139.0,32.1,28.29442,64.82000000000001,27.68187713623047,23.10945510864257,35.427750134955474,46.68001874894196,0.2783203125,25.476049423217773,-0.6125428637695336,-5.184964891357424,-29.392249865044533,-18.13998125105805,24.50660896301269,0.0,-3.787811036987304,25.10227394104004,25.476049423217773,25.476049423217773,285
20200923T090000,DOLPHIN,139.9,32.5,25.7222,64.82000000000001,26.11002922058105,21.48953628540039,107.09767511317196,171.93750076093212,0.220703125,25.21240425109864,0.3878292205810538,-4.23266371459961,42.277675113171966,107.11750076093212,24.50660896301269,3.0,-1.2155910369873055,24.57489585876465,25.212404251098633,25.212404251098633,226
20200923T120000,DOLPHIN,140.8,32.8,25.7222,64.82000000000001,28.72625732421875,19.02883529663086,170.73546516861794,168.6360600315091,0.15625,25.21240425109864,3.004057324218749,-6.6933647033691415,105.91546516861791,103.81606003150908,19.75481033325196,0.0,-5.967389666748048,24.57489585876465,25.212404251098633,25.212404251098633,160
20200923T150000,DOLPHIN,141.2,32.9,25.7222,74.08,18.17187690734864,18.61724853515625,533.059869243074,230.70812501984287,0.0,,-7.550323092651368,-7.104951464843751,458.979869243074,156.62812501984286,19.75481033325196,3.0,-5.967389666748048,,,,0
20201005T000000,CHAN-HOM,139.0,22.1,18.00554,185.2,15.643365859985352,13.861169815063477,168.54673332903582,304.2423737395009,0.2333984375,14.242348670959473,-2.3621741400146483,-4.144370184936523,-16.6532666709642,119.0423737395009,14.133499145507812,0.0,-3.8720408544921874,14.080944061279297,14.242348670959473,14.242348670959473,239
20201005T060000,CHAN-HOM,139.2,22.6,18.00554,129.64,15.09574031829834,17.404109954833984,276.0253554121163,131.86720514464503,0.197265625,14.986967086791992,-2.90979968170166,-0.6014300451660155,146.3853554121163,2.227205144645012,18.27517890930176,0.0,0.2696389093017579,14.850818634033203,14.986967086791992,14.986967086791992,202
20201005T120000,CHAN-HOM,139.3,23.0,18.00554,129.64,5.506186485290527,17.423969268798828,545.678089686207,136.26833578670715,0.0,,-12.499353514709473,-0.5815707312011718,416.0380896862071,6.62833578670714,17.813159942626953,0.0,-0.1923800573730467,,,,0
20201005T180000,CHAN-HOM,139.1,23.4,20.57776,129.64,15.470561027526855,17.86611557006836,594.1190607553287,221.284002676452,0.0166015625,13.70086669921875,-5.107198972473146,-2.711644429931642,464.4790607553288,91.64400267645192,18.38525009155273,0.0,-2.192509908447267,13.646766662597656,13.70086669921875,13.70086669921875,17
20201006T000000,CHAN-HOM,138.6,23.9,23.14998,129.64,16.964235305786133,18.876611709594727,344.85755522075755,247.45057152386744,0.26171875,18.30589485168457,-6.1857446942138665,-4.273368290405273,215.2175552207576,117.81057152386742,20.0674991607666,0.0,-3.0824808392333978,18.167381286621094,18.30589485168457,18.30589485168457,268
20201006T060000,CHAN-HOM,138.2,24.1,23.14998,129.64,19.53167152404785,20.484798431396484,143.65008353008534,190.14466607507143,0.2783203125,21.525758743286133,-3.618308475952148,-2.665181568603515,14.010083530085325,60.50466607507144,22.39210700988769,0.0,-0.757872990112304,21.14101791381836,21.525758743286133,21.525758743286133,285
20201006T120000,CHAN-HOM,137.6,24.3,25.7222,120.38,4.726017475128174,22.673019409179688,546.0034625718924,129.4431085607768,0.0,,-20.996182524871827,-3.0491805908203133,425.6234625718925,9.063108560776795,25.65738296508789,0.0,-0.0648170349121102,,,,0
20201006T180000,CHAN-HOM,136.8,24.7,28.29442,120.38,12.90910816192627,23.758390426635746,491.6276282865768,118.263857118438,0.0205078125,13.138239860534668,-15.385311838073733,-4.53602957336426,371.2476282865768,-2.1161428815619985,26.28801918029785,0.0,-2.0064008197021472,13.025922775268555,13.138239860534668,13.138239860534668,21
20201007T000000,CHAN-HOM,135.8,25.1,30.86664,120.38,49.670448303222656,25.113506317138672,66.8899215163015,140.8289844422398,0.322265625,24.12447929382324,18.803808303222656,-5.753133682861328,-53.49007848369851,20.44898444223979,29.468673706054688,0.0,-1.3979662939453128,23.819866180419922,24.124479293823242,24.124479293823242,330
20201007T060000,CHAN-HOM,134.8,25.8,33.43886,37.04,34.69123077392578,25.17740821838379,325.6267983691112,85.9380262611567,0.248046875,26.657623291015625,1.252370773925783,-8.26145178161621,288.5867983691112,48.89802626115669,30.28546905517578,0.0,-3.153390944824217,26.66849136352539,26.657623291015625,26.657623291015625,254
20201007T120000,CHAN-HOM,133.8,26.4,33.43886,37.04,4.798374652862549,29.458425521850582,519.1440826600206,109.85050710107674,0.0,,-28.64048534713745,-3.980434478149412,482.1040826600205,72.81050710107675,36.94287872314453,0.0,3.504018723144533,,,,0
20201007T150000,CHAN-HOM,133.3,26.8,33.43886,37.04,6.413177013397217,26.448122024536133,498.9001367325635,89.39435146724469,0.0,,-27.02568298660278,-6.990737975463865,461.8601367325635,52.35435146724469,36.94287872314453,3.0,3.504018723144533,,,,0
20201007T180000,CHAN-HOM,133.0,27.2,33.43886,37.04,24.269426345825195,26.91948699951172,331.14308166726244,114.35163872270697,0.02734375,19.462921142578125,-9.169433654174805,-6.51937300048828,294.1030816672624,77.31163872270696,32.086238861083984,0.0,-1.352621138916014,19.08557891845703,19.462921142578125,19.462921142578125,28
20201007T210000,CHAN-HOM,132.8,27.6,33.43886,46.3,42.27289962768555,28.957687377929688,338.7639046679665,136.2636518037577,0.2431640625,39.4721794128418,8.834039627685549,-4.481172622070311,292.46390466796646,89.9636518037577,32.086238861083984,3.0,-1.352621138916014,39.09730529785156,39.4721794128418,39.4721794128418,249
20201008T000000,CHAN-HOM,132.8,27.9,33.43886,55.56,39.2705078125,28.66342544555664,348.5779900357152,137.282734336036,0.3251953125,39.4721794128418,5.831647812500002,-4.775434554443358,293.0179900357152,81.72273433603598,36.73949813842773,0.0,3.300638138427736,38.2078857421875,39.4721794128418,39.4721794128418,333
20201008T030000,CHAN-HOM,132.8,28.3,33.43886,51.856,39.858665466308594,27.53404998779297,179.87646342576755,136.42276785945356,0.3212890625,38.39647674560547,6.419805466308596,-5.9048100122070295,128.02046342576756,84.56676785945356,36.73949813842773,3.0,3.300638138427736,37.67580795288086,38.39647674560547,38.39647674560547,329
20201008T060000,CHAN-HOM,132.9,28.7,33.43886,46.3,38.93751525878906,27.95159149169922,135.79804131403054,95.49447663273988,0.20703125,38.39647674560547,5.498655258789064,-5.48726850830078,89.49804131403053,49.194476632739885,34.663944244384766,0.0,1.2250842443847674,37.61221694946289,38.39647674560547,38.39647674560547,212
20201008T090000,CHAN-HOM,133.1,29.0,33.43886,42.596,15.01781940460205,28.43947982788086,462.91890944089374,119.98085402026403,0.0,,-18.421040595397947,-4.999380172119139,420.32290944089374,77.38485402026404,34.663944244384766,3.0,1.2250842443847674,,,,0
20201008T150000,CHAN-HOM,133.4,29.7,36.01108,37.04,11.205090522766112,29.786842346191406,405.7354671419631,114.57159003044347,0.0,,-24.805989477233886,-6.2242376538085935,368.69546714196304,77.53159003044348,40.018341064453125,3.0,4.007261064453125,,,,0
20201008T180000,CHAN-HOM,133.4,30.0,36.01108,37.04,12.9409761428833,30.687179565429688,411.09877165905465,109.542786518941,0.021484375,13.952619552612305,-23.0701038571167,-5.323900434570312,374.0587716590546,72.50278651894101,39.41248321533203,0.0,3.4014032153320315,13.773189544677734,13.952619552612305,13.952619552612305,22
20201008T210000,CHAN-HOM,133.4,30.1,36.01108,33.336,35.17335891723633,28.96449089050293,122.7046373961648,124.55643255631593,0.125,33.57251739501953,-0.8377210827636716,-7.04658910949707,89.36863739616481,91.22043255631591,39.41248321533203,3.0,3.4014032153320315,33.019100189208984,33.57251739501953,33.57251739501953,128
20201009T000000,CHAN-HOM,133.4,30.3,36.01108,27.78,39.40171813964844,27.198219299316406,293.16299523322505,104.67723117375732,0.2587890625,33.57251739501953,3.3906381396484377,-8.812860700683594,265.3829952332251,76.89723117375732,36.91433334350586,0.0,0.9032533435058596,32.9772834777832,33.57251739501953,33.57251739501953,265
20201009T030000,CHAN-HOM,133.5,30.4,36.01108,27.78,36.43936538696289,26.490678787231445,279.26070427417045,136.8398907673364,0.322265625,33.362178802490234,0.4282853869628908,-9.520401212768554,251.48070427417045,109.0598907673364,36.91433334350586,3.0,0.9032533435058596,31.591724395751953,33.362178802490234,33.362178802490234,330
20201009T060000,CHAN-HOM,133.6,30.6,36.01108,27.78,44.94556427001953,24.666671752929688,58.42608578579587,169.38646535703344,0.1396484375,28.08247947692871,8.934484270019531,-11.344408247070312,30.64608578579587,141.60646535703344,29.994752883911133,0.0,-6.016327116088867,27.973159790039062,28.08247947692871,28.08247947692871,143
20201009T090000,CHAN-HOM,133.8,30.8,33.43886,33.336,16.836559295654297,24.093408584594727,495.9523905869162,160.64089839059,0.0,,-16.6023007043457,-9.345451415405272,462.61639058691617,127.30489839059,29.994752883911133,3.0,-3.444107116088865,,,,0
20201009T150000,CHAN-HOM,134.4,31.2,30.86664,55.56,14.175743103027344,25.90487670898437,428.13544833059103,139.7588960909129,0.0,,-16.690896896972657,-4.961763291015625,372.57544833059103,84.19889609091291,33.4755859375,3.0,2.6089459375,,,,0
20201009T180000,CHAN-HOM,134.8,31.4,28.29442,74.08,19.67265510559082,22.43026351928711,221.1088579562531,175.89475341930248,0.0849609375,16.420101165771484,-8.621764894409182,-5.864156480712893,147.0288579562531,101.81475341930248,26.90484046936035,0.0,-1.3895795306396472,16.364933013916016,16.420101165771484,16.420101165771484,87
20201009T210000,CHAN-HOM,135.3,31.7,28.29442,70.376,24.57599449157715,22.040203094482425,155.9905868561816,131.68549558524103,0.1220703125,24.56494140625,-3.718425508422854,-6.2542169055175805,85.6145868561816,61.309495585241024,26.90484046936035,3.0,-1.3895795306396472,23.645662307739258,24.56494140625,24.56494140625,125
20201010T000000,CHAN-HOM,135.7,32.0,28.29442,64.82000000000001,32.71548080444336,23.107940673828125,222.24897702098465,97.54980145994756,0.2470703125,29.37495803833008,4.421060804443357,-5.186479326171877,157.42897702098463,32.72980145994755,29.35107612609864,0.0,1.056656126098634,28.09162712097168,29.374958038330078,29.374958038330078,253
20201010T030000,CHAN-HOM,136.2,32.1,28.29442,64.82000000000001,29.2046012878418,24.509185791015625,151.229430079595,141.9469580871812,0.2265625,29.37495803833008,0.9101812878417944,-3.785234208984377,86.409430079595,77.1269580871812,29.35107612609864,3.0,1.056656126098634,28.10374641418457,29.374958038330078,29.374958038330078,232
20201010T060000,CHAN-HOM,136.9,32.2,28.29442,64.82000000000001,9.92025089263916,25.19705581665039,215.0722044680432,133.15882868828436,0.001953125,8.74280834197998,-18.37416910736084,-3.097364183349612,150.2522044680432,68.33882868828435,32.11784744262695,0.0,3.8234274426269534,,,,2
20201010T090000,CHAN-HOM,137.5,32.2,28.29442,64.82000000000001,14.829276084899902,24.18678092956543,186.6155672427685,118.33044696267106,0.0,,-13.4651439151001,-4.107639070434573,121.79556724276846,53.510446962671054,32.11784744262695,3.0,3.8234274426269534,,,,0
20201010T150000,CHAN-HOM,138.8,32.2,25.7222,64.82000000000001,12.209959983825684,18.395448684692383,251.80942739234905,150.58869273337814,0.0,,-13.512240016174315,-7.326751315307618,186.989427392349,85.76869273337813,24.34920310974121,3.0,-1.37299689025879,,,,0
20201010T180000,CHAN-HOM,139.4,32.1,25.7222,64.82000000000001,37.66399002075195,18.812238693237305,207.20576588886408,135.12622460202067,0.15625,20.148897171020508,11.941790020751952,-6.909961306762696,142.38576588886406,70.30622460202066,20.503427505493164,0.0,-5.218772494506837,19.707565307617188,20.148897171020508,20.148897171020508,160
20201010T180000,LINFA,110.6,14.7,18.00554,55.56,15.922880172729492,15.498062133789062,298.4165146073735,114.92886234784028,0.14453125,16.588281631469727,-2.082659827270508,-2.5074778662109374,242.85651460737347,59.36886234784028,15.763500213623049,0.0,-2.242039786376953,16.55752944946289,16.588281631469727,16.588281631469727,148
20201010T210000,CHAN-HOM,140.0,32.2,25.7222,83.34,28.321901321411133,17.97978973388672,294.38877374849653,213.74072506000303,0.3173828125,22.494441986083984,2.599701321411132,-7.742410266113282,211.04877374849653,130.40072506000303,20.503427505493164,3.0,-5.218772494506837,21.656780242919922,22.494441986083984,22.494441986083984,325
20201011T000000,CHAN-HOM,140.5,32.1,23.14998,101.86,18.13964080810547,17.811962127685547,176.6123361559367,142.25474998823665,0.4169921875,24.529970169067383,-5.010339191894531,-5.3380178723144525,74.7523361559367,40.39474998823663,21.052505493164062,0.0,-2.097474506835937,23.5771541595459,24.529970169067383,24.529970169067383,427
20201011T000000,LINFA,109.5,14.8,23.14998,46.3,12.932222366333008,14.423210144042969,348.36559895256784,258.8732958416464,0.0107421875,13.038955688476562,-10.217757633666992,-8.72676985595703,302.0655989525678,212.5732958416464,14.767622947692873,0.0,-8.382357052307128,13.027057647705078,13.038955688476562,13.038955688476562,11
20201012T060000,NANGKA,115.9,17.8,18.00554,55.56,19.73984336853028,16.62802505493164,99.80192786487488,121.8707180520918,0.279296875,23.90987205505371,1.7343033685302736,-1.3775149450683593,44.24192786487488,66.3107180520918,17.173831939697266,0.0,-0.8317080603027343,22.548768997192383,23.90987205505371,23.90987205505371,286
20201012T180000,NANGKA,113.6,18.2,20.57776,55.56,18.81577110290528,17.617767333984375,219.7869380598553,192.82701928989889,0.091796875,18.976938247680664,-1.761988897094728,-2.9599926660156264,164.22693805985534,137.26701928989888,18.418745040893555,0.0,-2.1590149591064467,18.82208251953125,18.976938247680664,18.976938247680664,94
20201013T000000,NANGKA,112.3,18.4,23.14998,55.56,22.249876022338867,17.077823638916016,199.1279328523976,153.58887320293073,0.0263671875,23.59783363342285,-0.9001039776611321,-6.072156361083984,143.5679328523976,98.02887320293073,17.740488052368164,0.0,-5.409491947631835,23.37255859375,23.59783363342285,23.59783363342285,27
20201013T060000,NANGKA,111.2,18.7,23.14998,55.56,17.535594940185547,16.7547664642334,162.7728070773057,321.77151977339355,0.216796875,18.96357727050781,-5.6143850598144525,-6.395213535766601,107.21280707730573,266.21151977339355,18.070465087890625,0.0,-5.079514912109374,18.599708557128906,18.963577270507812,18.963577270507812,222
20201013T120000,NANGKA,110.5,19.1,23.14998,18.52,7.462722778320312,17.616004943847656,407.959052670012,174.0478046309318,0.0,,-15.687257221679689,-5.533975056152343,389.439052670012,155.5278046309318,18.507755279541016,0.0,-4.642224720458984,,,,0
20201020T000000,SAUDEL,124.7,15.5,18.00554,83.34,19.88242530822754,16.073986053466797,610.2771875712118,472.3578476400252,0.1865234375,18.96514892578125,1.8768853082275392,-1.931553946533203,526.9371875712118,389.01784764002525,17.10624122619629,0.0,-0.8992987738037108,18.25665283203125,18.96514892578125,18.96514892578125,191
20201020T060000,SAUDEL,123.3,15.9,18.00554,83.34,7.707155704498291,17.215961456298828,389.1304027035637,453.2622553028335,0.0,,-10.298384295501709,-0.7895785437011718,305.7904027035637,369.9222553028335,17.425617218017578,0.0,-0.5799227819824218,,,,0
20201020T120000,SAUDEL,122.0,16.0,18.00554,74.08,16.973657608032227,16.920196533203125,70.77340566316525,429.0877733285557,0.0283203125,13.89685344696045,-1.031882391967773,-1.0853434667968749,-3.306594336834749,355.00777332855574,17.36524200439453,0.0,-0.6402979956054686,13.803857803344727,13.89685344696045,13.89685344696045,29
20201020T180000,SAUDEL,120.1,16.2,18.00554,74.08,17.66428565979004,17.2065372467041,403.97991452149626,166.31511989763635,0.1337890625,20.02303695678711,-0.3412543402099608,-0.7990027532958983,329.89991452149627,92.23511989763637,17.857486724853516,0.0,-0.1480532751464842,19.784393310546875,20.02303695678711,20.02303695678711,137
20201021T000000,SAUDEL,119.0,16.0,18.00554,64.82000000000001,37.546199798583984,17.82830810546875,278.66212256535886,236.6624793328201,0.0791015625,21.21045684814453,19.540659798583984,-0.1772318945312498,213.8421225653589,171.84247933282012,19.358718872070312,0.0,1.3531788720703126,20.961090087890625,21.21045684814453,21.21045684814453,81
20201021T060000,SAUDEL,118.1,16.1,23.14998,64.82000000000001,7.792450904846191,20.06405639648437,429.804020898796,108.48885195640808,0.0,,-15.357529095153808,-3.0859236035156243,364.984020898796,43.66885195640806,23.05479431152344,0.0,-0.0951856884765618,,,,0
20201021T120000,SAUDEL,117.5,16.0,28.29442,74.08,19.629344940185547,18.43047332763672,245.4504894011615,135.09716457031786,0.0224609375,16.551603317260742,-8.665075059814455,-9.863946672363284,171.37048940116148,61.01716457031786,20.534687042236328,0.0,-7.759732957763671,16.41370391845703,16.551603317260742,16.551603317260742,23
20201021T180000,SAUDEL,116.9,16.3,28.29442,46.3,22.09088706970215,20.051063537597656,107.43128567538103,147.3572675271024,0.232421875,26.180118560791016,-6.203532930297854,-8.243356462402346,61.13128567538104,101.0572675271024,21.74643516540528,0.0,-6.547984834594725,23.643301010131836,26.180118560791016,26.180118560791016,238
20201022T000000,SAUDEL,116.5,16.8,30.86664,37.04,38.79134750366211,19.09961128234864,357.0985397808669,103.71651277070448,0.1337890625,26.82612991333008,7.924707503662109,-11.767028717651367,320.05853978086685,66.67651277070448,20.99255752563477,0.0,-9.874082474365236,25.732669830322266,26.826129913330078,26.826129913330078,137
20201022T120000,SAUDEL,116.0,17.3,33.43886,37.04,45.16941452026367,20.71318817138672,113.12871732360648,92.06919939868904,0.0791015625,28.566919326782227,11.730554520263674,-12.72567182861328,76.08871732360646,55.02919939868905,23.31673049926757,0.0,-10.12212950073242,28.0372314453125,28.566919326782227,28.566919326782227,81
20201022T180000,SAUDEL,115.7,17.7,33.43886,46.3,44.34903717041016,22.28563117980957,108.68160826267231,135.08447266057482,0.1650390625,31.41931915283203,10.910177170410158,-11.153228820190428,62.38160826267232,88.7844726605748,25.44623565673828,0.0,-7.992624343261717,30.871004104614258,31.41931915283203,31.41931915283203,169
20201023T000000,SAUDEL,115.3,17.7,33.43886,37.04,31.094951629638672,21.4587459564209,158.93080180382137,112.22949742867732,0.2099609375,33.123512268066406,-2.3439083703613264,-11.9801140435791,121.89080180382138,75.18949742867733,24.65766906738281,0.0,-8.781190932617186,31.90947914123535,33.123512268066406,33.123512268066406,215
20201023T120000,SAUDEL,114.5,17.8,30.86664,37.04,36.91604232788086,21.88587951660156,233.53301203485387,147.92194483365031,0.11328125,25.5905990600586,6.049402327880859,-8.980760483398438,196.49301203485388,110.88194483365032,27.258888244628903,0.0,-3.607751755371094,25.523252487182617,25.590599060058594,25.590599060058594,116
20201023T180000,SAUDEL,113.9,17.8,28.29442,37.04,21.75757598876953,20.376873016357425,320.8868132163931,182.1462697435937,0.1064453125,24.047821044921875,-6.536844011230471,-7.91754698364258,283.84681321639306,145.10626974359374,22.5022087097168,0.0,-5.792211290283202,23.843507766723633,24.047821044921875,24.047821044921875,109
20201024T000000,SAUDEL,113.3,17.8,28.29442,37.04,27.545717239379883,19.59531021118164,357.214560882154,102.13012045576656,0.1962890625,27.16552734375,-0.7487027606201195,-8.699109788818362,320.174560882154,65.09012045576657,23.59144401550293,0.0,-4.702975984497069,26.671669006347656,27.16552734375,27.16552734375,201
20201024T120000,MOLAVE,128.9,13.3,20.57776,74.08,19.94063186645508,15.210203170776367,241.64507818395464,169.41274689729153,0.205078125,16.18770408630371,-0.6371281335449233,-5.367556829223634,167.56507818395465,95.33274689729151,15.098970413208008,0.0,-5.478789586791994,16.17748260498047,16.18770408630371,16.18770408630371,210
20201024T120000,SAUDEL,111.5,17.5,25.7222,37.04,25.63107109069824,18.78191566467285,553.5057697396959,134.29339103842608,0.2255859375,30.11176872253418,-0.0911289093017586,-6.940284335327149,516.4657697396959,97.25339103842607,20.927227020263672,0.0,-4.794972979736329,27.937257766723633,30.11176872253418,30.11176872253418,231
20201024T180000,MOLAVE,127.7,13.5,23.14998,74.08,12.353556632995604,15.406689643859863,365.0445822183577,107.56447146676264,0.0185546875,13.345541000366213,-10.796423367004394,-7.743290356140136,290.9645822183577,33.484471466762656,15.646940231323242,0.0,-7.503039768676757,13.319143295288086,13.345541000366211,13.345541000366211,19
20201024T180000,SAUDEL,110.3,17.5,25.7222,37.04,21.05708122253418,16.507671356201172,312.0358627634444,114.74550907927278,0.0263671875,22.209047317504883,-4.665118777465821,-9.214528643798827,274.9958627634444,77.70550907927279,17.32809829711914,0.0,-8.39410170288086,21.994409561157227,22.209047317504883,22.209047317504883,27
20201025T000000,MOLAVE,126.4,13.5,25.7222,37.04,25.84678840637207,17.6483154296875,53.19280233841408,137.31413120716272,0.1005859375,17.608156204223633,0.1245884063720694,-8.0738845703125,16.152802338414084,100.27413120716272,18.31059455871582,0.0,-7.41160544128418,17.816776275634766,17.608156204223633,17.608156204223633,103
20201025T000000,SAUDEL,109.2,17.5,23.14998,46.3,19.13475608825684,15.14876937866211,107.27258862043747,92.3859948205096,0.138671875,20.29567527770996,-4.015223911743163,-8.00121062133789,60.972588620437485,46.08599482050959,20.436891555786133,0.0,-2.7130884442138665,19.89723777770996,20.29567527770996,20.29567527770996,142
20201025T120000,MOLAVE,123.2,13.3,36.01108,27.78,24.90436363220215,18.9355697631836,187.51800295251525,121.01856263436692,0.0908203125,20.143150329589844,-11.106716367797851,-17.075510236816406,159.73800295251525,93.23856263436691,21.875215530395508,0.0,-14.135864469604492,18.655269622802734,20.143150329589844,20.143150329589844,93
20201025T180000,MOLAVE,121.8,13.2,36.01108,18.52,12.396278381347656,18.560670852661133,586.9981043166474,93.6779551624005,0.0068359375,11.65210247039795,-23.614801618652344,-17.450409147338867,568.4781043166474,75.1579551624005,20.064350128173828,0.0,-15.946729871826172,11.4511137008667,11.65210247039795,11.65210247039795,7
20201026T000000,MOLAVE,120.4,13.1,36.01108,18.52,32.75874328613281,21.50004005432129,136.0745128565959,42.67399896745373,0.1171875,16.605619430541992,-3.252336713867188,-14.51103994567871,117.5545128565959,24.153998967453727,28.957508087158203,0.0,-7.053571912841797,16.34109878540039,16.605619430541992,16.605619430541992,120
20201026T060000,MOLAVE,118.9,13.2,33.43886,18.52,6.369491100311279,22.28407287597656,461.2365265058481,90.9411420009038,0.0,,-27.06936889968872,-11.154787124023436,442.7165265058481,72.42114200090381,26.26408576965332,0.0,-7.174774230346678,,,,0
20201026T120000,MOLAVE,117.6,13.3,38.5833,18.52,35.190921783447266,23.45887756347656,30.900487200732016,91.77555755484704,0.138671875,28.7612419128418,-3.392378216552736,-15.12442243652344,12.380487200732016,73.25555755484703,28.343488693237305,0.0,-10.239811306762697,28.427200317382812,28.761241912841797,28.761241912841797,142
20201026T180000,MOLAVE,116.0,13.4,41.15552,27.78,29.08893775939941,21.991905212402344,151.9240733771525,54.51742051334367,0.060546875,23.45319938659668,-12.066582240600589,-19.16361478759766,124.1440733771525,26.73742051334367,25.74479484558105,0.0,-15.410725154418948,23.250734329223633,23.45319938659668,23.45319938659668,62
20201027T000000,MOLAVE,114.6,13.4,43.72774,27.78,34.75260543823242,25.458852767944336,191.8301671785761,80.6615247294862,0.1923828125,26.72263526916504,-8.975134561767582,-18.26888723205567,164.05016717857606,52.8815247294862,30.940147399902344,0.0,-12.787592600097652,26.2838134765625,26.72263526916504,26.72263526916504,197
20201027T060000,MOLAVE,113.2,13.5,46.29996,18.52,6.434109687805176,27.45693588256836,583.7269559016563,121.89453750913798,0.0,,-39.86585031219482,-18.84302411743164,565.2069559016563,103.37453750913798,33.3944206237793,0.0,-12.905539376220702,,,,0
20201027T120000,MOLAVE,112.1,13.8,46.29996,18.52,29.493242263793945,26.67155838012696,80.69970245547061,119.5648831502032,0.1337890625,29.64095115661621,-16.806717736206053,-19.62840161987305,62.17970245547062,101.0448831502032,38.30286407470703,0.0,-7.997095925292967,28.072973251342773,29.64095115661621,29.64095115661621,137
20201027T180000,MOLAVE,111.0,14.1,43.72774,37.04,28.92807579040528,30.095996856689453,426.2397989218829,71.92751250777448,0.04296875,17.25359535217285,-14.79966420959473,-13.631743143310551,389.19979892188286,34.88751250777448,35.997894287109375,0.0,-7.729845712890622,17.19054412841797,17.25359535217285,17.25359535217285,44
20201028T000000,MOLAVE,109.8,14.6,41.15552,37.04,37.437835693359375,29.07419204711914,26.289536568907,66.76858471902952,0.0576171875,35.097774505615234,-3.717684306640628,-12.081327952880862,-10.750463431093,29.72858471902952,38.28213119506836,0.0,-2.8733888049316434,34.78158950805664,35.097774505615234,35.097774505615234,59
20201028T180000,GONI,137.9,16.6,18.00554,55.56,13.300946235656738,17.200233459472656,30.694263976766457,91.00293237138231,0.322265625,13.849377632141112,-4.704593764343262,-0.8053065405273436,-24.865736023233545,35.44293237138231,18.093400955200195,0.0,0.0878609552001954,13.774575233459473,13.849377632141113,13.849377632141113,330
20201029T000000,GONI,136.9,16.6,23.14998,37.04,5.2054548263549805,16.89946746826172,247.42321280764816,138.95133063799452,0.0,,-17.94452517364502,-6.250512531738281,210.38321280764816,101.91133063799452,18.16253471374512,0.0,-4.987445286254882,,,,0
20201029T060000,GONI,135.8,16.7,25.7222,37.04,6.172194480895996,16.073871612548828,294.9286180855349,112.32986208758916,0.0107421875,6.204622745513916,-19.550005519104005,-9.648328387451173,257.88861808553486,75.28986208758914,16.944217681884766,0.0,-8.777982318115235,6.1607770919799805,6.204622745513916,6.204622745513916,11
20201029T120000,GONI,134.6,16.6,33.43886,18.52,28.175722122192383,16.906585693359375,135.88414338926165,114.00576021718015,0.1962890625,22.25251007080078,-5.263137877807615,-16.532274306640623,117.36414338926166,95.48576021718016,20.65171432495117,0.0,-12.787145675048826,22.020109176635742,22.25251007080078,22.25251007080078,201
20201029T180000,GONI,133.4,16.4,38.5833,12.964,25.54530334472656,17.239248275756836,85.76859843385077,119.61617392973471,0.341796875,23.68096160888672,-13.03799665527344,-21.344051724243165,72.80459843385077,106.65217392973472,18.242929458618164,0.0,-20.34037054138184,23.383060455322266,23.68096160888672,23.68096160888672,350
20201030T000000,GONI,132.7,16.3,43.72774,9.26,7.559881687164307,18.26220321655273,541.2807110781571,98.04801832378806,0.0,,-36.1678583128357,-25.46553678344727,532.0207110781571,88.78801832378805,20.1618766784668,0.0,-23.5658633215332,,,,0
20201030T060000,GONI,131.6,16.4,51.4444,9.26,7.1913228034973145,18.06591796875,543.6479259507119,84.10029962612015,0.0126953125,11.278616905212402,-44.25307719650269,-33.37848203125,534.3879259507119,74.84029962612014,19.75007057189941,0.0,-31.694329428100588,11.203299522399902,11.278616905212402,11.278616905212402,13
20201030T120000,GONI,130.9,16.1,59.16106,9.26,14.688676834106444,18.965517044067383,282.67425719998727,102.76026698841402,0.2197265625,18.546390533447266,-44.472383165893554,-40.195542955932616,273.4142571999873,93.500266988414,21.254676818847656,0.0,-37.90638318115234,17.901094436645508,18.546390533447266,18.546390533447266,225
20201030T180000,GONI,129.9,15.9,59.16106,9.26,21.01934814453125,18.66840171813965,195.4963189548572,80.6604791776507,0.33984375,24.320554733276367,-38.14171185546875,-40.49265828186035,186.23631895485715,71.4004791776507,20.159086227416992,0.0,-39.00197377258301,23.249692916870117,24.320554733276367,24.320554733276367,348
20201031T000000,GONI,128.8,15.3,59.16106,9.26,7.057770729064941,22.23448944091797,278.64927289958706,66.62779492795896,0.0,,-52.10328927093506,-36.92657055908203,269.38927289958707,57.36779492795896,25.494281768798828,0.0,-33.66677823120117,,,,0
20201031T060000,GONI,127.6,14.7,59.16106,12.964,12.92304515838623,22.99699783325196,142.82233690842747,75.10457328154396,0.009765625,15.969146728515623,-46.23801484161377,-36.164062166748046,129.85833690842748,62.140573281543965,26.54142951965332,0.0,-32.61963048034668,15.519721031188965,15.969146728515625,15.969146728515625,10
20201031T120000,GONI,126.5,14.2,59.16106,9.26,43.6905403137207,23.544422149658203,524.588327047425,103.7305335250876,0.10546875,21.66646385192871,-15.470519686279296,-35.6166378503418,515.328327047425,94.4705335250876,27.07613945007324,0.0,-32.08492054992676,21.56511688232422,21.66646385192871,21.66646385192871,108
20201031T180000,GONI,125.0,13.7,61.73328,9.26,51.61408233642578,22.882551193237305,190.92362597729124,110.51612602313648,0.197265625,31.66126823425293,-10.11919766357422,-38.850728806762696,181.66362597729125,101.25612602313646,27.15300369262696,0.0,-34.58027630737305,31.129074096679688,31.66126823425293,31.66126823425293,202
20201101T000000,GONI,123.6,13.5,51.4444,9.26,7.676112174987793,22.97037506103516,329.4587641920535,100.2798166439842,0.0,,-43.76828782501221,-28.474024938964845,320.1987641920535,91.0198166439842,26.05298614501953,0.0,-25.39141385498047,,,,0
20201101T060000,GONI,122.2,13.7,30.86664,9.26,11.036455154418944,20.909564971923828,247.4796046243365,82.84091389694035,0.0126953125,11.477436065673828,-19.83018484558105,-9.957075028076172,238.2196046243365,73.58091389694034,24.137285232543945,0.0,-6.729354767456055,11.354033470153809,11.477436065673828,11.477436065673828,13
20201101T120000,GONI,121.2,14.1,23.14998,9.26,16.753679275512695,15.702306747436523,189.9069991098728,403.121297198338,0.07421875,16.074630737304688,-6.396300724487304,-7.447673252563476,180.6469991098728,393.861297198338,17.28959846496582,0.0,-5.860381535034179,16.007526397705078,16.074630737304688,16.074630737304688,76
20201101T180000,GONI,119.8,14.5,18.00554,55.56,18.11885452270508,15.979877471923828,403.5138431006711,378.0161695094623,0.1240234375,18.68852806091309,0.1133145227050782,-2.025662528076172,347.95384310067107,322.4561695094623,16.57611846923828,0.0,-1.4294215307617186,18.45720100402832,18.688528060913086,18.688528060913086,127
20201102T000000,GONI,118.7,14.7,18.00554,55.56,6.871738910675049,15.296424865722656,416.2366581151287,380.9266029622273,0.0,,-11.133801089324953,-2.709115134277344,360.6766581151287,325.3666029622273,16.102642059326172,0.0,-1.902897940673828,,,,0
20201102T060000,GONI,117.9,15.1,18.00554,55.56,20.817676544189453,15.75808334350586,362.7568335485902,244.98450593925216,0.0341796875,17.425771713256836,2.812136544189453,-2.2474566564941405,307.1968335485902,189.42450593925216,16.01650047302246,0.0,-1.989039526977539,16.563888549804688,17.425771713256836,17.425771713256836,35
20201102T120000,GONI,116.8,15.2,18.00554,55.56,14.60337734222412,14.60177230834961,303.69433812104586,202.22151116580977,0.15234375,15.060995101928713,-3.402162657775879,-3.4037676916503905,248.13433812104583,146.66151116580977,15.151421546936035,0.0,-2.8541184530639647,14.943538665771484,15.060995101928711,15.060995101928711,156
20201102T180000,ATSANI,127.2,19.9,18.00554,64.82000000000001,16.991174697875977,19.040462493896484,231.85965659972112,149.67742880148708,0.5322265625,16.893835067749023,-1.014365302124023,1.0349224938964845,167.03965659972113,84.85742880148707,21.14235496520996,0.0,3.136814965209961,16.754566192626953,16.893835067749023,16.893835067749023,545
20201102T180000,GONI,116.1,15.1,18.00554,55.56,14.641579627990724,14.392614364624023,168.58148124691286,236.85484547463423,0.2197265625,15.975899696350098,-3.363960372009277,-3.612925635375976,113.02148124691286,181.29484547463423,15.101713180541992,0.0,-2.903826819458008,15.475967407226562,15.975899696350098,15.975899696350098,225
20201103T000000,ATSANI,127.6,20.0,20.57776,64.82000000000001,5.994488716125488,17.163970947265625,437.6404074261555,161.0960334743076,0.0,,-14.583271283874511,-3.4137890527343764,372.8204074261555,96.2760334743076,18.386062622070312,0.0,-2.191697377929689,,,,0
20201103T000000,GONI,115.5,14.9,18.00554,55.56,7.040926456451416,14.576227188110352,584.5478306796407,226.4596553051389,0.0,,-10.964613543548584,-3.4293128118896483,528.9878306796406,170.8996553051389,15.699405670166016,0.0,-2.3061343298339843,,,,0
20201103T060000,ATSANI,128.1,20.0,20.57776,64.82000000000001,17.41942024230957,16.84673500061035,106.588472384826,140.66551220076474,0.1103515625,17.150754928588867,-3.158339757690431,-3.73102499938965,41.768472384826,75.84551220076473,17.717227935791016,0.0,-2.8605320642089858,17.131193161010742,17.150754928588867,17.150754928588867,113
20201103T060000,GONI,115.2,14.7,18.00554,55.56,18.46097946166992,17.289791107177734,410.0429007646469,206.1566039639161,0.1923828125,18.72519302368164,0.455439461669922,-0.7157488928222655,354.4829007646469,150.5966039639161,18.220447540283203,0.0,0.2149075402832032,18.633054733276367,18.72519302368164,18.72519302368164,197
20201103T120000,ATSANI,128.6,19.8,20.57776,64.82000000000001,24.76565361022949,16.65739631652832,463.51199554591807,350.0698080631135,0.0029296875,8.695870399475098,4.187893610229491,-3.920363683471681,398.6919955459181,285.2498080631135,17.718584060668945,0.0,-2.859175939331056,8.611133575439453,8.695870399475098,8.695870399475098,3
20201103T120000,GONI,114.8,14.7,18.00554,55.56,20.326690673828125,16.01239776611328,464.63849561009215,162.73107002461447,0.0390625,15.498906135559082,2.321150673828125,-1.9931422338867184,409.07849561009215,107.17107002461448,16.887893676757812,0.0,-1.1176463232421874,15.484078407287598,15.498906135559082,15.498906135559082,40
20201103T180000,ATSANI,128.9,19.8,20.57776,64.82000000000001,20.28129196166992,17.897661209106445,374.37219015334375,237.0913548266576,0.376953125,23.5517692565918,-0.2964680383300795,-2.680098790893556,309.55219015334376,172.2713548266576,19.413583755493164,0.0,-1.164176244506837,22.640518188476562,23.551769256591797,23.551769256591797,386
20201103T180000,GONI,114.1,14.6,18.00554,55.56,15.760302543640137,16.333656311035156,498.6440311419796,214.488742983236,0.271484375,17.50149917602539,-2.245237456359863,-1.6718836889648436,443.0840311419796,158.92874298323594,16.857471466064453,0.0,-1.1480685339355468,17.35152816772461,17.50149917602539,17.50149917602539,278
20201104T060000,ATSANI,129.1,20.3,23.14998,83.34,32.301483154296875,20.370948791503903,43.07459989570035,136.74328907628538,0.126953125,23.392274856567383,9.151503154296876,-2.779031208496093,-40.26540010429965,53.403289076285375,23.17305374145508,0.0,0.0230737414550787,23.341081619262695,23.392274856567383,23.392274856567383,130
20201104T060000,GONI,113.3,14.3,20.57776,55.56,43.04756927490234,15.502867698669434,445.83809155251583,147.3427386966528,0.201171875,21.735803604125977,22.469809274902342,-5.074892301330568,390.27809155251583,91.7827386966528,15.741076469421388,0.0,-4.836683530578615,20.872495651245117,21.735803604125977,21.735803604125977,206
20201104T120000,ATSANI,128.7,20.2,25.7222,27.78,25.45418930053711,19.966049194335938,492.4181400252724,121.58765919476372,0.072265625,18.93834686279297,-0.2680106994628914,-5.756150805664063,464.6381400252724,93.80765919476372,26.27459716796875,0.0,0.5523971679687492,18.92998504638672,18.93834686279297,18.93834686279297,74
20201104T120000,GONI,112.7,14.3,20.57776,55.56,17.97113609313965,16.94304656982422,558.6790642786834,175.31700674917698,0.0693359375,15.736245155334473,-2.606623906860353,-3.634713430175783,503.1190642786834,119.75700674917698,18.045244216918945,0.0,-2.532515783081056,15.677863121032715,15.736245155334473,15.736245155334473,71
20201104T180000,ATSANI,127.8,20.1,25.7222,37.04,27.8464469909668,19.84244537353516,149.68378190872977,159.60880490293422,0.2421875,22.614154815673828,2.124246990966796,-5.879754626464845,112.64378190872978,122.56880490293425,21.829044342041016,0.0,-3.893155657958985,21.940420150756836,22.614154815673828,22.614154815673828,248
20201104T180000,GONI,112.3,14.3,20.57776,55.56,15.151875495910645,16.540538787841797,124.8865082278284,139.8298377538011,0.224609375,15.527090072631836,-5.425884504089357,-4.0372212121582045,69.32650822782841,84.26983775380108,16.289609909057617,0.0,-4.288150090942384,15.486363410949707,15.527090072631836,15.527090072631836,230
20201105T060000,ATSANI,125.5,20.2,25.7222,27.78,15.20163631439209,19.69283676147461,150.88312973150195,110.00638550294168,0.1357421875,20.94964599609375,-10.520563685607913,-6.029363238525392,123.10312973150197,82.22638550294168,21.858631134033203,0.0,-3.8635688659667977,20.390596389770508,20.94964599609375,20.94964599609375,139
20201105T060000,GONI,111.4,14.0,18.00554,55.56,16.268911361694336,15.311416625976562,347.6628402264221,130.738490893552,0.1728515625,15.036664962768556,-1.736628638305664,-2.6941233740234374,292.1028402264221,75.17849089355201,15.713549613952637,0.0,-2.291990386047363,14.752983093261719,15.036664962768555,15.036664962768555,177
20201105T120000,ATSANI,124.2,20.5,25.7222,37.04,15.505126953125,20.176044464111328,600.7939112877445,98.75230141344584,0.052734375,12.494214057922363,-10.217073046875,-5.546155535888673,563.7539112877446,61.71230141344585,22.205921173095703,0.0,-3.5162788269042977,12.490172386169434,12.494214057922363,12.494214057922363,54
20201105T180000,ATSANI,122.8,20.6,25.7222,46.3,20.29697608947754,20.270069122314453,518.0193601094812,88.07036807666415,0.16796875,18.52110481262207,-5.425223910522462,-5.452130877685548,471.7193601094812,41.77036807666415,23.023740768432617,0.0,-2.698459231567384,18.120851516723633,18.52110481262207,18.52110481262207,172
20201106T060000,ATSANI,120.9,21.3,25.7222,46.3,17.59224510192871,19.259960174560547,141.02484747159374,68.03789676840604,0.1455078125,18.01920509338379,-8.12995489807129,-6.462239825439454,94.72484747159372,21.73789676840604,20.826950073242188,0.0,-4.895249926757813,17.897340774536133,18.01920509338379,18.01920509338379,149
20201106T120000,ATSANI,120.3,21.8,25.7222,46.3,17.2009334564209,15.09528350830078,286.8857987800732,49.287736286318136,0.123046875,27.668615341186523,-8.521266543579102,-10.62691649169922,240.5857987800732,2.987736286318132,16.86646842956543,0.0,-8.855731570434571,25.160484313964844,27.668615341186523,27.668615341186523,126
20201106T180000,ATSANI,119.7,22.2,23.14998,37.04,10.077533721923828,14.383342742919922,305.2999857483832,355.6813229387982,0.1259765625,15.549294471740724,-13.072446278076171,-8.766637257080077,268.2599857483832,318.64132293879817,15.02945613861084,0.0,-8.12052386138916,15.160384178161621,15.549294471740723,15.549294471740723,129
20201107T000000,ATSANI,119.4,22.6,18.00554,37.04,7.034433841705322,13.838239669799805,421.0033763428419,85.1581896430416,0.0,,-10.971106158294678,-4.167300330200195,383.96337634284185,48.1181896430416,14.75688362121582,0.0,-3.24865637878418,,,,0
20201108T180000,ETAU,115.2,12.8,18.00554,83.34,16.395872116088867,16.900371551513672,440.747644713905,306.2907671637702,0.234375,16.237163543701172,-1.6096678839111327,-1.105168448486328,357.40764471390503,222.95076716377025,18.067716598510746,0.0,0.0621765985107423,16.080503463745117,16.237163543701172,16.237163543701172,240
20201109T000000,ETAU,113.4,12.9,20.57776,64.82000000000001,6.465485572814941,15.785805702209473,522.7933206031059,419.7800160594021,0.0,,-14.11227442718506,-4.791954297790529,457.973320603106,354.96001605940205,16.851394653320312,0.0,-3.726365346679689,,,,0
20201109T060000,ETAU,112.1,12.7,23.14998,64.82000000000001,19.305572509765625,16.734621047973633,463.1141224964341,132.9034658636697,0.1767578125,27.24100875854492,-3.8444074902343743,-6.415358952026367,398.29412249643406,68.0834658636697,18.16578865051269,0.0,-4.984191349487304,25.898012161254883,27.241008758544922,27.241008758544922,181
20201109T120000,ETAU,111.2,12.4,20.57776,64.82000000000001,17.183801651000977,16.509906768798828,300.1100360248016,165.10353763730816,0.001953125,16.198505401611328,-3.393958348999025,-4.067853231201173,235.2900360248016,100.28353763730816,17.581235885620117,0.0,-2.996524114379884,,,,2
20201109T120000,VAMCO,130.1,12.2,18.00554,83.34,12.763500213623049,13.958480834960938,151.47586049041314,146.30186776898134,0.2177734375,15.09445858001709,-5.242039786376953,-4.047059165039062,68.13586049041314,62.961867768981335,14.05079460144043,0.0,-3.95474539855957,14.629310607910156,15.09445858001709,15.09445858001709,223
20201109T180000,ETAU,110.7,12.3,20.57776,64.82000000000001,23.187707901000977,17.803176879882812,149.29247792127157,134.81289022063572,0.1298828125,19.994930267333984,2.609947901000975,-2.774583120117189,84.47247792127156,69.99289022063572,17.53657341003418,0.0,-3.0411865899658217,19.748485565185547,19.994930267333984,19.994930267333984,133
20201109T180000,VAMCO,129.4,12.6,18.00554,101.86,15.819958686828612,16.53179931640625,296.2437495895815,160.0786816999573,0.0068359375,8.987187385559082,-2.1855813131713866,-1.47374068359375,194.3837495895815,58.21868169995729,17.45612335205078,0.0,-0.5494166479492186,8.874098777770996,8.987187385559082,8.987187385559082,7
20201110T000000,ETAU,110.0,12.3,18.00554,64.82000000000001,6.264590740203857,17.257617950439453,537.9076170060356,152.83407248577177,0.0,,-11.740949259796142,-0.7479220495605468,473.0876170060356,88.01407248577176,17.443689346313477,0.0,-0.5618506536865233,,,,0
20201110T000000,VAMCO,128.6,13.3,20.57776,120.38,9.315179824829102,17.833349227905273,222.83168370868992,116.5851939251799,0.0,,-11.2625801751709,-2.744410772094728,102.45168370868991,-3.794806074820116,19.166383743286133,0.0,-1.4113762567138686,,,,0
20201110T060000,VAMCO,128.0,13.9,23.14998,120.38,15.137473106384276,19.74454116821289,231.96794349951315,168.90143670848704,0.2021484375,16.140005111694336,-8.012506893615722,-3.4054388317871087,111.58794349951314,48.52143670848703,21.501672744750977,0.0,-1.6483072552490228,16.057586669921875,16.140005111694336,16.140005111694336,207
20201110T120000,VAMCO,126.7,14.4,25.7222,64.82000000000001,26.266345977783203,20.198301315307617,31.62876607808527,147.08641221667892,0.154296875,21.4782943725586,0.5441459777832023,-5.523898684692384,-33.19123392191474,82.26641221667892,21.723005294799805,0.0,-3.999194705200196,21.355674743652344,21.478294372558594,21.478294372558594,158
20201110T180000,VAMCO,125.8,14.6,28.29442,64.82000000000001,14.430404663085938,20.169132232666016,467.233016755589,106.1584872678753,0.0029296875,14.155611991882324,-13.864015336914065,-8.125287767333987,402.413016755589,41.338487267875294,22.125337600708008,0.0,-6.169082399291991,14.07303524017334,14.155611991882324,14.155611991882324,3
20201111T000000,VAMCO,124.6,14.6,33.43886,64.82000000000001,7.897131443023682,22.57900619506836,232.6640136622452,110.32312244798176,0.0,,-25.54172855697632,-10.85985380493164,167.84401366224515,45.50312244798175,26.133792877197266,0.0,-7.305067122802733,,,,0
20201111T060000,VAMCO,123.5,14.5,36.01108,37.04,40.92612457275391,23.332374572753903,148.63224192832172,185.11307211390385,0.0966796875,37.46461486816406,4.9150445727539065,-12.678705427246094,111.59224192832173,148.07307211390386,27.55873680114746,0.0,-8.452343198852539,35.080841064453125,37.46461486816406,37.46461486816406,99
20201111T120000,VAMCO,122.8,14.7,38.5833,9.26,53.58274841308594,25.154163360595703,105.91777856162643,112.51522866862996,0.1357421875,36.23667526245117,14.999448413085936,-13.429136639404298,96.65777856162644,103.25522866862995,29.50324440002441,0.0,-9.080055599975587,35.8052978515625,36.23667526245117,36.23667526245117,139
20201111T180000,VAMCO,121.3,15.1,36.01108,18.52,21.4880313873291,24.030214309692383,498.70667922892153,93.64393928543382,0.00390625,28.8429012298584,-14.523048612670898,-11.980865690307615,480.1866792289216,75.12393928543382,28.40838050842285,0.0,-7.602699491577148,28.006446838378906,28.8429012298584,28.8429012298584,4
20201112T000000,VAMCO,119.8,15.2,28.29442,18.52,9.958681106567385,21.641014099121094,424.3157529199928,112.47083933147756,0.0,,-18.33573889343262,-6.653405900878909,405.7957529199928,93.95083933147755,25.347240447998047,0.0,-2.947179552001952,,,,0
20201112T060000,VAMCO,118.5,15.2,30.86664,27.78,41.03759765625,23.127716064453125,355.71070704199514,131.33682618846552,0.1474609375,37.21721649169922,10.17095765625,-7.738923935546875,327.9307070419951,103.55682618846552,27.370437622070312,0.0,-3.496202377929688,33.975406646728516,37.21721649169922,37.21721649169922,151
20201112T120000,VAMCO,117.4,15.1,30.86664,27.78,43.14557647705078,21.598175048828125,65.40130030622534,127.08746760728364,0.2392578125,41.1155891418457,12.27893647705078,-9.268464951171875,37.621300306225336,99.30746760728364,25.60848999023437,0.0,-5.258150009765625,40.029109954833984,41.1155891418457,41.1155891418457,245
20201112T180000,VAMCO,116.4,15.2,30.86664,37.04,6.337257385253906,23.27509307861328,356.84279925554404,133.9263849766509,0.0,,-24.52938261474609,-7.591546921386719,319.802799255544,96.88638497665087,27.718923568725582,0.0,-3.1477164312744144,,,,0
20201113T000000,VAMCO,115.5,15.4,30.86664,27.78,5.082443237304688,23.02889633178711,283.66335985590825,85.25579956299651,0.0,,-25.78419676269532,-7.837743668212891,255.88335985590825,57.475799562996514,29.120365142822266,0.0,-1.746274857177735,,,,0
20201113T060000,VAMCO,114.4,15.5,30.86664,9.26,36.39033508300781,24.00851058959961,112.39730564801717,101.64130241997864,0.125,31.92441940307617,5.523695083007812,-6.858129410400391,103.13730564801716,92.38130241997862,27.98912239074707,0.0,-2.87751760925293,31.299856185913086,31.924419403076172,31.924419403076172,128
20201113T120000,VAMCO,113.4,15.5,38.5833,27.78,55.84693908691406,25.71527099609375,65.83208201032588,101.64130241997864,0.33203125,35.53368377685547,17.26363908691406,-12.868029003906251,38.05208201032588,73.86130241997863,30.87904357910156,0.0,-7.704256420898439,34.716487884521484,35.53368377685547,35.53368377685547,340
20201113T180000,VAMCO,112.4,15.6,41.15552,27.78,6.468052387237549,24.505783081054688,544.1014267691502,91.05172111509636,0.0,,-34.687467612762454,-16.649736918945315,516.3214267691502,63.27172111509637,28.824752807617188,0.0,-12.330767192382815,,,,0
20201114T000000,VAMCO,111.4,15.7,43.72774,22.224,9.122056007385254,22.96298599243164,533.7223585520998,104.83154448137331,0.0,,-34.60568399261475,-20.764754007568364,511.4983585520998,82.60754448137331,26.040151596069336,0.0,-17.68758840393066,,,,0
20201114T060000,VAMCO,110.3,15.9,36.01108,27.78,49.06083297729492,24.49622344970703,53.42166008081868,63.20426454220721,0.0888671875,34.623512268066406,13.049752977294922,-11.514856550292969,25.64166008081868,35.42426454220721,29.00263023376465,0.0,-7.008449766235351,34.27415084838867,34.623512268066406,34.623512268066406,91
20201114T120000,VAMCO,109.4,16.3,33.43886,22.224,47.21126556396485,24.12697029113769,43.37802511462413,81.54915075455169,0.2392578125,28.79777908325196,13.772405563964844,-9.311889708862305,21.15402511462413,59.325150754551686,28.198888778686523,0.0,-5.239971221313475,28.533205032348633,28.797779083251953,28.797779083251953,245
20201220T000000,KROVANH,115.6,10.0,18.00554,120.38,12.67043113708496,17.416946411132812,364.6836102227881,249.18167041835875,0.0029296875,10.224864959716797,-5.335108862915039,-0.5885935888671874,244.3036102227881,128.80167041835875,19.42620277404785,0.0,1.4206627740478517,10.015036582946777,10.224864959716797,10.224864959716797,3
20201220T060000,KROVANH,115.0,10.1,18.00554,120.38,9.412527084350586,17.7026424407959,398.62328604984407,575.6566180861587,0.0009765625,6.29840087890625,-8.593012915649414,-0.3028975592041014,278.2432860498441,455.2766180861587,19.80097389221192,0.0,1.7954338922119142,,,,1
20201220T120000,KROVANH,114.4,9.9,18.00554,92.6,21.67867660522461,18.117265701293945,426.8703208671003,453.3692197089322,0.197265625,24.544095993041992,3.6731366052246095,0.1117257012939454,334.2703208671003,360.76921970893216,20.943090438842773,0.0,2.9375504388427736,23.725910186767578,24.544095993041992,24.544095993041992,202
20201220T180000,KROVANH,113.9,9.5,18.00554,92.6,24.75356674194336,18.819522857666016,311.0335135550978,466.269080532235,0.0751953125,26.6535701751709,6.74802674194336,0.8139828576660157,218.43351355509776,373.669080532235,21.35075569152832,0.0,3.3452156915283204,25.70777130126953,26.6535701751709,26.6535701751709,77
20201221T000000,KROVANH,113.4,9.2,18.00554,92.6,13.39723014831543,18.939685821533203,318.7425353868167,486.7638807608976,0.0078125,12.62343978881836,-4.60830985168457,0.9341458215332032,226.1425353868167,394.1638807608976,21.208574295043945,0.0,3.203034295043945,12.522374153137207,12.62343978881836,12.62343978881836,8
20201221T060000,KROVANH,112.9,9.0,18.00554,111.12,9.167022705078123,20.17441368103028,463.0350232383205,391.4440766154265,0.0,,-8.838517294921875,2.1688736810302736,351.9150232383205,280.3240766154265,22.14941596984864,0.0,4.143875969848633,,,,0
20201221T120000,KROVANH,112.3,8.8,18.00554,111.12,21.56779670715332,19.742393493652344,294.8033173020821,370.6205584581572,0.185546875,17.377910614013672,3.5622567071533204,1.736853493652344,183.6833173020821,259.50055845815723,21.53215980529785,0.0,3.526619805297852,17.257814407348633,17.377910614013672,17.377910614013672,190
20201221T180000,KROVANH,111.6,8.5,18.00554,111.12,16.596017837524414,19.18281555175781,385.97942605002976,371.3305034630506,0.08203125,15.464118957519531,-1.4095221624755858,1.1772755517578126,274.8594260500297,260.2105034630506,20.72793197631836,0.0,2.7223919763183595,15.383151054382324,15.464118957519531,15.464118957519531,84
20201222T000000,KROVANH,111.0,7.9,18.00554,111.12,10.675884246826172,17.462459564208984,305.787642820235,440.7470616518988,0.001953125,8.955653190612793,-7.329655753173828,-0.5430804357910155,194.66764282023505,329.6270616518988,17.20417022705078,0.0,-0.8013697729492186,,,,2
20210218T000000,DUJUAN,132.6,7.0,18.00554,55.56,13.559423446655272,15.878517150878906,202.7856059161924,163.4038231156793,0.0693359375,11.96151065826416,-4.446116553344726,-2.1270228491210936,147.22560591619236,107.8438231156793,16.75788688659668,0.0,-1.2476531134033202,11.791046142578125,11.96151065826416,11.96151065826416,71
20210218T060000,DUJUAN,132.1,7.3,18.00554,55.56,16.175188064575195,17.097057342529297,95.0269346409339,243.62849195098173,0.26953125,15.897268295288086,-1.8303519354248048,-0.908482657470703,39.4669346409339,188.06849195098167,18.774383544921875,0.0,0.7688435449218751,15.80893325805664,15.897268295288086,15.897268295288086,276
20210218T120000,DUJUAN,131.8,7.2,20.57776,55.56,20.715164184570312,16.74639320373535,337.6493142449738,103.86353846089987,0.1875,20.390724182128903,0.1374041845703111,-3.83136679626465,282.0893142449738,48.30353846089989,18.010169982910156,0.0,-2.567590017089845,20.53963279724121,20.390724182128906,20.390724182128906,192
20210218T180000,DUJUAN,131.6,7.1,20.57776,55.56,23.692527770996094,19.28773498535156,74.42815360373108,111.81366274203774,0.0107421875,15.531517028808594,3.1147677709960924,-1.2900250146484389,18.86815360373108,56.25366274203773,21.1152286529541,0.0,0.5374686529541002,15.19095516204834,15.531517028808594,15.531517028808594,11
20210219T000000,DUJUAN,131.2,7.0,20.57776,55.56,18.50975799560547,16.90082550048828,289.37695888777534,446.76144827713847,0.126953125,18.740205764770508,-2.0680020043945326,-3.67693449951172,233.8169588877753,391.20144827713847,18.155771255493164,0.0,-2.4219887445068373,18.45597267150879,18.740205764770508,18.740205764770508,130
20210219T060000,DUJUAN,130.3,6.9,20.57776,55.56,22.70103645324707,20.1937255859375,132.30802126318932,258.32996053278606,0.1416015625,27.51957321166992,2.123276453247069,-0.3840344140625014,76.74802126318932,202.7699605327861,23.04735565185547,0.0,2.469595651855468,25.833505630493164,27.519573211669922,27.519573211669922,145
20210219T120000,DUJUAN,130.4,6.4,20.57776,55.56,22.30472946166992,20.433412551879883,528.41429890957,418.2090803146468,0.189453125,23.98746681213379,1.7269694616699205,-0.1443474481201185,472.85429890957,362.6490803146468,21.542593002319336,0.0,0.9648330023193346,23.05286407470703,23.98746681213379,23.98746681213379,194
20210219T180000,DUJUAN,130.9,6.2,20.57776,55.56,12.52523136138916,18.673185348510746,409.7611438946052,258.96288255916073,0.0,,-8.052528638610841,-1.9045746514892592,354.2011438946052,203.4028825591608,21.132917404174805,0.0,0.5551574041748033,,,,0
20210220T000000,DUJUAN,131.3,6.4,20.57776,55.56,14.489768981933594,17.033620834350586,426.5201029818965,508.111174488235,0.1796875,14.988762855529783,-6.087991018066408,-3.5441391656494154,370.9601029818965,452.551174488235,23.276649475097656,0.0,2.698889475097655,14.883257865905762,14.988762855529785,14.988762855529785,184
20210220T060000,DUJUAN,131.3,7.0,20.57776,55.56,18.279991149902344,17.633323669433594,514.087410823278,570.5116876326356,0.0498046875,20.407676696777344,-2.2977688500976576,-2.944436330566408,458.527410823278,514.9516876326356,19.343412399291992,0.0,-1.2343476007080092,20.22288703918457,20.407676696777344,20.407676696777344,51
20210220T120000,DUJUAN,130.7,7.6,18.00554,74.08,14.783514976501465,15.348991394042969,424.4696589929478,538.0108801447102,0.181640625,14.4712553024292,-3.222025023498535,-2.656548605957031,350.38965899294783,463.9308801447102,17.340330123901367,0.0,-0.6652098760986327,14.320443153381348,14.4712553024292,14.4712553024292,186
20210220T180000,DUJUAN,130.0,8.1,18.00554,83.34,12.893965721130373,16.074914932250977,430.5545468112335,596.824373125977,0.0,,-5.111574278869629,-1.9306250677490235,347.2145468112335,513.484373125977,16.514692306518555,0.0,-1.4908476934814452,,,,0
20210221T000000,DUJUAN,129.4,8.5,18.00554,92.6,14.193150520324709,12.363533973693848,282.16864344481223,212.83487736713047,0.14453125,12.647354125976562,-3.812389479675293,-5.642006026306152,189.5686434448122,120.23487736713048,15.543493270874023,0.0,-2.4620467291259764,12.576577186584473,12.647354125976562,12.647354125976562,148
20210221T060000,DUJUAN,128.5,9.0,18.00554,64.82000000000001,17.155414581298828,12.22935390472412,412.3557622076583,131.67866381624023,0.04296875,13.69651985168457,-0.8501254187011718,-5.776186095275879,347.5357622076583,66.85866381624022,12.3034029006958,0.0,-5.702137099304199,13.338974952697754,13.69651985168457,13.69651985168457,44
20210413T180000,SURIGAE,137.5,8.0,18.00554,120.38,6.373974323272705,13.97758674621582,474.3202334486245,294.77231394038745,0.0,,-11.631565676727297,-4.02795325378418,353.94023344862444,174.39231394038745,13.713607788085938,0.0,-4.291932211914062,,,,0
20210414T000000,SURIGAE,137.4,8.2,20.57776,148.16,16.71112823486328,15.357683181762695,94.69030015911464,119.56629036521642,0.19140625,16.099245071411133,-3.86663176513672,-5.220076818237306,-53.46969984088537,-28.59370963478358,16.22657585144043,0.0,-4.351184148559572,15.932515144348145,16.099245071411133,16.099245071411133,196
20210414T060000,SURIGAE,137.1,8.5,20.57776,129.64,0.8602144718170166,16.269859313964844,214.9016348332068,125.84690336376374,0.0,,-19.717545528182985,-4.307900686035158,85.26163483320676,-3.793096636236271,17.35957908630371,0.0,-3.2181809136962904,,,,0
20210414T120000,SURIGAE,136.9,8.6,23.14998,92.6,23.05952453613281,15.141008377075195,136.24159950830511,99.18114013930976,0.375,18.222291946411133,-0.0904554638671868,-8.008971622924804,43.64159950830511,6.581140139309738,17.51315689086914,0.0,-5.636823109130859,18.13719367980957,18.222291946411133,18.222291946411133,384
20210415T000000,SURIGAE,136.4,8.8,25.7222,46.3,34.405311584472656,17.73224639892578,108.3326482669297,130.15916484211155,0.1962890625,17.483415603637695,8.683111584472655,-7.98995360107422,62.03264826692969,83.85916484211154,19.257099151611328,0.0,-6.465100848388673,17.405515670776367,17.483415603637695,17.483415603637695,201
20210415T060000,SURIGAE,136.1,8.7,28.29442,46.3,1.0271682739257812,19.37295913696289,194.9454211824645,108.40898018289845,0.0,,-27.26725172607422,-8.921460863037112,148.64542118246453,62.10898018289844,21.202369689941406,0.0,-7.0920503100585925,,,,0
20210415T120000,SURIGAE,135.7,8.7,33.43886,46.3,48.18992614746094,21.96930503845215,425.73382522638485,66.7719982840271,0.2587890625,20.48818588256836,14.75106614746094,-11.46955496154785,379.4338252263848,20.4719982840271,25.46432876586914,0.0,-7.974531234130858,19.89542579650879,20.48818588256836,20.48818588256836,265
20210416T000000,SURIGAE,134.6,8.9,38.5833,27.78,23.409046173095703,24.3770751953125,117.92109532491727,65.29830827162552,0.244140625,26.2565975189209,-15.174253826904298,-14.2062248046875,90.14109532491727,37.51830827162552,30.384323120117188,0.0,-8.198976879882814,25.756202697753906,26.2565975189209,26.2565975189209,250
20210416T060000,SURIGAE,133.7,9.1,41.15552,37.04,3.4803411960601807,25.228893280029297,350.5036028200959,101.59520933839713,0.0,,-37.67517880393982,-15.926626719970706,313.4636028200959,64.5552093383971,30.04902076721192,0.0,-11.106499232788089,,,,0
20210416T120000,SURIGAE,133.1,9.4,43.72774,37.04,30.2725772857666,26.693851470947266,84.30260120456413,42.963652439471794,0.171875,28.733306884765625,-13.455162714233404,-17.03388852905274,47.26260120456413,5.923652439471795,31.08579444885254,0.0,-12.641945551147458,28.41744613647461,28.733306884765625,28.733306884765625,176
20210417T000000,SURIGAE,131.1,10.7,48.87218,9.26,55.7171516418457,29.110803604125977,166.69612342541555,94.42694175195126,0.234375,30.138296127319336,6.844971641845703,-19.761376395874024,157.43612342541556,85.16694175195126,35.89118194580078,0.0,-12.98099805419922,29.303573608398438,30.138296127319336,30.138296127319336,240
20210417T060000,SURIGAE,130.1,11.4,51.4444,9.26,2.095026731491089,26.392520904541016,539.822493818686,85.99517959920294,0.0,,-49.34937326850891,-25.051879095458983,530.562493818686,76.73517959920294,31.27264404296875,0.0,-20.17175595703125,,,,0
20210417T120000,SURIGAE,129.2,12.0,56.588840000000005,9.26,30.55817031860352,28.902587890625,153.10933168408798,97.63579162237032,0.0966796875,27.608943939208984,-26.03066968139649,-27.686252109375005,143.849331684088,88.37579162237031,41.04753112792969,0.0,-15.541308872070315,27.286684036254883,27.608943939208984,27.608943939208984,99
20210418T000000,SURIGAE,127.7,13.1,61.73328,9.26,58.20726776123047,27.529645919799805,58.93850472301835,46.109533840875166,0.1806640625,51.9786262512207,-3.526012238769532,-34.2036340802002,49.67850472301835,36.84953384087517,32.278255462646484,0.0,-29.45502453735352,50.89945602416992,51.9786262512207,51.9786262512207,185
20210418T060000,SURIGAE,127.1,13.4,59.16106,9.26,54.98480224609375,27.01021194458008,219.0680827388148,117.85593262151512,0.0,,-4.176257753906249,-32.15084805541992,209.8080827388148,108.59593262151512,31.7484188079834,0.0,-27.4126411920166,,,,0
20210418T120000,SURIGAE,126.8,13.6,54.01662,9.26,49.0295295715332,28.508684158325195,19.11570838940021,87.95722018505354,0.1015625,44.77903747558594,-4.9870904284668,-25.507935841674808,9.855708389400212,78.69722018505354,35.56479263305664,0.0,-18.451827366943363,44.16110610961914,44.77903747558594,44.77903747558594,104
20210419T000000,SURIGAE,126.3,14.2,54.01662,55.56,38.44948196411133,30.463478088378903,27.097084182493045,82.80800530598101,0.1513671875,39.410945892333984,-15.567138035888677,-23.553141911621097,-28.46291581750696,27.24800530598101,39.30326843261719,0.0,-14.713351567382816,38.99813461303711,39.410945892333984,39.410945892333984,155
20210419T060000,SURIGAE,126.3,14.5,51.4444,55.56,51.11003875732422,31.52860641479492,77.82880019463747,69.96293284705293,0.0263671875,17.930219650268555,-0.3343612426757829,-19.91579358520508,22.268800194637464,14.402932847052924,40.10203552246094,0.0,-11.342364477539064,17.856626510620117,17.930219650268555,17.930219650268555,27
20210419T120000,SURIGAE,126.3,14.8,51.4444,55.56,37.84282684326172,33.14677429199219,49.67806006715849,75.48973348161095,0.078125,37.848663330078125,-13.601573156738285,-18.29762570800781,-5.881939932841512,19.92973348161096,40.665260314941406,0.0,-10.779139685058595,36.951663970947266,37.848663330078125,37.848663330078125,80
20210419T180000,SURIGAE,126.3,15.1,48.87218,55.56,7.330114841461182,32.205474853515625,140.63564796495086,97.46966392711292,0.0,,-41.54206515853882,-16.666705146484375,85.07564796495086,41.90966392711292,39.644161224365234,0.0,-9.228018775634766,,,,0
20210420T000000,SURIGAE,126.1,15.5,46.29996,55.56,41.86861801147461,34.148887634277344,208.50689720834112,97.3322711967643,0.177734375,27.00072860717773,-4.431341988525389,-12.151072365722657,152.9468972083411,41.77227119676429,42.12642288208008,0.0,-4.1735371179199205,26.277725219726562,27.000728607177734,27.000728607177734,182
20210420T060000,SURIGAE,125.9,15.8,46.29996,37.04,39.349876403808594,37.09709930419922,54.44042232448693,119.5643077434331,0.0771484375,27.93602561950684,-6.950083596191405,-9.20286069580078,17.400422324486925,82.5243077434331,46.47529220581055,0.0,0.1753322058105482,26.712657928466797,27.936025619506836,27.936025619506836,79
20210420T120000,SURIGAE,125.8,16.4,46.29996,37.04,32.0280647277832,34.239044189453125,118.7559262497994,34.78151352374545,0.09765625,28.288349151611328,-14.271895272216796,-12.060915810546874,81.7159262497994,-2.2584864762545465,42.153907775878906,0.0,-4.146052224121092,28.138790130615234,28.288349151611328,28.288349151611328,100
20210420T180000,SURIGAE,125.5,16.9,46.29996,46.3,7.302309036254883,32.002342224121094,357.3286868270329,47.07260836853113,0.0,,-38.99765096374512,-14.297617775878903,311.0286868270329,0.7726083685311238,39.90788269042969,0.0,-6.392077309570311,,,,0
20210421T000000,SURIGAE,125.2,17.5,46.29996,46.3,38.46491622924805,32.24211120605469,153.0981591979181,72.89541211500627,0.1708984375,25.91541862487793,-7.835043770751952,-14.057848793945311,106.7981591979181,26.595412115006265,40.66377639770508,0.0,-5.6361836022949205,25.583011627197266,25.91541862487793,25.91541862487793,175
20210421T060000,SURIGAE,124.9,18.1,46.29996,46.3,44.65630722045898,30.114612579345703,89.38292483245073,102.42799672378813,0.15625,40.73881149291992,-1.6436527795410143,-16.185347420654296,43.08292483245072,56.12799672378812,38.60640335083008,0.0,-7.69355664916992,39.54789733886719,40.73881149291992,40.73881149291992,160
20210421T120000,SURIGAE,124.8,18.8,46.29996,46.3,24.852527618408203,30.12382125854492,179.8118725245787,72.48627553040248,0.0234375,16.42275619506836,-21.4474323815918,-16.176138741455077,133.51187252457868,26.18627553040248,37.80095672607422,0.0,-8.49900327392578,16.34493637084961,16.42275619506836,16.42275619506836,24
20210421T180000,SURIGAE,124.8,19.3,43.72774,55.56,7.859340190887451,27.04937744140625,412.5825750445287,93.54693035139243,0.0,,-35.86839980911255,-16.678362558593754,357.02257504452865,37.98693035139243,31.88953399658203,0.0,-11.838206003417966,,,,0
20210422T000000,SURIGAE,124.9,19.7,43.72774,50.004000000000005,38.29330062866211,26.69373321533203,81.05212253320603,68.55206106283732,0.2880859375,30.82567024230957,-5.434439371337895,-17.034006784667973,31.048122533206023,18.54806106283732,31.191205978393555,0.0,-12.536534021606442,30.714492797851562,30.82567024230957,30.82567024230957,295
20210422T060000,SURIGAE,125.4,20.3,43.72774,40.744,50.67026901245117,26.018016815185547,46.11669815678543,78.6540874364482,0.1162109375,26.84334945678711,6.942529012451168,-17.709723184814457,5.372698156785425,37.910087436448194,30.786745071411133,0.0,-12.940994928588864,26.372156143188477,26.84334945678711,26.84334945678711,119
20210422T120000,SURIGAE,126.2,21.0,41.15552,40.744,6.180511474609375,26.70380973815918,462.0491287796973,71.46525945714353,0.0,,-34.97500852539063,-14.451710261840825,421.30512877969727,30.72125945714353,34.73921585083008,0.0,-6.416304149169925,,,,0
20210422T180000,SURIGAE,127.1,21.6,38.5833,64.82000000000001,6.9249796867370605,26.874004364013672,191.7726409831152,54.34430464341567,0.0,,-31.65832031326294,-11.70929563598633,126.95264098311516,-10.47569535658434,31.67187690734864,0.0,-6.911423092651368,,,,0
20210423T000000,SURIGAE,128.1,22.5,33.43886,74.08,29.73850440979004,25.42947578430176,220.5083053129987,80.78487507468756,0.3271484375,28.54473114013672,-3.700355590209959,-8.00938421569824,146.4283053129987,6.704875074687564,30.42479705810547,0.0,-3.014062941894529,27.476999282836914,28.54473114013672,28.54473114013672,335
20210423T060000,SURIGAE,129.0,23.0,30.86664,83.34,38.48708724975586,27.71494674682617,146.59698012030086,130.80286903153925,0.29296875,32.66566848754883,7.620447249755859,-3.1516932531738284,63.25698012030085,47.46286903153924,33.15545654296875,0.0,2.2888165429687497,31.082317352294922,32.66566848754883,32.66566848754883,300
20210423T120000,SURIGAE,129.9,23.3,28.29442,83.34,5.765942573547363,30.332820892333984,325.204357453709,101.61235856177306,0.0,,-22.52847742645264,2.038400892333982,241.864357453709,18.27235856177306,37.59021759033203,0.0,9.295797590332032,,,,0
20210423T180000,SURIGAE,130.5,23.3,25.7222,83.34,10.555062294006348,23.60496711730957,304.3476391263954,125.47182693568313,0.0,,-15.167137705993651,-2.1172328826904305,221.0076391263954,42.13182693568312,26.44712257385254,0.0,0.7249225738525382,,,,0
20210424T000000,SURIGAE,131.2,23.0,25.7222,83.34,29.58438301086425,22.93775177001953,229.05110035574072,138.14160323740853,0.3876953125,31.60528564453125,3.862183010864257,-2.7844482299804696,145.7111003557407,54.80160323740853,26.51229858398437,0.0,0.7900985839843742,30.02678680419922,31.60528564453125,31.60528564453125,397
20210424T060000,SURIGAE,131.8,22.7,23.14998,83.34,34.773536682128906,22.8432846069336,362.3638741926143,184.43275708478023,0.26171875,27.251522064208984,11.623556682128909,-0.3066953930664056,279.02387419261424,101.09275708478025,25.305110931396484,0.0,2.155130931396485,25.615440368652344,27.251522064208984,27.251522064208984,268
20210424T120000,SURIGAE,132.8,22.2,20.57776,92.6,5.731241226196289,20.910457611083984,407.64422436298224,169.04237767543574,0.0,,-14.846518773803712,0.332697611083983,315.0442243629822,76.44237767543574,23.874435424804688,0.0,3.296675424804686,,,,0
20210424T180000,SURIGAE,134.1,21.7,18.00554,111.12,18.89735984802246,18.654754638671875,306.805829059392,211.4605786625225,0.04296875,17.33281898498535,0.8918198480224611,0.6492146386718751,195.685829059392,100.34057866252246,19.65203666687012,0.0,1.6464966668701173,17.368051528930664,17.33281898498535,17.33281898498535,44
20210530T180000,CHOI-WAN,131.4,7.3,18.00554,55.56,16.095630645751953,16.022371292114258,80.9616551003356,79.05838092651443,0.05078125,12.945900917053224,-1.9099093542480468,-1.983168707885742,25.401655100335603,23.49838092651443,16.730514526367188,0.0,-1.2750254736328124,12.838022232055664,12.945900917053223,12.945900917053223,52
20210531T000000,CHOI-WAN,130.8,8.1,18.00554,27.78,19.82697296142578,15.871402740478516,229.95314531293369,105.10768080580684,0.1279296875,13.58524227142334,1.8214329614257807,-2.1341372595214843,202.17314531293368,77.32768080580685,18.55505752563477,0.0,0.5495175256347657,13.565457344055176,13.58524227142334,13.58524227142334,131
20210531T060000,CHOI-WAN,129.8,8.9,18.00554,27.78,13.700312614440918,14.169464111328123,279.3186857491473,106.88604468876774,0.197265625,11.900946617126465,-4.305227385559082,-3.836075888671875,251.53868574914728,79.10604468876774,15.125404357910156,0.0,-2.880135642089844,11.890970230102539,11.900946617126465,11.900946617126465,202
20210531T120000,CHOI-WAN,129.1,9.5,18.00554,27.78,13.833721160888672,14.51719856262207,33.21298797542687,154.87897638663983,0.3310546875,12.984261512756348,-4.171818839111328,-3.4883414373779296,5.432987975426869,127.09897638663983,18.10885429382324,0.0,0.1033142938232423,12.924263000488281,12.984261512756348,12.984261512756348,339
20210531T180000,CHOI-WAN,128.3,9.8,20.57776,37.04,9.517746925354004,14.27642822265625,474.737749927628,172.75815457593623,0.0,,-11.060013074645996,-6.301331777343751,437.697749927628,135.71815457593624,13.80748176574707,0.0,-6.770278234252931,,,,0
20210601T000000,CHOI-WAN,127.3,10.1,20.57776,37.04,37.19028091430664,14.78056812286377,431.64550776441234,67.75636741958101,0.119140625,12.374014854431152,16.61252091430664,-5.797191877136232,394.6055077644123,30.71636741958101,16.418182373046875,0.0,-4.159577626953126,12.314776420593262,12.374014854431152,12.374014854431152,122
20210601T060000,CHOI-WAN,126.7,11.1,18.00554,37.04,11.54940700531006,15.44786262512207,373.1290667539776,74.52861117897902,0.06640625,13.019641876220703,-6.456132994689941,-2.5576773748779296,336.0890667539776,37.48861117897902,16.10650062561035,0.0,-1.8990393743896483,12.865942001342773,13.019641876220703,13.019641876220703,68
20210601T120000,CHOI-WAN,125.7,11.7,18.00554,37.04,14.23809814453125,15.079906463623049,119.3853101985294,73.9785998696244,0.2236328125,15.982614517211914,-3.76744185546875,-2.925633536376953,82.3453101985294,36.9385998696244,16.169994354248047,0.0,-1.835545645751953,15.452399253845215,15.982614517211914,15.982614517211914,229
20210601T180000,CHOI-WAN,124.0,11.9,18.00554,37.04,6.851617336273193,16.77037811279297,359.41365004429105,51.005118243193245,0.0,,-11.153922663726808,-1.2351618872070311,322.373650044291,13.965118243193244,18.26241874694824,0.0,0.2568787469482423,,,,0
20210602T000000,CHOI-WAN,122.4,12.7,18.00554,37.04,14.571706771850586,11.73336124420166,271.27609419591624,169.7352227070915,0.0224609375,7.882002830505371,-3.433833228149414,-6.27217875579834,234.23609419591625,132.69522270709152,11.916683197021484,0.0,-6.088856802978516,7.864192485809326,7.882002830505371,7.882002830505371,23
20210602T060000,CHOI-WAN,121.6,13.2,18.00554,37.04,9.575173377990724,12.974811553955078,351.8234412762964,91.77586082865405,0.0888671875,9.960453033447266,-8.430366622009277,-5.030728446044922,314.7834412762964,54.73586082865405,13.33095359802246,0.0,-4.674586401977539,9.753039360046387,9.960453033447266,9.960453033447266,91
20210602T120000,CHOI-WAN,120.7,13.7,18.00554,37.04,9.850269317626951,11.778033256530762,201.79547023790408,127.23052120740626,0.203125,11.8170166015625,-8.155270682373047,-6.227506743469238,164.7554702379041,90.19052120740623,12.140377044677734,0.0,-5.8651629553222655,11.364584922790527,11.8170166015625,11.8170166015625,208
20210602T180000,CHOI-WAN,119.9,14.9,18.00554,83.34,6.588749408721924,11.247373580932615,417.9540670743245,63.1971504355603,0.0,,-11.416790591278076,-6.758166419067383,334.61406707432457,-20.1428495644397,11.588604927062988,0.0,-6.416935072937012,,,,0
20210603T000000,CHOI-WAN,119.1,16.6,20.57776,83.34,14.35267448425293,10.869115829467772,30.694263976766457,361.1703107194484,0.0810546875,16.441877365112305,-6.225085515747072,-9.708644170532228,-52.645736023233546,277.83031071944833,13.28196620941162,0.0,-7.29579379058838,16.03743553161621,16.441877365112305,16.441877365112305,83
20210603T060000,CHOI-WAN,118.2,17.6,20.57776,74.08,9.908247947692873,14.421416282653809,375.5176086629775,177.5420867296512,0.0205078125,11.201221466064451,-10.66951205230713,-6.156343717346193,301.43760866297754,103.4620867296512,15.370875358581545,0.0,-5.206884641418458,11.146225929260254,11.201221466064453,11.201221466064453,21
20210603T120000,CHOI-WAN,118.3,18.5,20.57776,74.08,15.288020133972168,15.219480514526367,62.227273924686514,179.7527013600248,0.28125,15.09306812286377,-5.289739866027833,-5.358279485473634,-11.852726075313484,105.6727013600248,15.21554470062256,0.0,-5.362215299377443,14.929003715515137,15.09306812286377,15.09306812286377,288
20210603T180000,CHOI-WAN,118.4,19.4,20.57776,101.86,7.288013935089111,13.894445419311523,190.38029434033805,197.69524904784933,0.0,,-13.28974606491089,-6.683314580688478,88.52029434033805,95.83524904784932,12.81731128692627,0.0,-7.760448713073732,,,,0
20210604T000000,CHOI-WAN,118.6,20.2,20.57776,83.34,11.920489311218262,14.072674751281738,450.7572008693127,163.35448578118226,0.0625,11.27869701385498,-8.65727068878174,-6.505085248718263,367.41720086931264,80.01448578118226,14.033910751342772,0.0,-6.543849248657228,11.303590774536133,11.27869701385498,11.27869701385498,64
20210604T060000,CHOI-WAN,119.5,20.9,18.00554,111.12,11.909502983093262,14.270930290222168,121.32732177268193,130.81427641317816,0.05859375,17.69514274597168,-6.096037016906738,-3.734609709777832,10.207321772681908,19.69427641317816,14.369383811950684,0.0,-3.636156188049316,17.497385025024414,17.69514274597168,17.69514274597168,60
20210604T120000,CHOI-WAN,121.1,21.9,18.00554,111.12,14.1095552444458,13.89377212524414,80.87425561311636,101.86211556310168,0.2119140625,17.190658569335938,-3.895984755554199,-4.111767874755859,-30.245744386883644,-9.257884436898337,13.506516456604004,0.0,-4.499023543395996,17.03898811340332,17.190658569335938,17.190658569335938,217
20210605T000000,CHOI-WAN,123.8,24.8,18.00554,92.6,13.817062377929688,14.433877944946287,349.03123554021914,118.52413865613278,0.03125,10.815524101257324,-4.188477622070312,-3.571662055053711,256.4312355402191,25.92413865613277,14.640846252441406,0.0,-3.3646937475585936,10.62772274017334,10.815524101257324,10.815524101257324,32
20210611T180000,KOGUMA,111.1,18.2,18.00554,55.56,9.310569763183594,13.707341194152832,363.7583556221988,145.02037248329643,0.0,,-8.694970236816406,-4.298198805847168,308.1983556221988,89.46037248329642,13.994900703430176,0.0,-4.010639296569824,,,,0
20210612T000000,KOGUMA,110.0,18.4,18.00554,55.56,15.707494735717772,15.35340404510498,114.73977237296094,225.0899475145712,0.2265625,20.187345504760746,-2.2980452642822264,-2.6521359548950194,59.17977237296094,169.5299475145712,15.730034828186035,0.0,-2.2755051718139647,18.86348533630371,20.187345504760742,20.187345504760742,232
20210623T000000,CHAMPI,140.9,15.9,18.00554,55.56,11.546463966369627,13.073559761047363,24.22320196670969,119.67199557247692,0.3740234375,13.137266159057615,-6.459076033630371,-4.931980238952637,-31.336798033290307,64.11199557247691,13.99764633178711,0.0,-4.0078936682128905,12.882980346679688,13.137266159057617,13.137266159057617,383
20210623T060000,CHAMPI,140.7,16.8,20.57776,37.04,5.1883225440979,12.684856414794922,540.9715518620957,102.2406699771861,0.0,,-15.3894374559021,-7.892903585205079,503.93155186209566,65.2006699771861,13.436317443847656,0.0,-7.141442556152345,,,,0
20210623T120000,CHAMPI,140.5,17.6,23.14998,37.04,5.881207942962647,12.225688934326172,495.0149983185991,70.59065244800516,0.013671875,6.566771984100342,-17.268772057037353,-10.924291065673827,457.9749983185991,33.55065244800516,12.151127815246582,0.0,-10.998852184753416,6.43500280380249,6.566771984100342,6.566771984100342,14
20210623T180000,CHAMPI,140.2,18.0,23.14998,37.04,13.71628761291504,12.603129386901855,23.150228999945345,137.79393622623647,0.2841796875,18.71518516540528,-9.43369238708496,-10.546850613098144,-13.889771000054656,100.75393622623648,12.212045669555664,0.0,-10.937934330444335,18.15909767150879,18.715185165405273,18.715185165405273,291
20210624T000000,CHAMPI,140.1,18.6,25.7222,37.04,11.315195083618164,12.143763542175291,114.00506119131674,144.68320178493863,0.41015625,13.080581665039062,-14.407004916381837,-13.578436457824708,76.96506119131675,107.64320178493864,15.312055587768556,0.0,-10.410144412231446,13.042213439941406,13.080581665039062,13.080581665039062,420
20210624T060000,CHAMPI,139.9,19.1,25.7222,37.04,5.74743127822876,12.564020156860352,399.8581435191287,136.9555110276329,0.0,,-19.97476872177124,-13.15817984313965,362.8181435191287,99.9155110276329,13.325642585754396,0.0,-12.396557414245606,,,,0
20210624T120000,CHAMPI,139.7,19.7,25.7222,37.04,9.63205623626709,13.435384750366213,364.83003885361865,162.41105027819094,0.0283203125,10.30673885345459,-16.09014376373291,-12.28681524963379,327.7900388536186,125.37105027819096,14.465943336486816,0.0,-11.256256663513184,10.277710914611816,10.30673885345459,10.30673885345459,29
20210624T180000,CHAMPI,139.5,20.2,28.29442,37.04,16.599849700927734,14.158096313476562,98.29043192309302,161.65480158044585,0.28125,17.708406448364258,-11.694570299072268,-14.13632368652344,61.25043192309303,124.61480158044586,13.641724586486816,0.0,-14.652695413513182,17.210079193115234,17.708406448364258,17.708406448364258,288
20210625T000000,CHAMPI,139.1,21.0,30.86664,46.3,15.91973876953125,16.434091567993164,81.61078284839931,143.94819167372137,0.373046875,15.056347846984863,-14.94690123046875,-14.432548432006836,35.310782848399306,97.64819167372136,19.88779258728028,0.0,-10.978847412719729,15.026923179626465,15.056347846984863,15.056347846984863,382
20210625T060000,CHAMPI,139.1,22.0,33.43886,46.3,5.176172256469727,15.82963752746582,543.8136525039936,90.22021897018293,0.0,,-28.26268774353027,-17.609222472534178,497.5136525039936,43.92021897018291,16.626415252685547,0.0,-16.81244474731445,,,,0
20210625T120000,CHAMPI,139.2,22.8,33.43886,37.04,11.383336067199709,17.536325454711914,249.4946532377994,95.1583886661135,0.052734375,11.216922760009766,-22.05552393280029,-15.902534545288084,212.45465323779945,58.118388666113496,18.415620803833008,0.0,-15.02323919616699,11.178893089294434,11.216922760009766,11.216922760009766,54
20210625T180000,CHAMPI,139.3,23.8,30.86664,46.3,17.915180206298828,18.29716110229492,20.90355323511055,86.215532194819,0.2578125,15.614875793457031,-12.951459793701172,-12.569478897705078,-25.39644676488945,39.915532194819,19.47831916809082,0.0,-11.38832083190918,15.246031761169434,15.614875793457031,15.614875793457031,264
20210626T000000,CHAMPI,139.7,24.8,30.86664,46.3,21.765838623046875,20.554588317871094,64.38164041362039,83.01478016665973,0.224609375,19.69059944152832,-9.100801376953124,-10.312051682128908,18.081640413620384,36.71478016665973,23.160524368286133,0.0,-7.7061156317138675,19.648927688598633,19.69059944152832,19.69059944152832,230
20210626T060000,CHAMPI,140.0,25.8,30.86664,46.3,6.647648811340332,20.266815185546875,433.9490495828784,63.102928579448346,0.0,,-24.21899118865967,-10.599824814453124,387.6490495828784,16.80292857944834,23.197154998779297,0.0,-7.669485001220703,,,,0
20210626T120000,CHAMPI,140.2,26.8,25.7222,37.04,10.71884059906006,20.66602325439453,434.7750814662625,82.08704221389432,0.03515625,8.662271499633789,-15.003359400939942,-5.05617674560547,397.7350814662625,45.04704221389432,22.91653251647949,0.0,-2.8056674835205087,8.56181812286377,8.662271499633789,8.662271499633789,36
20210626T180000,CHAMPI,140.8,28.3,23.14998,37.04,17.215333938598633,19.67312431335449,134.51380505668578,83.14652648476076,0.3330078125,14.037424087524414,-5.934646061401367,-3.476855686645507,97.4738050566858,46.10652648476076,21.11662101745605,0.0,-2.0333589825439446,13.734837532043457,14.037424087524414,14.037424087524414,341
20210717T120000,IN-FA,133.0,21.6,18.00554,111.12,32.730072021484375,17.650344848632812,186.71805049940568,196.06259968226183,0.099609375,14.86894989013672,14.724532021484375,-0.3551951513671874,75.59805049940567,84.94259968226186,19.77277374267578,0.0,1.7672337426757814,14.747756004333496,14.868949890136719,14.868949890136719,102
20210717T180000,IN-FA,132.7,22.1,18.00554,111.12,5.9149274826049805,19.098934173583984,377.9403687984695,218.90617284362943,0.0,,-12.09061251739502,1.0933941735839845,266.8203687984695,107.78617284362944,20.22871780395508,0.0,2.2231778039550782,,,,0
20210718T000000,IN-FA,132.4,22.6,18.00554,111.12,6.391952037811279,17.293502807617188,388.8440061538285,285.23429360009027,0.0,,-11.61358796218872,-0.7120371923828124,277.7240061538285,174.11429360009026,18.72525215148925,0.0,0.7197121514892579,,,,0
20210718T060000,IN-FA,132.2,22.9,20.57776,111.12,60.02193832397461,17.715490341186523,325.57091838230923,230.081538073771,0.44140625,17.643892288208008,39.44417832397461,-2.862269658813478,214.45091838230925,118.96153807377098,18.26791954040528,0.0,-2.309840459594728,17.302276611328125,17.643892288208008,17.643892288208008,452
20210718T120000,IN-FA,132.1,23.2,20.57776,74.08,24.31409072875977,17.329662322998047,215.0247053818377,324.7903188021462,0.21484375,21.690393447875977,3.736330728759764,-3.2480976770019545,140.94470538183776,250.71031880214625,17.60613250732422,0.0,-2.971627492675782,21.62479591369629,21.690393447875977,21.690393447875977,220
20210718T180000,CEMPAKA,113.5,20.8,18.00554,46.3,7.319923877716064,10.586130142211914,404.2297713149868,147.90000730637573,0.056640625,7.392503261566162,-10.685616122283935,-7.419409857788086,357.9297713149868,101.60000730637572,10.61048412322998,0.0,-7.395055876770019,7.373956680297852,7.392503261566162,7.392503261566162,58
20210718T180000,IN-FA,132.0,23.6,23.14998,74.08,9.28785228729248,18.682069778442383,556.0025519384577,274.0098140985672,0.0,,-13.86212771270752,-4.4679102215576165,481.9225519384577,199.9298140985672,19.46883773803711,0.0,-3.68114226196289,,,,0
20210719T000000,CEMPAKA,113.2,20.9,23.14998,37.04,5.497090816497803,10.091047286987305,511.5416579277284,238.4752809289641,0.0,,-17.652889183502197,-13.058932713012696,474.50165792772833,201.4352809289641,10.837175369262695,0.0,-12.312804630737304,,,,0
20210719T000000,IN-FA,131.9,23.9,25.7222,55.56,5.560162544250488,17.777231216430664,441.0346750919264,299.11461970628454,0.0,,-20.16203745574952,-7.944968783569337,385.4746750919264,243.5546197062845,18.321348190307617,0.0,-7.400851809692384,,,,0
20210719T060000,CEMPAKA,112.9,21.0,25.7222,27.78,12.5086088180542,11.807430267333984,109.1417089612656,109.1417089612656,0.1865234375,16.442861557006836,-13.213591181945802,-13.914769732666016,81.3617089612656,81.3617089612656,11.489295959472656,0.0,-14.232904040527345,15.433286666870117,16.442861557006836,16.442861557006836,191
20210719T060000,IN-FA,131.7,24.0,25.7222,46.3,36.44713973999024,17.836904525756836,295.8269341973017,222.96044052164515,0.4462890625,22.67890930175781,10.724939739990234,-7.885295474243165,249.52693419730167,176.6604405216451,19.058204650878903,0.0,-6.663995349121095,22.20901107788086,22.678909301757812,22.678909301757812,457
20210719T120000,CEMPAKA,112.8,21.1,28.29442,27.78,7.568236827850342,10.924373626708984,275.3191677460509,273.1373893654707,0.068359375,15.599592208862305,-20.72618317214966,-17.370046373291018,247.53916774605088,245.3573893654707,11.137358665466309,0.0,-17.15706133453369,15.07444953918457,15.599592208862305,15.599592208862305,70
20210719T120000,IN-FA,131.6,24.0,25.7222,46.3,28.993043899536133,18.6036319732666,135.8824325119768,254.44167223803527,0.330078125,25.221757888793945,3.270843899536132,-7.118568026733399,89.58243251197678,208.14167223803528,21.560264587402344,0.0,-4.161935412597657,24.916584014892578,25.221757888793945,25.221757888793945,338
20210719T180000,CEMPAKA,112.5,21.2,33.43886,27.78,7.545205593109131,10.628448486328123,530.554951480328,117.57536555944289,0.0,,-25.893654406890867,-22.81041151367188,502.774951480328,89.79536555944287,10.23812198638916,0.0,-23.20073801361084,,,,0
20210719T180000,IN-FA,131.2,24.2,25.7222,46.3,6.521576404571533,19.828075408935547,379.354955216716,191.1091470074101,0.0,,-19.200623595428468,-5.894124591064454,333.054955216716,144.8091470074101,21.560209274291992,0.0,-4.161990725708009,,,,0
20210720T000000,CEMPAKA,112.5,21.3,36.01108,27.78,8.402626037597656,9.92170524597168,537.6892897145692,355.2187435318065,0.0,,-27.608453962402344,-26.08937475402832,509.9092897145693,327.4387435318065,11.147746086120604,0.0,-24.863333913879394,,,,0
20210720T000000,IN-FA,130.7,24.5,28.29442,46.3,9.673650741577148,20.02229118347168,430.94911998603743,158.76062880886997,0.0,,-18.62076925842285,-8.272128816528323,384.6491199860374,112.46062880886996,23.46345329284668,0.0,-4.830966707153319,,,,0
20210720T030000,IN-FA,130.3,24.6,28.29442,44.448,35.6934928894043,21.27276611328125,322.11498359069793,142.8619364295443,0.40625,26.742721557617188,7.3990728894042945,-7.021653886718752,277.66698359069795,98.4139364295443,23.46345329284668,3.0,-4.830966707153319,24.82979393005371,26.742721557617188,26.742721557617188,416
20210720T060000,CEMPAKA,112.3,21.5,36.01108,27.78,18.233701705932617,10.58538055419922,53.59278442974737,450.636272076378,0.12890625,22.162986755371094,-17.777378294067383,-25.42569944580078,25.812784429747367,422.856272076378,10.060988426208496,0.0,-25.950091573791504,21.73885726928711,22.162986755371094,22.162986755371094,132
20210720T060000,IN-FA,129.8,24.7,30.86664,40.744,37.47783660888672,21.900535583496094,300.4609681535204,147.2269228165523,0.45703125,27.251941680908203,6.611196608886719,-8.966104416503907,259.7169681535204,106.4829228165523,24.83898162841797,0.0,-6.027658371582032,26.10541343688965,27.251941680908203,27.251941680908203,468
20210720T090000,IN-FA,129.3,24.6,30.86664,31.484,38.399864196777344,21.854097366333008,8.075474469150965,170.481387463629,0.251953125,30.39780044555664,7.533224196777343,-9.012542633666992,-23.40852553084904,138.997387463629,24.83898162841797,3.0,-6.027658371582032,29.36504554748535,30.39780044555664,30.39780044555664,258
20210720T120000,CEMPAKA,112.0,21.7,30.86664,37.04,8.63780689239502,8.631132125854492,448.98115147479535,441.299896138844,0.017578125,9.45958137512207,-22.22883310760498,-22.235507874145508,411.9411514747953,404.259896138844,8.941608428955078,0.0,-21.92503157104492,9.421131134033203,9.45958137512207,9.45958137512207,18
20210720T120000,IN-FA,129.0,24.5,33.43886,22.224,34.22289276123047,23.546371459960938,56.33947514218013,181.1280460693514,0.2978515625,30.39780044555664,0.7840327612304705,-9.89248854003906,34.11547514218013,158.9040460693514,26.36778450012207,0.0,-7.071075499877928,29.985660552978516,30.39780044555664,30.39780044555664,305
20210720T150000,IN-FA,128.5,24.3,33.43886,22.224,40.91350555419922,23.06201362609864,208.5788216882896,147.871115790374,0.12890625,30.22134590148925,7.47464555419922,-10.376846373901364,186.3548216882896,125.647115790374,26.36778450012207,3.0,-7.071075499877928,29.40780258178711,30.221345901489258,30.221345901489258,132
20210720T180000,CEMPAKA,111.5,21.8,25.7222,37.04,8.080215454101562,10.347417831420898,485.14855064376167,539.7644161240926,0.0,,-17.64198454589844,-15.374782168579102,448.1085506437617,502.72441612409256,8.181050300598145,0.0,-17.541149699401856,,,,0
20210720T180000,IN-FA,128.2,24.2,36.01108,22.224,5.644294738769531,20.43498992919922,371.86586892942,172.45513307046232,0.0,,-30.36678526123047,-15.57609007080078,349.64186892942,150.2311330704623,21.92560386657715,0.0,-14.085476133422851,,,,0
20210721T000000,CEMPAKA,111.2,21.9,20.57776,37.04,10.428753852844238,10.154858589172363,589.8163199804706,509.2910266324221,0.0,,-10.149006147155765,-10.422901410827638,552.7763199804706,472.2510266324221,9.245945930480955,0.0,-11.331814069519044,,,,0
20210721T000000,IN-FA,127.9,24.1,38.5833,31.484,12.734557151794434,22.29510307312012,509.1497598679347,177.65125380313762,0.0048828125,11.6339111328125,-25.848742848205568,-16.288196926879884,477.6657598679347,146.1672538031376,25.197553634643555,0.0,-13.385746365356448,11.603825569152832,11.6339111328125,11.6339111328125,5
20210721T030000,IN-FA,127.6,24.2,38.5833,31.484,51.52647399902344,22.566286087036133,80.12030923876266,163.577773296143,0.322265625,37.91361618041992,12.943173999023436,-16.01701391296387,48.63630923876266,132.09377329614298,25.197553634643555,3.0,-13.385746365356448,36.97178649902344,37.91361618041992,37.91361618041992,330
20210721T060000,CEMPAKA,110.8,22.1,18.00554,37.04,10.001107215881348,11.232525825500488,432.6924887053439,415.58596584280167,0.103515625,13.775605201721191,-8.004432784118652,-6.773014174499512,395.65248870534384,378.5459658428017,10.384142875671388,0.0,-7.621397124328613,13.101719856262207,13.775605201721191,13.775605201721191,106
20210721T060000,IN-FA,127.2,24.2,38.5833,31.484,53.88185119628906,20.888038635253903,71.96764263333513,134.71020224518193,0.3427734375,37.91361618041992,15.29855119628906,-17.695261364746095,40.48364263333513,103.22620224518192,22.93557929992676,0.0,-15.647720700073243,36.97178649902344,37.91361618041992,37.91361618041992,351
20210721T090000,IN-FA,126.9,24.1,38.5833,35.188,66.44759368896484,21.55265998840332,75.09899822861406,202.19517446492696,0.3427734375,41.21742630004883,27.86429368896484,-17.03064001159668,39.91099822861406,167.00717446492695,22.93557929992676,3.0,-15.647720700073243,40.65938186645508,41.21742630004883,41.21742630004883,351
20210721T120000,CEMPAKA,110.3,22.4,18.00554,37.04,7.55982494354248,8.518411636352539,550.427691928879,451.5521246020122,0.0146484375,6.899326324462891,-10.44571505645752,-9.48712836364746,513.387691928879,414.5121246020122,8.506574630737305,0.0,-9.498965369262695,6.852075099945068,6.899326324462891,6.899326324462891,15
20210721T120000,IN-FA,126.6,24.0,41.15552,37.04,64.4645767211914,24.655105590820312,47.56717947166804,125.11983882348169,0.34375,41.21742630004883,23.309056721191403,-16.50041440917969,10.527179471668042,88.07983882348168,28.66527557373047,0.0,-12.490244426269534,40.619544982910156,41.21742630004883,41.21742630004883,352
20210721T150000,IN-FA,126.4,23.8,41.15552,37.04,43.99342727661133,22.76206970214844,30.05612041545168,149.08274780679892,0.0556640625,37.198612213134766,2.8379072766113254,-18.393450297851565,-6.983879584548326,112.04274780679891,28.66527557373047,3.0,-12.490244426269534,37.27423095703125,37.198612213134766,37.198612213134766,57
20210721T180000,CEMPAKA,109.7,22.5,18.00554,37.04,7.095700263977051,11.270370483398438,408.8593044442826,461.01046218177214,0.0,,-10.909839736022947,-6.735169516601562,371.8193044442826,423.9704621817721,10.740434646606444,0.0,-7.265105353393555,,,,0
20210721T180000,IN-FA,126.2,23.7,43.72774,37.04,5.953868389129639,23.08230209350586,423.3808834372168,134.74216182966646,0.0,,-37.773871610870366,-20.645437906494145,386.3408834372168,97.70216182966648,26.01844787597656,0.0,-17.709292124023435,,,,0
20210721T210000,IN-FA,126.1,23.5,43.72774,42.596,5.811694145202637,23.225622177124023,412.17007258943687,125.12004105822814,0.0,,-37.91604585479737,-20.50211782287598,369.57407258943687,82.52404105822814,26.01844787597656,3.0,-17.709292124023435,,,,0
20210722T000000,IN-FA,126.0,23.4,43.72774,46.3,21.865598678588867,23.041168212890625,255.8943555279374,94.33601742457296,0.0224609375,16.411319732666016,-21.862141321411137,-20.68657178710938,209.59435552793727,48.03601742457297,26.655702590942383,0.0,-17.072037409057614,16.381052017211914,16.411319732666016,16.411319732666016,23
20210722T030000,IN-FA,125.9,23.4,43.72774,46.3,38.18526458740234,22.47480583190918,85.33583860404403,136.03663113932612,0.2685546875,32.30094909667969,-5.5424754125976605,-21.252934168090825,39.03583860404402,89.73663113932611,26.655702590942383,3.0,-17.072037409057614,29.702796936035156,32.30094909667969,32.30094909667969,275
20210722T060000,IN-FA,125.9,23.5,43.72774,46.3,45.27859878540039,23.31417465209961,74.91612091169901,101.59306783375456,0.263671875,32.30094909667969,1.5508587854003864,-20.413565347900395,28.616120911699007,55.29306783375454,26.62393569946289,0.0,-17.103804300537107,29.702796936035156,32.30094909667969,32.30094909667969,270
20210722T090000,IN-FA,125.8,23.5,43.72774,53.708000000000006,45.15444564819336,23.14962387084961,113.69673072204635,94.00078126556298,0.267578125,39.23735427856445,1.426705648193355,-20.578116129150395,59.98873072204635,40.29278126556297,26.62393569946289,3.0,-17.103804300537107,39.02705383300781,39.23735427856445,39.23735427856445,274
20210722T120000,IN-FA,125.8,23.6,41.15552,59.264,44.66390609741211,23.62468719482422,123.33590425069936,141.97731769747017,0.267578125,39.23735427856445,3.5083860974121066,-17.530832805175784,64.07190425069936,82.71331769747016,26.290802001953125,0.0,-14.864717998046878,39.02705383300781,39.23735427856445,39.23735427856445,274
20210722T150000,IN-FA,125.7,23.6,41.15552,62.968,22.241411209106445,22.09389877319336,336.62718635477125,91.56750854128434,0.01171875,13.810240745544434,-18.91410879089356,-19.061621226806643,273.65918635477124,28.599508541284337,26.290802001953125,3.0,-14.864717998046878,13.747190475463867,13.810240745544434,13.810240745544434,12
20210722T180000,IN-FA,125.5,23.7,38.5833,64.82000000000001,5.7412519454956055,22.32897186279297,469.503843516534,114.8798436249683,0.0,,-32.8420480545044,-16.254328137207033,404.683843516534,50.059843624968295,24.78400993347168,0.0,-13.799290066528322,,,,0
20210722T210000,IN-FA,125.5,23.9,38.5833,64.82000000000001,6.022184371948242,23.07994079589844,485.7817551141295,222.8432260755488,0.0,,-32.56111562805176,-15.503359204101564,420.9617551141295,158.0232260755487,24.78400993347168,3.0,-13.799290066528322,,,,0
20210723T000000,IN-FA,125.4,24.2,38.5833,64.82000000000001,41.95318222045898,25.132503509521484,351.855802468371,140.99363115824042,0.109375,27.01168632507324,3.369882220458983,-13.450796490478517,287.035802468371,76.17363115824041,30.457040786743164,0.0,-8.126259213256837,26.762788772583008,27.011686325073242,27.011686325073242,112
20210723T030000,IN-FA,125.2,24.4,38.5833,64.82000000000001,38.27951431274414,24.829320907592773,288.0023057351568,160.62502073523382,0.2900390625,33.47075271606445,-0.3037856872558606,-13.753979092407228,223.1823057351568,95.8050207352338,30.457040786743164,3.0,-8.126259213256837,33.03696060180664,33.47075271606445,33.47075271606445,297
20210723T060000,IN-FA,125.1,24.6,38.5833,64.82000000000001,33.40754699707031,26.717113494873047,127.43652905008068,144.44634668569722,0.2158203125,33.47075271606445,-5.175753002929689,-11.866186505126954,62.61652905008067,79.62634668569721,32.83360290527344,0.0,-5.749697094726564,33.03696060180664,33.47075271606445,33.47075271606445,221
20210723T090000,IN-FA,125.0,24.7,38.5833,62.968,31.125808715820312,26.176618576049805,115.22385553121002,158.94930628230918,0.296875,34.953330993652344,-7.457491284179689,-12.406681423950197,52.25585553121002,95.98130628230918,32.83360290527344,3.0,-5.749697094726564,32.70832061767578,34.953330993652344,34.953330993652344,304
20210723T120000,IN-FA,125.0,24.8,38.5833,59.264,40.577484130859375,25.710113525390625,65.1644769792884,147.86672138050167,0.2861328125,34.953330993652344,1.9941841308593733,-12.873186474609376,5.900476979288392,88.60272138050166,31.32479858398437,0.0,-7.258501416015626,32.68721389770508,34.953330993652344,34.953330993652344,293
20210723T150000,IN-FA,125.0,25.1,36.01108,53.708000000000006,13.389704704284668,25.05294418334961,495.7658475865647,154.97901476614211,0.0,,-22.62137529571533,-10.95813581665039,442.0578475865647,101.27101476614212,31.32479858398437,3.0,-4.686281416015625,,,,0
20210723T180000,IN-FA,125.0,25.5,36.01108,46.3,7.733555793762207,26.797576904296875,470.8029634109908,111.80908101129846,0.0,,-28.2775242062378,-9.213503095703125,424.5029634109908,65.50908101129846,31.45936584472656,0.0,-4.551714155273437,,,,0
20210723T210000,IN-FA,124.8,26.0,36.01108,38.892,8.084221839904785,26.83191680908203,414.5590665087663,149.23579910040704,0.0,,-27.92685816009521,-9.179163190917969,375.6670665087663,110.34379910040704,31.45936584472656,3.0,-4.551714155273437,,,,0
20210724T000000,IN-FA,124.7,26.4,38.5833,31.484,44.67742919921875,26.93061828613281,269.16150122564795,119.56051317979636,0.06640625,27.04404258728028,6.094129199218749,-11.652681713867189,237.677501225648,88.07651317979636,32.08081817626953,0.0,-6.50248182373047,26.590726852416992,27.044042587280273,27.044042587280273,68
20210724T030000,IN-FA,124.5,26.8,38.5833,35.188,38.28573989868164,26.31155014038086,65.12360015947363,110.6126239538836,0.212890625,32.93487548828125,-0.2975601013183606,-12.271749859619142,29.935600159473623,75.4246239538836,32.08081817626953,3.0,-6.50248182373047,31.397491455078125,32.93487548828125,32.93487548828125,218
20210724T060000,IN-FA,124.3,27.2,38.5833,37.04,43.74039840698242,24.795297622680664,26.03318801957734,117.4134428042488,0.1875,31.98151206970215,5.157098406982421,-13.788002377319335,-11.006811980422658,80.37344280424881,27.99559783935547,0.0,-10.587702160644533,31.40062713623047,31.98151206970215,31.98151206970215,192
20210724T090000,IN-FA,124.2,27.6,38.5833,38.892,40.65590286254883,26.31381225585937,244.010483319612,156.4347194484898,0.2900390625,33.58649063110352,2.072602862548827,-12.269487744140626,205.118483319612,117.5427194484898,27.99559783935547,3.0,-10.587702160644533,32.66626739501953,33.586490631103516,33.586490631103516,297
20210724T120000,IN-FA,124.0,28.0,38.5833,40.744,43.098182678222656,25.400192260742188,212.39684189142915,160.05215145782634,0.228515625,33.58649063110352,4.514882678222655,-13.183107739257814,171.65284189142915,119.30815145782634,30.48474884033203,0.0,-8.09855115966797,32.74463653564453,33.586490631103516,33.586490631103516,234
20210724T180000,IN-FA,123.7,28.6,38.5833,40.744,10.579784393310549,24.24518394470215,504.6700257795592,90.73216654792772,0.0,,-28.00351560668945,-14.338116055297853,463.9260257795592,49.98816654792773,27.78686141967773,0.0,-10.796438580322269,,,,0
20210725T000000,IN-FA,123.0,29.7,33.43886,64.82000000000001,49.74738693237305,23.89783096313477,457.005905037984,108.9904907995708,0.04296875,20.78766632080078,16.30852693237305,-9.541029036865233,392.185905037984,44.1704907995708,27.68901252746582,0.0,-5.749847472534178,20.692981719970703,20.78766632080078,20.78766632080078,44
20210725T060000,IN-FA,122.4,30.0,33.43886,64.82000000000001,57.54896926879883,25.02181053161621,101.80483862678672,126.93564156262454,0.189453125,31.38835906982422,24.11010926879883,-8.417049468383787,36.984838626786726,62.11564156262453,30.84736442565918,0.0,-2.5914955743408186,30.173017501831055,31.38835906982422,31.38835906982422,194
20210725T120000,IN-FA,122.1,30.2,30.86664,64.82000000000001,29.6712703704834,22.045310974121094,465.1938867927769,133.26852212942418,0.0859375,22.843753814697266,-1.195369629516602,-8.821329025878907,400.3738867927769,68.44852212942418,26.474199295043945,0.0,-4.392440704956055,22.335866928100586,22.843753814697266,22.843753814697266,88
20210726T000000,IN-FA,121.2,30.6,25.7222,55.56,13.603816032409668,17.274959564208984,386.77777623760056,144.02897110800788,0.052734375,14.733487129211426,-12.118383967590333,-8.447240435791016,331.21777623760056,88.46897110800788,19.05177497863769,0.0,-6.6704250213623055,14.516569137573242,14.733487129211426,14.733487129211426,54
20210726T060000,IN-FA,120.9,30.9,25.7222,37.04,17.36332893371582,16.581493377685547,420.3302771920154,141.61802495783775,0.1962890625,20.631834030151367,-8.35887106628418,-9.140706622314454,383.2902771920154,104.57802495783775,17.94850730895996,0.0,-7.77369269104004,19.77767562866211,20.631834030151367,20.631834030151367,201
20210726T120000,IN-FA,120.4,31.0,23.14998,37.04,12.334607124328612,17.27409553527832,433.3448089265208,214.58291922480643,0.0185546875,11.326688766479492,-10.815372875671386,-5.875884464721679,396.3048089265208,177.54291922480644,17.625497817993164,0.0,-5.524482182006835,11.143280029296875,11.326688766479492,11.326688766479492,19
20210727T000000,IN-FA,119.4,31.3,20.57776,37.04,17.526050567626953,16.31529998779297,225.0338509975419,255.5083693757552,0.0263671875,18.73026466369629,-3.0517094323730483,-4.262460012207033,187.9938509975419,218.4683693757552,16.551048278808594,0.0,-4.026711721191408,18.181119918823242,18.73026466369629,18.73026466369629,27
20210727T060000,IN-FA,119.0,31.3,18.00554,37.04,19.08939743041992,16.308570861816406,349.24516961464326,301.8185945308371,0.09375,31.7445011138916,1.083857430419922,-1.6969691381835936,312.20516961464324,264.7785945308371,17.157201766967773,0.0,-0.8483382330322264,29.600624084472656,31.7445011138916,31.7445011138916,96
20210727T120000,IN-FA,118.9,31.6,18.00554,37.04,8.027023315429688,15.60450267791748,433.3064315594405,272.5439090412491,0.0,,-9.978516684570312,-2.4010373220825194,396.2664315594405,235.5039090412491,15.658014297485352,0.0,-2.3475257025146483,,,,0
20210804T000000,LUPIT,115.5,21.2,18.00554,55.56,17.63836097717285,15.76913833618164,431.5827858911288,152.41960052467542,0.193359375,16.517620086669922,-0.3671790228271483,-2.23640166381836,376.0227858911288,96.8596005246754,16.074525833129883,0.0,-1.931014166870117,16.132034301757812,16.517620086669922,16.517620086669922,198
20210804T060000,LUPIT,115.8,21.5,18.00554,83.34,19.144853591918945,18.017480850219727,310.2868112024009,168.4316717252717,0.16015625,25.08429718017578,1.1393135919189454,0.0119408502197266,226.94681120240088,85.09167172527171,18.14991569519043,0.0,0.1443756951904298,24.346187591552734,25.08429718017578,25.08429718017578,164
20210804T120000,LUPIT,116.3,21.7,20.57776,83.34,7.197710990905762,15.958064079284668,507.7125381809757,256.4049743056751,0.0,,-13.38004900909424,-4.619695920715333,424.37253818097577,173.06497430567512,16.641578674316406,0.0,-3.936181325683595,,,,0
20210804T180000,LUPIT,116.8,22.4,20.57776,64.82000000000001,18.55345726013184,16.56305503845215,419.6689363643197,215.76133451539727,0.03515625,16.3992919921875,-2.024302739868165,-4.014704961547853,354.8489363643197,150.94133451539727,16.13579750061035,0.0,-4.44196249938965,16.386945724487305,16.3992919921875,16.3992919921875,36
20210805T000000,LUPIT,116.9,23.1,20.57776,55.56,16.741588592529297,16.74718475341797,94.19069175956716,185.4536366014761,0.1201171875,18.584747314453125,-3.836171407470705,-3.8305752465820326,38.63069175956716,129.89363660147615,16.11140251159668,0.0,-4.466357488403322,18.336711883544922,18.584747314453125,18.584747314453125,123
20210805T060000,LUPIT,117.0,23.5,20.57776,46.3,19.73256492614746,15.490415573120115,374.9078761125026,140.51547148533868,0.0634765625,19.7402400970459,-0.8451950738525404,-5.087344426879884,328.6078761125026,94.21547148533868,15.106958389282228,0.0,-5.470801610717775,19.496824264526367,19.7402400970459,19.7402400970459,65
20210805T060000,MIRINAE,128.2,26.8,18.00554,92.6,15.285686492919922,17.60922622680664,214.7654268718547,191.17512702322747,0.205078125,15.65869140625,-2.719853507080078,-0.3963137731933592,122.16542687185468,98.57512702322748,18.11949348449707,0.0,0.1139534844970704,15.840490341186523,15.65869140625,15.65869140625,210
20210805T180000,LUPIT,117.5,24.1,20.57776,37.04,17.946300506591797,17.029422760009766,439.9106596742103,211.6209651132204,0.0869140625,20.6081600189209,-2.6314594934082045,-3.548337239990236,402.87065967421023,174.58096511322034,15.830451011657717,0.0,-4.747308988342287,20.07270622253418,20.6081600189209,20.6081600189209,89
20210805T180000,MIRINAE,130.1,26.8,20.57776,92.6,19.885927200317383,17.68179702758789,176.3433854899816,107.6337428740486,0.2080078125,21.13321685791016,-0.6918327996826186,-2.8959629724121108,83.74338548998158,15.033742874048585,18.7753849029541,0.0,-1.8023750970459,20.892196655273438,21.133216857910156,21.133216857910156,213
20210806T000000,LUPIT,118.2,24.4,20.57776,37.04,14.940977096557615,16.00627899169922,169.74426506192353,253.59922955899296,0.080078125,22.663387298583984,-5.636782903442384,-4.571481008300783,132.70426506192354,216.55922955899297,15.792587280273438,0.0,-4.785172719726564,21.35856819152832,22.663387298583984,22.663387298583984,82
20210806T000000,MIRINAE,131.4,26.9,20.57776,92.6,17.364368438720703,18.36091995239257,151.12976094839868,149.27413484890872,0.3291015625,19.750045776367188,-3.2133915612792983,-2.216840047607424,58.52976094839868,56.67413484890871,20.030044555664062,0.0,-0.5477154443359389,19.522886276245117,19.750045776367188,19.750045776367188,337
20210806T060000,LUPIT,118.8,24.7,20.57776,37.04,18.69438743591309,16.294189453125,321.1239415628156,211.19496696369885,0.0654296875,19.264198303222656,-1.883372564086916,-4.283570546875001,284.0839415628156,174.15496696369885,15.824007034301758,0.0,-4.753752965698244,18.83469009399414,19.264198303222656,19.264198303222656,67
20210806T060000,MIRINAE,133.2,27.4,20.57776,92.6,14.946575164794922,18.926254272460938,336.54528159215874,197.5120052159057,0.01953125,13.660497665405272,-5.63118483520508,-1.651505727539064,243.94528159215872,104.9120052159057,19.93944931030273,0.0,-0.638310689697267,13.507920265197754,13.660497665405273,13.660497665405273,20
20210806T180000,LUPIT,119.9,25.0,18.00554,55.56,20.309755325317383,17.76656150817871,310.0217989882448,310.0217989882448,0.1181640625,18.81117248535156,2.304215325317383,-0.2389784918212889,254.4617989882448,254.4617989882448,16.10418701171875,0.0,-1.9013529882812497,18.74020767211914,18.811172485351562,18.811172485351562,121
20210806T180000,MIRINAE,136.4,28.5,20.57776,92.6,22.070236206054688,18.28059768676757,227.6424231362704,210.62340371731864,0.1953125,18.59550666809082,1.492476206054686,-2.297162313232424,135.04242313627037,118.02340371731864,19.161376953125,0.0,-1.4163830468750014,18.57598876953125,18.59550666809082,18.59550666809082,200
20210807T000000,LUPIT,120.6,25.0,18.00554,55.56,17.0824031829834,18.36043739318848,375.29155676274974,275.5764115423035,0.099609375,18.45871925354004,-0.9231368170166014,0.3548973931884767,319.73155676274973,220.0164115423035,19.887285232543945,0.0,1.8817452325439448,18.19600486755371,18.45871925354004,18.45871925354004,102
20210807T000000,MIRINAE,137.6,29.4,20.57776,92.6,18.934329986572266,20.09491539001465,520.0993990481074,131.7595465645705,0.353515625,19.70771598815918,-1.6434300134277358,-0.4828446099853529,427.4993990481074,39.159546564570505,22.83881950378418,0.0,2.2610595037841783,19.359577178955078,19.70771598815918,19.70771598815918,362
20210807T060000,LUPIT,122.7,25.6,18.00554,83.34,17.399873733520508,17.05626106262207,501.4386965897512,374.85797377504673,0.0849609375,28.97373008728028,-0.6056662664794921,-0.9492789373779296,418.0986965897512,291.5179737750467,16.330522537231445,0.0,-1.6750174627685546,27.52089500427246,28.973730087280273,28.973730087280273,87
20210807T060000,MIRINAE,138.4,30.9,23.14998,120.38,10.265381813049316,21.219127655029297,371.252749982614,110.0414740857789,0.0,,-12.884598186950685,-1.9308523449707025,250.87274998261404,-10.338525914221108,23.993616104125977,0.0,0.8436361041259772,,,,0
20210807T180000,LUPIT,125.5,28.4,20.57776,83.34,16.78960418701172,17.577131271362305,362.2921738960489,209.1293821344265,0.29296875,18.617815017700195,-3.788155812988282,-3.0006287286376967,278.95217389604886,125.78938213442646,17.94880485534668,0.0,-2.6289551446533217,18.171178817749023,18.617815017700195,18.617815017700195,300
20210807T180000,MIRINAE,139.5,33.2,25.7222,55.56,25.79736328125,18.74576187133789,497.854824923954,133.1683057390429,0.1005859375,21.78864288330078,0.0751632812499991,-6.97643812866211,442.294824923954,77.60830573904289,19.4050521850586,0.0,-6.317147814941407,21.243885040283203,21.78864288330078,21.78864288330078,103
20210808T000000,LUPIT,126.8,29.4,20.57776,83.34,14.970510482788086,19.09137344360352,564.2608150751407,320.02970052094275,0.2607421875,18.30748176574707,-5.6072495172119154,-1.4863865563964858,480.9208150751407,236.68970052094275,18.99798583984375,0.0,-1.5797741601562514,18.17508888244629,18.30748176574707,18.30748176574707,267
20210808T000000,MIRINAE,140.7,34.1,25.7222,64.82000000000001,23.02964973449707,22.19202423095703,283.4867182305107,135.29031485636153,0.3271484375,26.851408004760746,-2.6925502655029305,-3.5301757690429696,218.6667182305107,70.47031485636153,24.8377742767334,0.0,-0.8844257232666024,26.3625431060791,26.851408004760742,26.851408004760742,335
20210808T060000,LUPIT,128.2,30.2,20.57776,83.34,6.469210147857666,20.50705909729004,403.0807542871864,375.11446446589207,0.0,,-14.108549852142335,-0.0707009027099623,319.7407542871864,291.77446446589204,22.76224136352539,0.0,2.184481363525389,,,,0
20210808T180000,LUPIT,132.3,33.8,23.14998,64.82000000000001,25.297563552856445,20.966629028320312,303.95851615897726,237.22824466497127,0.0322265625,23.40002822875977,2.147583552856446,-2.183350971679687,239.13851615897727,172.40824466497128,21.01243019104004,0.0,-2.1375498089599603,23.307153701782227,23.400028228759766,23.400028228759766,33
20210820T120000,OMAIS,129.8,19.2,18.00554,74.08,11.183355331420898,11.29491138458252,210.46358234672104,205.2227121600841,0.212890625,10.093146324157717,-6.822184668579101,-6.71062861541748,136.38358234672103,131.14271216008416,13.000035285949709,0.0,-5.005504714050293,10.073663711547852,10.093146324157715,10.093146324157715,218
20210820T180000,OMAIS,129.4,20.0,18.00554,74.08,22.85989570617676,13.698596954345703,237.43968108285884,109.16000043676422,0.20703125,13.361867904663086,4.854355706176758,-4.306943045654297,163.35968108285886,35.08000043676422,14.037196159362791,0.0,-3.968343840637207,13.19117259979248,13.361867904663086,13.361867904663086,212
20210821T000000,OMAIS,128.3,21.3,20.57776,46.3,15.3610200881958,14.734416961669922,106.60268838949258,106.60268838949258,0.1435546875,12.049726486206056,-5.216739911804201,-5.84334303833008,60.30268838949258,60.30268838949258,17.626564025878906,0.0,-2.951195974121095,11.9504976272583,12.049726486206055,12.049726486206055,147
20210821T120000,OMAIS,127.1,22.8,23.14998,37.04,14.07511043548584,14.904573440551758,69.85132365130377,156.7627959399937,0.15625,13.3977632522583,-9.07486956451416,-8.245406559448242,32.81132365130377,119.72279593999372,15.342806816101074,0.0,-7.807173183898925,13.297473907470703,13.3977632522583,13.3977632522583,160
20210821T180000,OMAIS,126.5,23.4,23.14998,46.3,14.5737943649292,15.100828170776367,28.078225311001702,162.6422624123813,0.4375,16.848297119140625,-8.5761856350708,-8.049151829223632,-18.221774688998305,116.3422624123813,14.917120933532717,0.0,-8.232859066467284,16.53597068786621,16.848297119140625,16.848297119140625,448
20210821T210000,OMAIS,126.1,23.8,23.14998,51.856,15.760286331176758,14.976266860961914,81.26466368177333,180.1915523341816,0.4296875,16.848297119140625,-7.3896936688232415,-8.173713139038085,29.408663681773326,128.3355523341816,14.917120933532717,3.0,-8.232859066467284,16.53597068786621,16.848297119140625,16.848297119140625,440
20210822T000000,OMAIS,125.8,24.3,23.14998,55.56,12.154458999633787,16.132431030273438,452.02563719736526,142.14868557510275,0.015625,7.945229053497314,-10.99552100036621,-7.017548969726562,396.46563719736525,86.58868557510277,16.133535385131836,0.0,-7.016444614868163,7.913272857666016,7.9452290534973145,7.9452290534973145,16
20210822T030000,OMAIS,125.6,24.7,23.14998,55.56,6.692821025848389,17.65721893310547,551.5539807510651,113.65942540963144,0.0,,-16.45715897415161,-5.492761066894531,495.99398075106507,58.09942540963145,16.133535385131836,3.0,-7.016444614868163,,,,0
20210822T060000,OMAIS,125.3,25.1,23.14998,55.56,7.759548187255859,17.145130157470703,524.5026617151373,136.73242624483464,0.0,,-15.39043181274414,-6.004849842529296,468.94266171513726,81.17242624483464,18.8148250579834,0.0,-4.335154942016601,,,,0
20210822T120000,OMAIS,125.0,26.0,20.57776,55.56,15.004377365112305,16.755889892578125,104.2135042064433,113.34880408439123,0.2177734375,15.89810276031494,-5.573382634887697,-3.821870107421877,48.6535042064433,57.78880408439123,17.381473541259766,0.0,-3.196286458740236,15.669734001159668,15.898102760314941,15.898102760314941,223
20210822T180000,OMAIS,124.8,27.2,20.57776,55.56,14.522976875305176,17.667890548706055,107.9995272012964,116.15948307215233,0.2734375,16.010766983032227,-6.054783124694826,-2.9098694512939467,52.4395272012964,60.59948307215231,17.540943145751953,0.0,-3.0368168542480483,15.655547142028809,16.010766983032227,16.010766983032227,280
20210823T000000,OMAIS,125.4,29.0,20.57776,64.82000000000001,11.643916130065918,16.865562438964844,278.14781711150465,117.7920584739086,0.0048828125,11.350974082946776,-8.933843869934083,-3.7121975610351576,213.32781711150463,52.97205847390859,17.132892608642578,0.0,-3.444867391357424,10.76107406616211,11.350974082946777,11.350974082946777,5
20210823T060000,OMAIS,125.7,31.3,18.00554,64.82000000000001,11.25857925415039,17.176563262939453,377.0751503461193,152.19561897537753,0.0,,-6.746960745849609,-0.8289767370605468,312.2551503461193,87.37561897537752,18.54108238220215,0.0,0.5355423822021486,,,,0
20210823T120000,OMAIS,127.2,33.6,18.00554,64.82000000000001,18.459077835083008,15.636544227600098,157.33493829011175,121.23245524544188,0.1953125,17.50745964050293,0.4535378350830079,-2.3689957723999022,92.51493829011174,56.41245524544186,16.495285034179688,0.0,-1.5102549658203124,17.41826629638672,17.50745964050293,17.50745964050293,200
20210906T000000,CONSON,127.8,10.3,18.00554,55.56,7.883074283599853,9.08894157409668,552.1646547124162,172.49076448027185,0.0048828125,7.653710842132568,-10.122465716400146,-8.91659842590332,496.6046547124162,116.93076448027183,12.735342025756836,0.0,-5.270197974243164,7.649119853973389,7.653710842132568,7.653710842132568,5
20210906T060000,CONSON,126.8,10.8,23.14998,55.56,10.546829223632812,9.222620010375977,437.8978991045543,200.65399162609123,0.1513671875,9.848294258117676,-12.603150776367189,-13.927359989624025,382.3378991045543,145.09399162609122,11.391451835632324,0.0,-11.758528164367675,9.51563835144043,9.848294258117676,9.848294258117676,155
20210906T120000,CHANTHU,138.0,14.7,18.00554,46.3,9.162206649780272,12.05958366394043,126.36653963768444,110.44886391937249,0.333984375,9.308388710021973,-8.843333350219726,-5.94595633605957,80.06653963768443,64.14886391937247,13.72496509552002,0.0,-4.28057490447998,9.325376510620117,9.308388710021973,9.308388710021973,342
20210906T120000,CONSON,126.0,11.2,25.7222,37.04,9.005542755126953,10.000988006591797,163.62099494329368,234.22799558474256,0.1025390625,9.912271499633787,-16.716657244873048,-15.721211993408204,126.58099494329367,197.18799558474257,11.166675567626951,0.0,-14.555524432373048,9.919103622436523,9.912271499633789,9.912271499633789,105
20210906T180000,CHANTHU,137.4,15.2,18.00554,37.04,5.165658950805664,11.71123218536377,107.70931798080277,130.68141879831018,0.0,,-12.839881049194336,-6.29430781463623,70.66931798080276,93.64141879831018,11.273118019104004,0.0,-6.732421980895996,,,,0
20210906T180000,CONSON,124.9,11.6,25.7222,18.52,8.560152053833008,11.811110496520996,314.6277130431405,118.68955981023264,0.005859375,6.78166389465332,-17.162047946166993,-13.911089503479005,296.1077130431405,100.16955981023266,13.220085144042969,0.0,-12.502114855957032,6.77118444442749,6.78166389465332,6.78166389465332,6
20210907T000000,CHANTHU,136.6,15.6,23.14998,27.78,8.045307159423828,12.703635215759276,166.6540697400277,127.0259237698706,0.0546875,8.688167572021484,-15.104672840576171,-10.446344784240722,138.87406974002766,99.2459237698706,11.635862350463867,0.0,-11.514117649536132,8.685068130493164,8.688167572021484,8.688167572021484,56
20210907T000000,CONSON,124.2,12.0,23.14998,18.52,9.128294944763184,12.801076889038086,335.4487472593812,144.96675580547986,0.0,,-14.021685055236816,-10.348903110961912,316.9287472593812,126.44675580547988,11.802655220031738,0.0,-11.34732477996826,,,,0
20210907T060000,CHANTHU,135.7,16.1,28.29442,18.52,8.533470153808594,11.991634368896484,35.83435729122052,134.77053963058475,0.3388671875,10.057343482971191,-19.76094984619141,-16.302785631103518,17.31435729122052,116.25053963058475,12.368528366088867,0.0,-15.925891633911132,9.126190185546875,10.057343482971191,10.057343482971191,347
20210907T060000,CONSON,123.5,12.4,23.14998,27.78,8.814186096191406,12.023388862609863,388.0661906312242,87.24182229723561,0.1044921875,9.262491226196287,-14.335793903808591,-11.126591137390136,360.28619063122426,59.461822297235614,12.002134323120115,0.0,-11.147845676879882,9.063382148742676,9.262491226196289,9.262491226196289,107
20210907T120000,CHANTHU,134.6,16.3,33.43886,18.52,12.261370658874512,12.200902938842772,90.19903913272012,91.77444168619884,0.259765625,13.030661582946776,-21.177489341125487,-21.237957061157225,71.67903913272012,73.25444168619883,12.060306549072266,0.0,-21.378553450927733,12.918108940124512,13.030661582946777,13.030661582946777,266
20210907T120000,CONSON,122.8,12.9,23.14998,27.78,11.149039268493652,13.005973815917969,278.9960880256453,35.3375298345725,0.0693359375,10.654515266418455,-12.000940731506349,-10.14400618408203,251.2160880256453,7.557529834572499,13.266959190368652,0.0,-9.883020809631349,10.585596084594727,10.654515266418457,10.654515266418457,71
20210907T180000,CHANTHU,133.5,16.3,41.15552,9.26,7.084400653839111,12.380680084228516,546.136395658,126.02101450888765,0.0,,-34.07111934616089,-28.774839915771487,536.876395658,116.76101450888764,12.427950859069824,0.0,-28.72756914093018,,,,0
20210907T180000,CONSON,122.0,13.3,23.14998,27.78,8.310916900634766,14.03241729736328,307.58622033290953,96.69813242374296,0.0048828125,7.04553747177124,-14.839063099365234,-9.117562702636718,279.8062203329096,68.91813242374295,13.282415390014648,0.0,-9.867564609985353,6.959903717041016,7.04553747177124,7.04553747177124,5
20210908T000000,CHANTHU,132.3,16.0,46.29996,12.964,8.970207214355469,13.282715797424316,139.298927447757,131.17867961792797,0.1044921875,11.505361557006836,-37.32975278564453,-33.01724420257568,126.334927447757,118.21467961792796,13.161172866821287,0.0,-33.13878713317871,11.520381927490234,11.505361557006836,11.505361557006836,107
20210908T000000,CONSON,121.5,13.7,23.14998,18.52,7.973245620727539,13.404486656188965,233.8298069173973,147.9542024280358,0.0,,-15.17673437927246,-9.745493343811034,215.30980691739725,129.43420242803575,12.864048957824709,0.0,-10.285931042175292,,,,0
20210908T060000,CHANTHU,131.3,15.7,48.87218,12.964,16.264789581298828,14.137289047241213,174.93914882975128,157.5552497373493,0.2265625,19.040184020996094,-32.60739041870117,-34.73489095275879,161.97514882975128,144.5912497373493,15.299960136413574,0.0,-33.572219863586426,18.47535514831543,19.040184020996094,19.040184020996094,232
20210908T060000,CONSON,120.7,14.2,23.14998,18.52,11.203411102294922,13.656787872314451,508.02667370464576,37.03292614121104,0.177734375,10.5393648147583,-11.946568897705076,-9.493192127685546,489.5066737046458,18.51292614121104,12.008649826049805,0.0,-11.141330173950196,10.44727611541748,10.5393648147583,10.5393648147583,182
20210908T120000,CHANTHU,130.3,15.5,48.87218,9.26,22.44079971313477,15.14995574951172,37.505146459432346,115.98788909914052,0.25390625,25.7729606628418,-26.431380286865235,-33.72222425048828,28.24514645943235,106.72788909914053,17.198429107666016,0.0,-31.673750892333985,24.93720817565918,25.772960662841797,25.772960662841797,260
20210908T120000,CONSON,120.1,14.8,23.14998,18.52,11.617196083068848,11.294788360595703,487.13580343993215,346.59707671943227,0.150390625,11.130107879638672,-11.532783916931152,-11.855191639404296,468.61580343993217,328.0770767194323,12.347835540771484,0.0,-10.802144459228517,10.819915771484375,11.130107879638672,11.130107879638672,154
20210908T180000,CHANTHU,129.1,15.4,51.4444,37.04,9.916255950927734,17.18767547607422,315.67632845944905,112.33333113257808,0.0,,-41.52814404907227,-34.25672452392578,278.63632845944903,75.29333113257806,16.555870056152344,0.0,-34.88852994384766,,,,0
20210908T180000,CONSON,119.1,15.3,23.14998,18.52,8.006869316101074,11.766761779785156,526.6556273857279,341.9347482882155,0.0,,-15.143110683898923,-11.383218220214845,508.135627385728,323.4147482882155,11.63888931274414,0.0,-11.51109068725586,,,,0
20210909T000000,CHANTHU,128.0,15.5,51.4444,9.26,11.105480194091797,17.36032485961914,158.04992416616415,118.03373120773112,0.12109375,12.98136043548584,-40.338919805908205,-34.08407514038086,148.78992416616416,108.77373120773112,18.266586303710938,0.0,-33.177813696289064,12.954497337341309,12.98136043548584,12.98136043548584,124
20210909T000000,CONSON,118.1,15.5,23.14998,18.52,10.719655990600586,13.890912055969238,432.5433525711724,112.3267943586938,0.0,,-12.430324009399412,-9.25906794403076,414.0233525711724,93.8067943586938,14.385106086730955,0.0,-8.764873913269042,,,,0
20210909T060000,CHANTHU,127.1,15.8,51.4444,9.26,24.204057693481445,18.75565528869629,111.42797486550688,96.32030893877256,0.119140625,23.044790267944336,-27.24034230651856,-32.68874471130371,102.16797486550688,87.06030893877256,20.42808151245117,0.0,-31.01631848754883,22.561548233032227,23.044790267944336,23.044790267944336,122
20210909T060000,CONSON,116.8,15.8,23.14998,27.78,19.3797607421875,14.145055770874023,258.6512146778594,116.66055337086908,0.259765625,20.472972869873047,-3.7702192578124993,-9.004924229125976,230.8712146778594,88.88055337086908,13.938739776611328,0.0,-9.211240223388671,18.98141860961914,20.472972869873047,20.472972869873047,266
20210909T120000,CHANTHU,125.9,16.1,51.4444,9.26,18.77638816833496,18.091976165771484,133.3487976043991,89.45294671077576,0.1689453125,19.94415283203125,-32.66801183166504,-33.35242383422852,124.08879760439908,80.19294671077576,21.446372985839844,0.0,-29.99802701416016,19.68899917602539,19.94415283203125,19.94415283203125,173
20210909T120000,CONSON,115.1,15.9,25.7222,27.78,20.00618934631348,14.346418380737305,3.85697885059792,112.31393453545692,0.3134765625,32.43021774291992,-5.716010653686524,-11.375781619262696,-23.92302114940208,84.53393453545692,14.080767631530762,0.0,-11.64143236846924,27.941560745239258,32.43021774291992,32.43021774291992,321
20210909T180000,CHANTHU,124.9,16.6,51.4444,9.26,7.543715476989746,18.25864601135254,392.8989797725892,89.43610408289956,0.0,,-43.900684523010256,-33.18575398864746,383.6389797725892,80.17610408289956,20.121139526367188,0.0,-31.32326047363281,,,,0
20210909T180000,CONSON,114.0,15.8,25.7222,27.78,6.382666110992432,15.788406372070312,300.17378874527253,100.0930394130844,0.0,,-19.33953388900757,-9.933793627929688,272.39378874527256,72.31303941308441,15.644139289855955,0.0,-10.078060710144044,,,,0
20210910T000000,CHANTHU,124.1,17.1,54.01662,9.26,16.515987396240234,19.055587768554688,401.8853864985648,86.2168456580237,0.1240234375,13.159295082092283,-37.50063260375977,-34.96103223144532,392.6253864985648,76.9568456580237,24.64859771728516,0.0,-29.368022282714847,12.882741928100586,13.159295082092285,13.159295082092285,127
20210910T000000,CONSON,112.9,15.7,25.7222,37.04,12.671124458312988,14.596841812133787,585.3560312731842,90.55052993561058,0.0341796875,14.551275253295898,-13.051075541687013,-11.125358187866212,548.3160312731842,53.510529935610585,18.31208038330078,0.0,-7.41011961669922,14.25649642944336,14.551275253295898,14.551275253295898,35
20210910T060000,CHANTHU,123.5,17.8,59.16106,9.26,19.98432922363281,20.36127281188965,428.15593630976525,44.23171828636546,0.0771484375,13.744897842407228,-39.17673077636719,-38.79978718811035,418.89593630976526,34.97171828636546,21.74817657470703,0.0,-37.41288342529297,13.255743026733398,13.744897842407227,13.744897842407227,79
20210910T060000,CONSON,112.2,15.7,25.7222,37.04,19.29651641845703,15.619661331176758,21.04894401263456,88.80946116638269,0.1455078125,20.59789085388184,-6.42568358154297,-10.102538668823245,-15.991055987365446,51.76946116638269,16.49624252319336,0.0,-9.22595747680664,20.43501091003418,20.597890853881836,20.597890853881836,149
20210910T120000,CHANTHU,122.9,18.7,59.16106,9.26,27.92035865783692,22.462078094482425,104.4667992238506,50.73058860949366,0.15234375,26.68659400939941,-31.240701342163085,-36.69898190551758,95.20679922385058,41.47058860949366,23.59130477905273,0.0,-35.569755220947265,25.569677352905273,26.686594009399414,26.686594009399414,156
20210910T120000,CONSON,111.5,15.7,25.7222,55.56,16.1678524017334,15.815546035766602,179.28607645769586,159.01269693852885,0.228515625,15.9381103515625,-9.554347598266602,-9.9066539642334,123.72607645769584,103.45269693852885,15.986651420593262,0.0,-9.73554857940674,15.737906455993652,15.9381103515625,15.9381103515625,234
20210911T000000,CHANTHU,121.9,20.3,59.16106,22.224,48.30916595458984,23.43657875061035,431.81555386725256,50.22226210611063,0.1005859375,21.65748405456543,-10.851894045410155,-35.72448124938965,409.59155386725257,27.998262106110623,25.17111015319824,0.0,-33.98994984680176,21.397117614746094,21.65748405456543,21.65748405456543,103
20210911T000000,CONSON,110.0,15.7,25.7222,46.3,14.696004867553713,16.936561584472656,519.2435194262166,165.0006806438821,0.0283203125,15.008777618408203,-11.02619513244629,-8.785638415527345,472.9435194262166,118.70068064388212,17.058929443359375,0.0,-8.663270556640626,14.94566822052002,15.008777618408203,15.008777618408203,29
20210911T060000,CHANTHU,121.5,21.0,56.588840000000005,9.26,39.376739501953125,24.900108337402344,192.712531633768,79.69645106491075,0.1123046875,25.477428436279297,-17.21210049804688,-31.68873166259766,183.452531633768,70.43645106491074,25.43230438232422,0.0,-31.156535617675782,24.693803787231445,25.477428436279297,25.477428436279297,115
20210911T060000,CONSON,109.6,15.6,25.7222,37.04,19.29911422729492,16.96480941772461,141.79865072000482,83.40214393156883,0.1083984375,17.507915496826172,-6.423085772705079,-8.757390582275391,104.75865072000482,46.36214393156883,17.740917205810547,0.0,-7.981282794189454,17.398609161376953,17.507915496826172,17.507915496826172,111
20210911T120000,CHANTHU,121.8,21.8,54.01662,9.26,33.68640899658203,26.22178268432617,148.20990972155,87.42041821167129,0.162109375,26.37390899658203,-20.33021100341797,-27.79483731567383,138.94990972155,78.16041821167128,29.26493453979492,0.0,-24.75168546020508,26.17925262451172,26.37390899658203,26.37390899658203,166
20210911T120000,CONSON,109.3,15.3,20.57776,37.04,14.827720642089844,15.255096435546877,490.7745703416783,64.6925934996104,0.16015625,15.79365348815918,-5.750039357910158,-5.322663564453126,453.7345703416783,27.6525934996104,15.75010108947754,0.0,-4.827658910522462,15.36850357055664,15.79365348815918,15.79365348815918,164
20210911T210000,CHANTHU,122.2,23.3,51.4444,11.112,7.083258152008057,27.36304473876953,450.4104978672547,131.4667348442582,0.0,,-44.361141847991945,-24.08135526123047,439.2984978672547,120.35473484425822,33.542659759521484,3.0,-17.901740240478517,,,,0
20210912T000000,CHANTHU,122.3,23.8,51.4444,12.964,47.33723068237305,22.41112327575684,288.19092522959124,105.36376513862552,0.0927734375,28.43257141113281,-4.107169317626955,-29.03327672424317,275.22692522959125,92.39976513862553,26.87007141113281,0.0,-24.57432858886719,26.86600685119629,28.432571411132812,28.432571411132812,95
20210912T030000,CHANTHU,122.4,24.6,48.87218,11.112,34.58775329589844,22.144426345825195,52.87826109938286,154.85070242786836,0.189453125,28.43257141113281,-14.284426704101564,-26.727753654174805,41.76626109938286,143.73870242786836,26.87007141113281,3.0,-22.002108588867188,27.845836639404297,28.432571411132812,28.432571411132812,194
20210912T060000,CHANTHU,122.3,25.2,46.29996,9.26,34.832801818847656,22.760486602783203,92.04771773543614,148.13169028540923,0.1279296875,28.139982223510746,-11.467158181152342,-23.5394733972168,82.78771773543613,138.87169028540924,26.382797241210938,0.0,-19.91716275878906,27.83875846862793,28.139982223510742,28.139982223510742,131
20210912T090000,CHANTHU,122.4,25.8,43.72774,9.26,28.93683624267578,22.26273727416992,67.7705334196726,124.25882135775684,0.0390625,20.44630622863769,-14.790903757324225,-21.46500272583008,58.510533419672605,114.99882135775682,26.382797241210938,3.0,-17.34494275878906,20.167415618896484,20.446306228637695,20.446306228637695,40
20210912T120000,CHANTHU,122.7,26.3,41.15552,9.26,26.362323760986328,22.35581970214844,11.198613887363685,82.3248217680697,0.0302734375,20.44630622863769,-14.793196239013676,-18.799700297851565,1.938613887363685,73.06482176806969,26.817110061645508,0.0,-14.338409938354497,20.165504455566406,20.446306228637695,20.446306228637695,31
20210913T000000,CHANTHU,123.6,29.1,43.72774,9.26,51.85000228881836,20.19014549255371,64.17275946938108,95.12436499157032,0.0615234375,21.86817169189453,8.122262288818355,-23.537594507446293,54.91275946938108,85.86436499157031,24.20276641845703,0.0,-19.52497358154297,21.56463623046875,21.86817169189453,21.86817169189453,63
20210913T060000,CHANTHU,123.4,30.7,41.15552,18.52,69.57032775878906,19.694250106811523,146.10079792155676,69.8445930928291,0.3369140625,37.99669647216797,28.41480775878906,-21.46126989318848,127.58079792155677,51.32459309282911,22.84317207336425,0.0,-18.312347926635745,36.769779205322266,37.99669647216797,37.99669647216797,345
20210913T120000,CHANTHU,123.3,31.0,38.5833,27.78,38.95329284667969,20.669225692749023,362.40610126614274,183.6329881370318,0.0419921875,33.96896743774414,0.3699928466796862,-17.914074307250978,334.6261012661428,155.8529881370318,25.594207763671875,0.0,-12.989092236328126,32.78151321411133,33.96896743774414,33.96896743774414,43
20210914T000000,CHANTHU,123.8,31.3,33.43886,55.56,36.15868377685547,18.74974250793457,193.20865581745977,167.73909309268572,0.0703125,21.217973709106445,2.7198237768554705,-14.689117492065428,137.64865581745977,112.17909309268572,21.78598976135254,0.0,-11.65287023864746,21.130878448486328,21.217973709106445,21.217973709106445,72
20210914T060000,CHANTHU,124.3,30.9,28.29442,64.82000000000001,38.20180892944336,17.786067962646484,239.2329464504084,145.1686683028294,0.388671875,40.68878936767578,9.907388929443355,-10.508352037353518,174.41294645040836,80.34866830282938,21.6267147064209,0.0,-6.6677052935791,38.8583984375,40.68878936767578,40.68878936767578,398
20210914T120000,CHANTHU,124.7,30.5,25.7222,74.08,36.47516632080078,17.425996780395508,277.1547031814109,105.43887362562415,0.04296875,23.135501861572266,10.75296632080078,-8.296203219604493,203.0747031814109,31.35887362562416,19.58083724975586,0.0,-6.1413627502441415,22.669357299804688,23.135501861572266,23.135501861572266,44
20210915T000000,CHANTHU,125.7,30.3,23.14998,74.08,19.891376495361328,17.254531860351562,273.0050364719776,146.01266320082576,0.2275390625,22.09512519836425,-3.258603504638671,-5.895448139648437,198.9250364719776,71.93266320082576,19.780914306640625,0.0,-3.3690656933593743,21.623332977294922,22.095125198364258,22.095125198364258,233
20210915T060000,CHANTHU,125.8,30.3,23.14998,92.6,20.9885311126709,17.276256561279297,66.09505501280758,141.9645498938799,0.40625,24.747577667236328,-2.161448887329101,-5.873723438720703,-26.50494498719243,49.3645498938799,17.42225456237793,0.0,-5.72772543762207,23.645204544067383,24.747577667236328,24.747577667236328,416
20210915T120000,CHANTHU,125.6,30.2,23.14998,92.6,14.850266456604004,17.209564208984375,449.2297542789389,102.2473459670188,0.01953125,12.177149772644045,-8.299713543395995,-5.940415791015624,356.6297542789389,9.64734596701878,19.050012588500977,0.0,-4.099967411499023,12.16454792022705,12.177149772644043,12.177149772644043,20
20210916T000000,CHANTHU,125.1,30.4,25.7222,46.3,24.34266662597656,18.597427368164062,45.646415278461696,98.5067154240128,0.24609375,26.100635528564453,-1.3795333740234383,-7.124772631835938,-0.6535847215383086,52.206715424012806,19.507396697998047,0.0,-6.214803302001954,25.77841567993164,26.100635528564453,26.100635528564453,252
20210916T060000,CHANTHU,125.4,31.1,25.7222,46.3,26.80000686645508,18.77035903930664,32.95398881894637,109.47677936756168,0.40625,25.981264114379883,1.0778068664550773,-6.95184096069336,-13.346011181053631,63.17677936756167,21.020811080932617,0.0,-4.701388919067384,25.60407829284668,25.981264114379883,25.981264114379883,416
20210916T120000,CHANTHU,125.8,31.6,25.7222,46.3,11.616949081420898,18.98276329040528,349.4548592518065,126.02758470856315,0.0,,-14.105250918579102,-6.739436709594727,303.1548592518065,79.72758470856314,21.386737823486328,0.0,-4.335462176513673,,,,0
20210916T150000,CHANTHU,126.1,31.9,25.7222,46.3,11.391522407531738,18.99480438232422,307.2563355245431,129.87404627867932,0.0,,-14.330677592468264,-6.727395617675782,260.9563355245431,83.5740462786793,21.386737823486328,3.0,-4.335462176513673,,,,0
20210916T180000,CHANTHU,126.4,32.3,25.7222,46.3,11.26208782196045,19.381322860717773,260.2902841171709,124.70545533911012,0.0,,-14.460112178039552,-6.340877139282227,213.9902841171709,78.40545533911012,20.1119327545166,0.0,-5.610267245483399,,,,0
20210916T210000,CHANTHU,126.9,32.6,25.7222,46.3,11.26303482055664,19.742307662963867,203.36220942099047,94.80921495910935,0.0,,-14.45916517944336,-5.979892337036134,157.0622094209905,48.50921495910935,20.1119327545166,3.0,-5.610267245483399,,,,0
20210917T000000,CHANTHU,127.5,32.9,25.7222,46.3,20.62531852722168,19.850378036499023,128.195619261023,82.66087979401587,0.208984375,22.81673622131348,-5.096881472778321,-5.871821963500977,81.895619261023,36.360879794015865,25.037145614624023,0.0,-0.6850543853759774,21.91762924194336,22.816736221313477,22.816736221313477,214
20210917T030000,CHANTHU,128.3,33.2,25.7222,46.3,21.942188262939453,20.58916282653809,54.16891184873189,97.71033951520936,0.2900390625,23.32023811340332,-3.780011737060548,-5.133037173461915,7.868911848731884,51.41033951520935,25.037145614624023,3.0,-0.6850543853759774,22.23063087463379,23.32023811340332,23.32023811340332,297
20210917T060000,CHANTHU,129.2,33.5,25.7222,46.3,22.393537521362305,22.757110595703125,15.544268491352035,86.97751083533585,0.23046875,23.63858795166016,-3.328662478637696,-2.965089404296876,-30.75573150864797,40.677510835335845,22.470762252807617,0.0,-3.251437747192384,22.92988395690918,23.638587951660156,23.638587951660156,236
20210917T090000,CHANTHU,130.3,33.7,25.7222,42.596,20.469219207763672,21.255142211914062,144.6229398030898,97.56677264752985,0.091796875,23.63858795166016,-5.252980792236329,-4.467057788085938,102.0269398030898,54.97077264752983,22.470762252807617,3.0,-3.251437747192384,23.202180862426758,23.638587951660156,23.638587951660156,94
20210917T120000,CHANTHU,131.6,33.8,23.14998,37.04,12.22673511505127,16.930932998657227,312.920340601861,110.224849691581,0.0,,-10.92324488494873,-6.219047001342773,275.880340601861,73.18484969158098,17.069944381713867,0.0,-6.080035618286132,,,,0
20210917T180000,CHANTHU,134.1,33.9,23.14998,37.04,10.997907638549805,17.144550323486328,302.88245391714764,86.20723028178226,0.0,,-12.152072361450196,-6.005429676513671,265.8424539171476,49.16723028178226,16.323163986206055,0.0,-6.826816013793945,,,,0
20210917T210000,CHANTHU,135.3,34.1,20.57776,37.04,15.331949234008787,15.94997215270996,266.12676656972985,120.78444740799642,0.009765625,8.63625431060791,-5.245810765991212,-4.62778784729004,229.08676656972983,83.74444740799643,16.323163986206055,3.0,-4.254596013793947,8.619193077087402,8.63625431060791,8.63625431060791,10
20210923T060000,DIANMU,110.5,14.7,18.00554,64.82000000000001,14.683154106140137,13.017839431762695,297.7461752138053,199.12212661301703,0.1806640625,14.539053916931152,-3.322385893859863,-4.987700568237305,232.9261752138053,134.30212661301704,13.862860679626465,0.0,-4.142679320373535,14.272001266479492,14.539053916931152,14.539053916931152,185
20210923T120000,DIANMU,109.3,15.3,18.00554,55.56,7.338074684143066,12.903111457824709,526.6600734557313,164.05557828792402,0.0,,-10.667465315856932,-5.102428542175293,471.1000734557313,108.49557828792402,16.54570198059082,0.0,-1.4598380194091796,,,,0
20210924T000000,MINDULLE,141.0,14.6,20.57776,55.56,8.960068702697754,18.082502365112305,490.1980281126421,147.69200100279264,0.0,,-11.617691297302247,-2.4952576348876967,434.6380281126421,92.13200100279263,20.444128036499023,0.0,-0.1336319635009779,,,,0
20210924T060000,MINDULLE,140.3,15.2,23.14998,55.56,14.969650268554688,17.665035247802734,90.6039411938511,138.34152272378154,0.2568359375,16.134695053100586,-8.180329731445312,-5.484944752197265,35.0439411938511,82.78152272378153,17.659778594970703,0.0,-5.490201405029296,15.707185745239258,16.134695053100586,16.134695053100586,263
20210924T180000,MINDULLE,138.6,16.6,30.86664,46.3,20.86075019836425,19.446834564208984,198.8081278959097,102.68041921768504,0.3330078125,20.63123321533203,-10.005889801635742,-11.419805435791016,152.50812789590972,56.38041921768504,22.964099884033203,0.0,-7.902540115966797,20.146867752075195,20.63123321533203,20.63123321533203,341
20210925T000000,MINDULLE,138.1,17.1,36.01108,46.3,12.384876251220703,21.33064651489257,445.1604614672216,114.00559173358272,0.0400390625,13.385662078857422,-23.626203748779297,-14.680433485107422,398.8604614672216,67.70559173358271,23.97932815551757,0.0,-12.031751844482422,13.338473320007324,13.385662078857422,13.385662078857422,41
20210925T060000,MINDULLE,137.7,17.6,41.15552,46.3,19.165428161621094,20.65300750732422,55.98778481122597,158.68580800033092,0.240234375,24.807031631469727,-21.99009183837891,-20.502512492675784,9.687784811225969,112.38580800033093,22.40466690063477,0.0,-18.75085309936524,22.635284423828125,24.807031631469727,24.807031631469727,246
20210925T180000,MINDULLE,137.1,18.5,43.72774,22.224,51.79527282714844,21.133731842041016,85.61177589436458,173.2050030423582,0.3046875,28.7101993560791,8.067532827148433,-22.59400815795899,63.38777589436458,150.9810030423582,23.828996658325195,0.0,-19.8987433416748,28.59371566772461,28.7101993560791,28.7101993560791,312
20210926T000000,MINDULLE,136.8,18.6,51.4444,22.224,16.089778900146484,24.190656661987305,415.32756999342126,145.82136773928585,0.0576171875,17.402013778686523,-35.35462109985352,-27.253743338012697,393.1035699934213,123.59736773928584,27.10700416564941,0.0,-24.337395834350588,17.294219970703125,17.402013778686523,17.402013778686523,59
20210926T060000,MINDULLE,136.7,18.8,54.01662,27.78,38.45914459228516,22.75682830810547,35.20474859377547,128.73942771464172,0.23046875,35.971099853515625,-15.557475407714849,-31.25979169189453,7.424748593775469,100.95942771464172,25.783710479736328,0.0,-28.232909520263675,35.563377380371094,35.971099853515625,35.971099853515625,236
20210926T180000,MINDULLE,136.7,19.4,54.01662,27.78,27.037935256958008,24.90703392028809,8.343441199281017,73.49264771890545,0.2548828125,27.17251968383789,-26.978684743041995,-29.10958607971192,-19.436558800718984,45.71264771890544,27.62220001220703,0.0,-26.39441998779297,26.898681640625,27.17251968383789,27.17251968383789,261
20210927T000000,MINDULLE,136.7,19.6,48.87218,27.78,34.50086975097656,26.351791381835938,208.75027195704644,115.4301781861828,0.1689453125,25.7124080657959,-14.371310249023438,-22.520388618164063,180.97027195704644,87.65017818618279,33.954647064208984,0.0,-14.917532935791016,25.211700439453125,25.7124080657959,25.7124080657959,173
20210927T060000,MINDULLE,136.6,19.9,43.72774,27.78,28.215621948242188,26.364866256713867,205.02332816355928,90.8682002223902,0.15625,28.479421615600582,-15.512118051757817,-17.362873743286137,177.24332816355928,63.088200222390185,29.84914207458496,0.0,-13.878597925415036,28.041494369506836,28.479421615600586,28.479421615600586,160
20210927T180000,MINDULLE,136.3,20.5,43.72774,50.004000000000005,35.678749084472656,28.473976135253903,97.60682542560347,91.8197914731838,0.18359375,34.91899871826172,-8.048990915527348,-15.253763864746098,47.60282542560349,41.81579147318381,33.2886848449707,0.0,-10.439055155029294,34.17406463623047,34.91899871826172,34.91899871826172,188
20210928T000000,MINDULLE,136.2,21.0,43.72774,40.744,22.98332595825196,29.64745712280273,252.01334351461344,82.26825835109614,0.142578125,22.93980598449707,-20.74441404174805,-14.08028287719727,211.26934351461344,41.52425835109614,35.90261459350586,0.0,-7.825125406494138,22.740644454956055,22.93980598449707,22.93980598449707,146
20210928T060000,MINDULLE,135.7,21.6,43.72774,37.04,36.03911209106445,28.19832992553711,309.67075203635983,100.31519776781764,0.0751953125,22.574005126953125,-7.688627908935551,-15.529410074462897,272.6307520363598,63.27519776781765,36.87434005737305,0.0,-6.85339994262695,22.483741760253906,22.574005126953125,22.574005126953125,77
20210928T120000,MINDULLE,135.4,22.0,43.72774,27.78,5.307725429534912,30.67574691772461,427.4412520884352,100.0058430172198,0.0,,-38.42001457046509,-13.051993082275397,399.6612520884352,72.2258430172198,39.29182815551758,0.0,-4.435911844482419,,,,0
20210928T180000,MINDULLE,135.5,22.6,43.72774,27.78,30.312599182128903,33.523475646972656,124.2930691858852,83.18853569500715,0.177734375,28.654630661010746,-13.415140817871098,-10.204264353027348,96.5130691858852,55.408535695007146,38.514041900634766,0.0,-5.213698099365232,28.578697204589844,28.654630661010742,28.654630661010742,182
20210929T000000,MINDULLE,135.4,23.4,43.72774,27.78,37.78975677490234,32.840938568115234,54.51261136658007,90.79565694217956,0.1279296875,29.68863677978516,-5.9379832250976605,-10.88680143188477,26.732611366580063,63.01565694217955,38.83922576904297,0.0,-4.888514230957028,29.28890037536621,29.688636779785156,29.688636779785156,131
20210929T060000,MINDULLE,135.3,24.2,46.29996,40.744,7.615394592285156,31.32050514221192,566.3256780921266,131.84293262628393,0.0,,-38.68456540771484,-14.979454857788085,525.5816780921266,91.09893262628393,39.066680908203125,0.0,-7.233279091796874,,,,0
20210929T120000,MINDULLE,135.6,25.0,46.29996,40.744,5.120648384094238,32.93750762939453,552.7383344569666,104.27892766164932,0.0,,-41.17931161590576,-13.362452370605467,511.9943344569666,63.53492766164932,40.51121520996094,0.0,-5.788744790039061,,,,0
20210929T180000,MINDULLE,135.9,25.9,46.29996,40.744,48.62483215332031,32.32573699951172,25.14328155352649,110.7356810459849,0.1953125,33.90594482421875,2.324872153320314,-13.97422300048828,-15.600718446473508,69.9916810459849,43.47540664672852,0.0,-2.824553353271483,33.63862228393555,33.90594482421875,33.90594482421875,200
20210930T000000,MINDULLE,136.4,26.7,46.29996,40.744,41.409706115722656,33.06562042236328,97.2447799257592,127.10739191580792,0.28125,40.12931442260742,-4.890253884277342,-13.234339577636716,56.5007799257592,86.36339191580792,41.60573196411133,0.0,-4.694228035888671,39.50636291503906,40.12931442260742,40.12931442260742,288
20210930T060000,MINDULLE,137.3,28.0,43.72774,40.744,10.082266807556152,32.55655670166016,490.11770274171374,113.30933123196496,0.0,,-33.64547319244385,-11.171183298339848,449.3737027417137,72.56533123196496,41.020294189453125,0.0,-2.707445810546872,,,,0
20210930T120000,MINDULLE,138.1,29.2,43.72774,31.484,11.411399841308594,35.12075424194336,511.19834144080914,118.82502263295542,0.0,,-32.31634015869141,-8.606985758056645,479.7143414408092,87.34102263295543,45.07663345336914,0.0,1.3488934533691437,,,,0
20210930T150000,MINDULLE,138.6,29.8,43.72774,35.188,42.844852447509766,34.563232421875,19.608321999020006,124.66102364305678,0.0361328125,28.77737808227539,-0.8828875524902386,-9.164507578125004,-15.579678000979996,89.47302364305678,45.07663345336914,3.0,1.3488934533691437,28.54607582092285,28.77737808227539,28.77737808227539,37
20210930T180000,MINDULLE,139.2,30.4,43.72774,37.04,38.90782165527344,31.51782417297364,119.62563620677636,112.73908635441585,0.1796875,37.088661193847656,-4.819918344726567,-12.209915827026371,82.58563620677637,75.69908635441584,39.4924430847168,0.0,-4.2352969152832,35.994136810302734,37.088661193847656,37.088661193847656,184
20210930T210000,MINDULLE,140.1,31.1,43.72774,37.04,32.94782638549805,31.37085151672364,102.1357026192798,72.806532691442,0.3388671875,37.088661193847656,-10.779913614501956,-12.356888483276371,65.09570261927979,35.766532691442,39.4924430847168,3.0,-4.2352969152832,35.98469543457031,37.088661193847656,37.088661193847656,347
20211001T000000,MINDULLE,140.9,32.0,41.15552,37.04,38.57151412963867,30.866622924804688,347.6361566782622,119.09924054531812,0.23046875,34.66476058959961,-2.584005870361331,-10.288897075195315,310.59615667826216,82.05924054531812,45.65932083129883,0.0,4.503800831298825,34.40878677368164,34.66476058959961,34.66476058959961,236
20211007T180000,LIONROCK,111.0,17.4,18.00554,120.38,17.01752281188965,11.181602478027344,524.3576518642396,492.33555678183626,0.1416015625,21.51428604125977,-0.9880171881103514,-6.823937521972656,403.9776518642397,371.95555678183626,14.175518989562988,0.0,-3.830021010437012,21.007369995117188,21.514286041259766,21.514286041259766,145
20211008T000000,KOMPASU,133.6,14.1,18.00554,,15.023530960083008,8.603086471557617,547.6574803712263,419.7693507539942,0.1064453125,13.076210021972656,-2.982009039916992,-9.402453528442384,,,16.376012802124023,0.0,-1.6295271978759764,13.001446723937988,13.076210021972656,13.076210021972656,109
20211008T000000,LIONROCK,110.9,17.8,18.00554,92.6,15.829024314880373,11.018117904663086,345.5362335339853,469.3074932116995,0.1884765625,21.30335235595703,-2.176515685119629,-6.987422095336914,252.93623353398533,376.7074932116995,15.581045150756836,0.0,-2.424494849243164,20.359111785888672,21.30335235595703,21.30335235595703,193
20211008T120000,KOMPASU,132.1,14.5,18.00554,,15.948780059814451,9.301586151123049,515.7626451329977,453.1181793441916,0.1650390625,16.46702766418457,-2.0567599401855468,-8.703953848876953,,,17.99878692626953,0.0,-0.0067530737304686,16.053903579711914,16.46702766418457,16.46702766418457,169
20211008T120000,LIONROCK,110.6,19.0,18.00554,74.08,23.38590240478516,10.79360008239746,419.5133016149322,423.746349950293,0.0810546875,15.10003662109375,5.380362404785156,-7.211939917602539,345.43330161493225,349.666349950293,17.489694595336914,0.0,-0.5158454046630858,14.993746757507324,15.10003662109375,15.10003662109375,83
20211008T180000,KOMPASU,131.5,14.8,20.57776,,23.11293601989746,9.741534233093262,437.63646596183503,440.6294875059261,0.0,,2.53517601989746,-10.83622576690674,,,22.54262351989746,0.0,1.96486351989746,,,,0
20211008T180000,LIONROCK,110.1,19.3,18.00554,74.08,18.5106143951416,10.547433853149414,394.2623484502665,431.3529587839414,0.10546875,20.76860237121582,0.5050743951416017,-7.458106146850586,320.18234845026655,357.2729587839414,18.65654182434082,0.0,0.6510018243408204,20.582809448242188,20.76860237121582,20.76860237121582,108
20211009T000000,KOMPASU,131.0,15.1,20.57776,166.68,15.72598361968994,9.89613437652588,464.69163721734697,588.1541015753079,0.115234375,16.89785385131836,-4.85177638031006,-10.681625623474122,298.01163721734696,421.4741015753079,22.403398513793945,0.0,1.825638513793944,16.8584041595459,16.89785385131836,16.89785385131836,118
20211009T000000,LIONROCK,110.0,19.6,18.00554,74.08,16.670289993286133,10.547433853149414,331.97931338814766,428.3989833043364,0.1298828125,18.66765022277832,-1.335250006713867,-7.458106146850586,257.8993133881477,354.3189833043364,19.973426818847656,0.0,1.9678868188476564,18.52695655822754,18.66765022277832,18.66765022277832,133
20211009T120000,KOMPASU,130.0,15.7,23.14998,166.68,50.41275405883789,11.315951347351074,439.377342802506,579.4021653822003,0.193359375,23.455995559692383,27.26277405883789,-11.834028652648923,272.69734280250594,412.72216538220033,26.48701858520508,0.0,3.337038585205079,22.57523536682129,23.455995559692383,23.455995559692383,198
20211009T120000,LIONROCK,109.6,20.1,18.00554,129.64,19.59221649169922,10.08888053894043,347.0212027139052,334.87595017465003,0.0888671875,20.65392303466797,1.5866764916992189,-7.91665946105957,217.3812027139052,205.23595017465,18.790769577026367,0.0,0.7852295770263673,20.124977111816406,20.65392303466797,20.65392303466797,91
20211009T180000,KOMPASU,129.5,16.3,23.14998,166.68,42.18952178955078,11.660162925720217,436.6476957095592,551.9307487699326,0.029296875,16.67611312866211,19.039541789550785,-11.489817074279784,269.9676957095592,385.2507487699326,23.48503875732422,0.0,0.3350587573242194,16.38520622253418,16.67611312866211,16.67611312866211,30
20211010T000000,KOMPASU,128.9,17.0,23.14998,166.68,21.37083625793457,11.921406745910645,409.3617548956032,531.4265387984175,0.125,19.10428047180176,-1.779143742065429,-11.228573254089357,242.6817548956032,364.7465387984175,23.0804386138916,0.0,-0.0695413861083977,18.882902145385742,19.104280471801758,19.104280471801758,128
20211010T120000,KOMPASU,126.8,18.2,23.14998,222.24,31.829975128173828,11.921406745910645,346.4892829671631,275.0052191710109,0.1171875,28.015968322753903,8.679995128173829,-11.228573254089357,124.24928296716308,52.76521917101087,22.704225540161133,0.0,-0.4457544598388665,27.472110748291016,28.015968322753906,28.015968322753906,120
20211010T180000,KOMPASU,125.6,18.5,25.7222,222.24,22.68916702270508,12.00425148010254,545.4598266508118,541.3415853861073,0.0576171875,19.164464950561523,-3.0330329772949227,-13.717948519897462,323.2198266508118,319.10158538610733,22.330265045166016,0.0,-3.391934954833985,18.927188873291016,19.164464950561523,19.164464950561523,59
20211011T000000,KOMPASU,124.5,18.6,25.7222,46.3,22.89141845703125,14.347127914428713,515.587068511419,526.1041895640346,0.119140625,23.30632400512696,-2.830781542968751,-11.37507208557129,469.287068511419,479.8041895640346,22.069181442260746,0.0,-3.653018557739258,22.608957290649414,23.306324005126953,23.306324005126953,122
20211011T060000,KOMPASU,123.0,18.7,25.7222,37.04,7.26529598236084,14.347127914428713,277.0164763128743,408.9268599800037,0.0,,-18.45690401763916,-11.37507208557129,239.97647631287435,371.8868599800037,22.808841705322266,0.0,-2.913358294677735,,,,0
20211011T120000,KOMPASU,121.7,18.7,25.7222,37.04,41.88002014160156,14.347127914428713,217.66677966285903,344.0515409262289,0.0849609375,35.502464294433594,16.15782014160156,-11.37507208557129,180.62677966285904,307.01154092622886,23.83997344970703,0.0,-1.8822265502929696,35.56564712524414,35.502464294433594,35.502464294433594,87
20211011T180000,KOMPASU,120.5,18.8,28.29442,37.04,35.628047943115234,14.347127914428713,427.0913820972704,314.39627417435213,0.0849609375,34.352561950683594,7.333627943115232,-13.947292085571291,390.05138209727033,277.3562741743521,26.09109115600586,0.0,-2.2033288439941394,33.45704650878906,34.352561950683594,34.352561950683594,87
20211012T000000,KOMPASU,119.1,18.7,28.29442,46.3,31.93745803833008,14.347127914428713,457.44885275599904,362.098044770541,0.130859375,34.596153259277344,3.643038038330076,-13.947292085571291,411.14885275599903,315.79804477054097,26.20004844665528,0.0,-2.0943715533447254,33.812564849853516,34.596153259277344,34.596153259277344,134
20211012T060000,KOMPASU,117.4,18.8,28.29442,101.86,7.456469535827637,14.347127914428713,313.193733253938,460.3094525910084,0.0,,-20.83795046417237,-13.947292085571291,211.333733253938,358.4494525910084,26.50195503234864,0.0,-1.792464967651366,,,,0
20211012T120000,KOMPASU,116.3,18.8,28.29442,101.86,43.762393951416016,14.1790771484375,153.14375616704692,491.4236377281314,0.1298828125,28.081512451171875,15.467973951416012,-14.115342851562502,51.28375616704692,389.56363772813137,26.710485458374023,0.0,-1.5839345416259754,27.95946502685547,28.081512451171875,28.081512451171875,133
20211012T180000,KOMPASU,114.5,19.1,28.29442,101.86,67.4150390625,12.662601470947266,172.68152029109197,332.3705109653072,0.1025390625,34.71751403808594,39.1206190625,-15.631818529052737,70.82152029109197,230.5105109653072,28.23041725158692,0.0,-0.0640027484130847,33.65788650512695,34.71751403808594,34.71751403808594,105
20211013T000000,KOMPASU,112.8,19.0,28.29442,74.08,33.120269775390625,12.482665061950684,129.64602374851174,431.7395588334194,0.10546875,33.03586196899414,4.825849775390623,-15.81175493804932,55.56602374851174,357.65955883341945,27.068490982055664,0.0,-1.2259290179443347,32.40458297729492,33.03586196899414,33.03586196899414,108
20211013T060000,KOMPASU,110.9,19.1,28.29442,83.34,7.4160475730896,11.018117904663086,423.6632481072536,406.46272332908296,0.0,,-20.878372426910403,-17.276302095336916,340.3232481072536,323.122723329083,26.77474594116211,0.0,-1.5196740588378894,,,,0
20211013T120000,KOMPASU,109.4,18.9,23.14998,83.34,26.36211395263672,10.08888053894043,208.2501965590428,339.9577448749814,0.06640625,28.03523063659668,3.2121339526367194,-13.06109946105957,124.91019655904272,256.61774487498144,26.430625915527344,0.0,3.2806459155273444,27.224580764770508,28.03523063659668,28.03523063659668,68
20211024T180000,MALOU,139.2,15.0,18.00554,92.6,9.439834594726562,9.79385757446289,368.0167682424174,408.5425885928996,0.0498046875,9.66530704498291,-8.565705405273437,-8.21168242553711,275.4167682424174,315.94258859289954,16.85700225830078,0.0,-1.1485377416992186,9.640180587768555,9.66530704498291,9.66530704498291,51
20211025T000000,MALOU,138.8,16.3,18.00554,92.6,4.481282711029053,9.79385757446289,586.5478779715888,409.47579397280856,0.0,,-13.524257288970947,-8.21168242553711,493.9478779715888,316.87579397280854,18.07078742980957,0.0,0.0652474298095704,,,,0
20211025T060000,MALOU,138.4,17.7,18.00554,92.6,12.60579776763916,9.49715805053711,489.7050649185453,405.9794532747262,0.2314453125,17.431987762451172,-5.39974223236084,-8.50838194946289,397.1050649185453,313.3794532747262,18.788389205932617,0.0,0.7828492059326173,17.334936141967773,17.431987762451172,17.431987762451172,237
20211025T120000,MALOU,138.4,18.4,18.00554,92.6,15.22107982635498,9.838214874267578,215.1963569766755,589.7042059824643,0.1826171875,16.20705795288086,-2.7844601736450194,-8.167325125732422,122.5963569766755,497.1042059824642,18.73936080932617,0.0,0.733820809326172,15.976197242736816,16.20705795288086,16.20705795288086,187
20211025T180000,MALOU,138.4,18.9,20.57776,64.82000000000001,5.649322509765625,10.220212936401367,306.72271478815605,588.7295757486078,0.0,,-14.928437490234376,-10.357547063598634,241.9027147881561,523.9095757486077,20.39678382873535,0.0,-0.1809761712646498,,,,0
20211026T000000,MALOU,138.6,19.2,23.14998,64.82000000000001,5.559013366699219,10.254661560058594,605.0468224454033,580.5883385948403,0.0,,-17.59096663330078,-12.895318439941406,540.2268224454033,515.7683385948402,23.34640312194824,0.0,0.1964231219482428,,,,0
20211026T060000,MALOU,138.9,19.5,25.7222,37.04,22.57823944091797,10.365360260009766,136.7385301376806,599.2526698390672,0.302734375,22.8515625,-3.143960559082032,-15.356839739990235,99.69853013768062,562.2126698390672,22.64864921569824,0.0,-3.0735507843017587,22.4802188873291,22.8515625,22.8515625,310
20211026T120000,MALOU,139.1,20.1,25.7222,37.04,26.55705642700196,10.326719284057615,60.13983863009971,551.8166883259922,0.2001953125,20.7885856628418,0.8348564270019523,-15.395480715942384,23.09983863009971,514.7766883259923,27.82707595825196,0.0,2.1048759582519523,20.600208282470703,20.788585662841797,20.788585662841797,205
20211026T180000,MALOU,139.3,20.6,28.29442,37.04,6.274581432342529,10.326719284057615,456.8550418666453,524.9960919017867,0.0,,-22.01983856765748,-17.967700715942385,419.8150418666453,487.9560919017867,25.891820907592773,0.0,-2.4025990924072254,,,,0
20211027T000000,MALOU,139.3,20.8,30.86664,22.224,5.875824928283691,10.326719284057615,467.73288327973137,509.6277556866645,0.0,,-24.99081507171631,-20.539920715942383,445.5088832797314,487.4037556866645,26.209447860717773,0.0,-4.657192139282227,,,,0
20211027T060000,MALOU,139.4,21.3,30.86664,22.224,48.92679214477539,10.326719284057615,47.32896675180884,481.8106655984125,0.33203125,22.335668563842773,18.06015214477539,-20.539920715942383,25.104966751808835,459.5866655984125,26.04515647888184,0.0,-4.821483521118164,22.274070739746094,22.335668563842773,22.335668563842773,340
20211027T120000,MALOU,139.7,21.9,36.01108,31.484,31.20170783996582,10.326719284057615,86.52462194669508,471.6477269294903,0.2578125,26.22078323364257,-4.8093721600341794,-25.684360715942383,55.04062194669508,440.1637269294903,26.55753517150879,0.0,-9.45354482849121,25.54925537109375,26.220783233642578,26.220783233642578,264
20211027T180000,MALOU,140.0,22.7,38.5833,31.484,5.089062690734863,10.24864387512207,509.7124193023856,516.5740365982772,0.0,,-33.49423730926514,-28.33465612487793,478.2284193023856,485.0900365982772,29.969236373901367,0.0,-8.614063626098634,,,,0
20211028T000000,MALOU,140.6,23.6,38.5833,27.78,17.814884185791016,10.43009090423584,150.80453677756373,545.3615151706704,0.0107421875,12.587706565856934,-20.768415814208986,-28.15320909576416,123.02453677756372,517.5815151706704,34.06135940551758,0.0,-4.521940594482423,12.517993927001953,12.587706565856934,12.587706565856934,11
20211028T030000,MALOU,141.0,24.2,38.5833,33.336,29.62236785888672,10.838013648986816,111.62168732135198,489.4598974549314,0.3017578125,23.64259147644043,-8.960932141113283,-27.745286351013185,78.28568732135199,456.1238974549314,34.06135940551758,3.0,-4.521940594482423,23.269956588745117,23.64259147644043,23.64259147644043,309
20211130T000000,NYATOH,139.1,12.6,18.00554,83.34,16.053627014160156,15.290813446044922,544.6955597101063,178.8306942388469,0.1123046875,14.834912300109863,-1.951912985839844,-2.714726553955078,461.3555597101063,95.49069423884688,17.220075607299805,0.0,-0.7854643927001952,14.823159217834473,14.834912300109863,14.834912300109863,115
20211130T060000,NYATOH,138.2,12.8,18.00554,83.34,6.811311721801758,16.09132194519043,519.1626947671045,189.71923639165604,0.0,,-11.194228278198242,-1.9142180548095704,435.8226947671045,106.37923639165604,16.816253662109375,0.0,-1.1892863378906249,,,,0
20211130T120000,NYATOH,137.4,13.1,20.57776,83.34,14.737349510192873,16.26549530029297,152.6934981944275,242.37357005446867,0.2724609375,14.13760471343994,-5.84041048980713,-4.312264699707033,69.35349819442749,159.03357005446867,17.188295364379883,0.0,-3.3894646356201186,14.123260498046875,14.137604713439941,14.137604713439941,279
20211130T180000,NYATOH,136.8,13.4,23.14998,92.6,22.15826988220215,19.64105987548828,108.71690127142148,136.45388955516745,0.1298828125,17.193632125854492,-0.9917101177978508,-3.508920124511718,16.116901271421483,43.85388955516744,21.99699783325196,0.0,-1.1529821667480462,17.100799560546875,17.193632125854492,17.193632125854492,133
20211201T000000,NYATOH,136.4,13.8,25.7222,92.6,14.375675201416016,19.424087524414062,381.62730064785546,142.78917202536005,0.04296875,15.827401161193848,-11.346524798583983,-6.298112475585938,289.02730064785544,50.18917202536004,21.476184844970703,0.0,-4.246015155029298,15.751453399658203,15.827401161193848,15.827401161193848,44
20211201T060000,NYATOH,135.8,14.3,28.29442,92.6,5.731505870819092,21.35337829589844,610.0647674294711,169.4755436546455,0.0,,-22.56291412918091,-6.941041704101565,517.4647674294711,76.87554365464548,24.142393112182617,0.0,-4.152026887817382,,,,0
20211201T120000,NYATOH,135.6,15.1,33.43886,55.56,20.59209632873535,23.669967651367188,136.55902871979345,140.165274825667,0.26171875,25.6788330078125,-12.846763671264648,-9.76889234863281,80.99902871979344,84.60527482566701,27.2404899597168,0.0,-6.198370040283201,24.859647750854492,25.6788330078125,25.6788330078125,268
20211201T180000,NYATOH,135.5,15.8,36.01108,37.04,30.631589889526367,22.76392364501953,199.2352327618445,121.98176257398563,0.125,24.17739486694336,-5.379490110473633,-13.247156354980469,162.19523276184455,84.94176257398564,26.15672874450684,0.0,-9.854351255493164,23.88533592224121,24.17739486694336,24.17739486694336,128
20211202T000000,NYATOH,135.6,16.5,36.01108,37.04,11.419947624206545,24.251039505004883,533.2143017344481,116.8665113511597,0.0,,-24.591132375793457,-11.760040494995115,496.1743017344481,79.8265113511597,28.098602294921875,0.0,-7.912477705078125,,,,0
20211202T060000,NYATOH,135.8,17.3,41.15552,40.744,4.854533672332764,24.3225212097168,354.78061423665133,119.61498168036356,0.0,,-36.30098632766724,-16.832998790283206,314.0366142366513,78.87098168036357,27.96581649780273,0.0,-13.189703502197268,,,,0
20211202T120000,NYATOH,136.7,18.3,43.72774,37.04,21.589111328125,26.20689010620117,176.9895550096622,79.84028176527981,0.2080078125,25.157787322998047,-22.138628671875004,-17.520849893798832,139.94955500966222,42.80028176527981,32.02418899536133,0.0,-11.703551004638667,24.162954330444336,25.157787322998047,25.157787322998047,213
20211202T180000,NYATOH,137.5,19.5,51.4444,31.484,39.15886688232422,27.26973342895508,155.2983610753867,41.70578617447418,0.0966796875,25.169620513916016,-12.285533117675785,-24.174666571044924,123.8143610753867,10.221786174474182,31.302640914916992,0.0,-20.14175908508301,24.560487747192383,25.169620513916016,25.169620513916016,99
20211203T000000,NYATOH,138.7,20.9,51.4444,40.744,9.636385917663574,29.08517837524414,584.5431222774353,53.73729045551924,0.0,,-41.80801408233643,-22.35922162475586,543.7991222774352,12.993290455519244,35.15224075317383,0.0,-16.292159246826174,,,,0
20211203T060000,NYATOH,140.5,22.6,48.87218,46.3,6.879769802093506,24.685434341430664,462.7439929345588,28.122459875349108,0.0,,-41.992410197906494,-24.186745658569336,416.4439929345588,-18.177540124650896,25.63371467590332,0.0,-23.23846532409668,,,,0
20211213T060000,RAI,140.8,5.7,18.00554,92.6,12.942737579345703,12.898869514465332,532.755321568069,237.17775422444413,0.224609375,12.060133934020996,-5.062802420654297,-5.106670485534668,440.155321568069,144.5777542244441,13.156270027160645,0.0,-4.849269972839355,12.012687683105469,12.060133934020996,12.060133934020996,230
20211213T120000,RAI,139.7,6.2,20.57776,83.34,11.779630661010742,13.36197280883789,344.02413153516903,77.50634611005447,0.0087890625,9.018961906433104,-8.79812933898926,-7.215787191162111,260.68413153516906,-5.833653889945538,13.797455787658691,0.0,-6.78030421234131,8.946592330932617,9.018961906433105,9.018961906433105,9
20211213T180000,RAI,138.6,6.7,23.14998,64.82000000000001,12.582632064819336,15.342007637023926,481.0737686037864,63.99673268986967,0.1015625,16.895164489746094,-10.567347935180663,-7.8079723629760736,416.2537686037864,-0.8232673101303405,15.846782684326172,0.0,-7.3031973156738275,16.698196411132812,16.895164489746094,16.895164489746094,104
20211214T000000,RAI,137.0,7.3,25.7222,46.3,12.23701286315918,16.963695526123047,100.61234876205518,201.1872767593989,0.0185546875,14.575020790100098,-13.48518713684082,-8.758504473876954,54.31234876205517,154.88727675939893,19.517677307128903,0.0,-6.204522692871095,14.539443969726562,14.575020790100098,14.575020790100098,19
20211214T060000,RAI,135.8,7.8,28.29442,37.04,21.014789581298828,18.77655029296875,159.26456924888,148.5851060148694,0.1962890625,19.118576049804688,-7.279630418701174,-9.517869707031252,122.22456924888002,111.54510601486942,21.08897399902344,0.0,-7.205446000976561,18.84619903564453,19.118576049804688,19.118576049804688,201
20211214T120000,RAI,134.5,8.2,30.86664,55.56,13.241132736206056,18.677249908447266,589.0128233098401,123.6905446154958,0.0400390625,12.605945587158203,-17.625507263793946,-12.189390091552736,533.4528233098401,68.1305446154958,19.651968002319336,0.0,-11.214671997680664,12.559440612792969,12.605945587158203,12.605945587158203,41
20211214T180000,RAI,133.4,8.7,36.01108,55.56,14.182662010192873,18.33202171325684,493.1047214726965,271.32466681989854,0.033203125,16.295141220092773,-21.82841798980713,-17.679058286743164,437.5447214726965,215.7646668198985,20.03901672363281,0.0,-15.972063276367187,15.44133472442627,16.295141220092773,16.295141220092773,34
20211215T000000,RAI,132.3,8.8,38.5833,55.56,9.906475067138672,20.19711685180664,312.05051621490253,128.3080304022793,0.0,,-28.67682493286133,-18.38618314819336,256.4905162149025,72.74803040227928,24.249202728271484,0.0,-14.334097271728517,,,,0
20211215T060000,RAI,131.2,9.0,41.15552,37.04,19.61017608642578,21.063867568969727,179.57553150921186,154.37458089654416,0.23046875,19.18009757995605,-21.54534391357422,-20.09165243103028,142.53553150921186,117.33458089654415,24.34249687194824,0.0,-16.81302312805176,19.121248245239258,19.180097579956055,19.180097579956055,236
20211215T120000,RAI,130.1,9.1,41.15552,27.78,56.39129638671875,22.82999038696289,60.43885478992096,114.00774970632072,0.0546875,24.446029663085938,15.235776386718747,-18.325529613037112,32.65885478992096,86.22774970632071,28.893041610717773,0.0,-12.26247838928223,24.408687591552734,24.446029663085938,24.446029663085938,56
20211215T180000,RAI,128.9,9.4,43.72774,9.26,11.903289794921877,20.52232551574707,446.3289438146733,111.18135936179247,0.0068359375,14.095961570739746,-31.82445020507813,-23.20541448425293,437.0689438146733,101.92135936179248,22.714805603027344,0.0,-21.012934396972653,13.928152084350586,14.095961570739746,14.095961570739746,7
20211216T000000,RAI,127.6,9.7,51.4444,12.964,27.86683464050293,23.46767807006836,70.28740244180388,85.36186514704873,0.0380859375,25.916967391967773,-23.577565359497072,-27.97672192993164,57.32340244180388,72.39786514704873,27.934345245361328,0.0,-23.51005475463868,25.483318328857422,25.916967391967773,25.916967391967773,39
20211216T060000,RAI,126.0,10.0,54.01662,9.26,35.11756896972656,27.41983413696289,119.00776002874646,80.70192606860427,0.12890625,27.44418334960937,-18.89905103027344,-26.59678586303712,109.74776002874646,71.44192606860426,34.38835906982422,0.0,-19.628260930175784,27.08138656616211,27.444183349609375,27.444183349609375,132
20211216T120000,RAI,124.2,10.1,48.87218,37.04,19.55715560913086,23.941421508789062,321.4936172814999,78.03827802236377,0.078125,16.822677612304688,-29.31502439086914,-24.930758491210938,284.4536172814999,40.99827802236377,27.801733016967773,0.0,-21.070446983032227,16.535667419433594,16.822677612304688,16.822677612304688,80
20211216T180000,RAI,122.5,10.1,43.72774,37.04,11.561792373657228,21.75027847290039,594.7874647649561,41.14432767428743,0.0166015625,11.31993579864502,-32.16594762634278,-21.977461527099614,557.7474647649561,4.1043276742874255,26.50541305541992,0.0,-17.222326944580075,11.12785816192627,11.31993579864502,11.31993579864502,17
20211217T000000,RAI,121.0,10.1,41.15552,37.04,12.714695930480955,22.220134735107425,174.44662095662252,59.957097804728505,0.0185546875,13.030009269714355,-28.44082406951905,-18.93538526489258,137.40662095662253,22.917097804728503,26.71402740478516,0.0,-14.441492595214848,12.958353042602539,13.030009269714355,13.030009269714355,19
20211217T060000,RAI,119.9,10.3,41.15552,37.04,52.415077209472656,22.095069885253903,223.11010085281225,92.3736086673001,0.15625,36.45317840576172,11.259557209472652,-19.060450114746097,186.07010085281223,55.333608667300105,25.77411651611328,0.0,-15.381403483886722,36.05071258544922,36.45317840576172,36.45317840576172,160
20211217T120000,RAI,118.6,10.4,41.15552,37.04,22.638399124145508,22.67831039428711,126.47381090417484,112.49662960345556,0.15234375,22.417802810668945,-18.51712087585449,-18.477209605712893,89.43381090417483,75.45662960345558,27.479734420776367,0.0,-13.675785579223636,21.96715545654297,22.417802810668945,22.417802810668945,156
20211217T180000,RAI,117.4,10.7,41.15552,37.04,12.317087173461914,24.26950454711914,343.25413492583186,75.10615070829053,0.0,,-28.83843282653809,-16.886015452880862,306.21413492583184,38.06615070829053,29.442523956298828,0.0,-11.712996043701176,,,,0
20211218T000000,RAI,116.0,10.9,43.72774,37.04,25.42317581176757,25.17078399658203,41.04177888825655,68.30246274241496,0.123046875,18.24839401245117,-18.304564188232423,-18.556956003417973,4.001778888256553,31.26246274241496,29.90972900390625,0.0,-13.818010996093747,18.170631408691406,18.248394012451172,18.248394012451172,126
20211218T060000,RAI,114.7,11.2,48.87218,22.224,31.75003242492676,26.41106605529785,186.3435379981854,75.50003761774617,0.2060546875,30.08600616455078,-17.122147575073242,-22.46111394470215,164.11953799818542,53.27603761774617,31.67073440551757,0.0,-17.201445594482422,29.781612396240234,30.08600616455078,30.08600616455078,211
20211218T120000,RAI,113.4,11.8,51.4444,22.224,39.897193908691406,27.205968856811523,147.35827831821905,57.741255498089984,0.1923828125,35.3901252746582,-11.547206091308595,-24.23843114318848,125.13427831821905,35.51725549808998,34.27751922607422,0.0,-17.166880773925783,35.22343063354492,35.3901252746582,35.3901252746582,197
20211218T180000,RAI,112.2,12.6,54.01662,22.224,6.9928412437438965,27.7322940826416,597.1720592093355,19.191940429378644,0.0,,-47.02377875625611,-26.2843259173584,574.9480592093355,-3.0320595706213567,34.12730026245117,0.0,-19.88931973754883,,,,0
20211219T000000,RAI,111.4,13.1,54.01662,22.224,37.57779312133789,27.37217330932617,86.21845461843111,78.56354076190944,0.0869140625,28.89148712158203,-16.438826878662113,-26.64444669067383,63.99445461843111,56.33954076190943,30.88150787353516,0.0,-23.135112126464847,28.872604370117188,28.89148712158203,28.89148712158203,89
20211219T060000,RAI,110.7,13.9,51.4444,27.78,28.65991401672364,25.699932098388672,52.23320479791188,68.12695699429932,0.1708984375,25.577238082885746,-22.78448598327637,-25.74446790161133,24.45320479791188,40.34695699429932,29.881567001342773,0.0,-21.56283299865723,25.24213981628418,25.577238082885742,25.577238082885742,175
20211219T120000,RAI,110.6,14.9,46.29996,37.04,33.893043518066406,25.645362854003903,52.88571173718438,59.52821055609908,0.166015625,32.509674072265625,-12.406916481933592,-20.65459714599609,15.84571173718438,22.48821055609908,33.43952560424805,0.0,-12.860434395751952,32.0793342590332,32.509674072265625,32.509674072265625,170
20211219T180000,RAI,110.6,15.9,41.15552,37.04,7.345667362213135,24.36762809753418,571.5398479328404,86.21768687144237,0.0,,-33.80985263778687,-16.787891902465823,534.4998479328405,49.17768687144237,27.42579460144043,0.0,-13.729725398559571,,,,0
20211220T000000,RAI,110.8,17.1,36.01108,37.04,23.77838516235352,20.698680877685547,127.4332195738332,105.23248822900496,0.0517578125,17.877819061279297,-12.232694837646484,-15.312399122314453,90.3932195738332,68.19248822900497,25.36040306091309,0.0,-10.650676939086914,17.769081115722656,17.877819061279297,17.877819061279297,53
20211220T060000,RAI,111.3,18.1,28.29442,74.08,28.90934944152832,19.005521774291992,88.84319506939063,84.20289660219096,0.1865234375,22.642581939697266,0.614929441528318,-9.28889822570801,14.763195069390632,10.122896602190965,20.287464141845703,0.0,-8.006955858154296,22.330167770385742,22.642581939697266,22.642581939697266,191
20211220T120000,RAI,112.1,19.0,18.00554,83.34,21.58286476135254,16.820301055908203,97.3308681212428,110.77101400149384,0.0947265625,18.773012161254883,3.577324761352539,-1.1852389440917968,13.990868121242798,27.43101400149385,20.54108428955078,0.0,2.5355442895507814,18.61726951599121,18.773012161254883,18.773012161254883,97
20220409T180000,MEGI,126.1,10.8,18.00554,55.56,13.859675407409668,15.616155624389648,325.2188348931811,75.10633992841464,0.0673828125,14.21826457977295,-4.145864592590332,-2.3893843756103514,269.6588348931811,19.54633992841464,16.30455207824707,0.0,-1.7009879217529296,14.154223442077637,14.21826457977295,14.21826457977295,69
20220410T000000,MALAKAS,140.0,10.6,23.14998,37.04,16.21052360534668,19.343170166015625,594.2223383602924,150.02055427620715,0.009765625,15.96123218536377,-6.93945639465332,-3.8068098339843743,557.1823383602924,112.98055427620716,21.290157318115234,0.0,-1.859822681884765,15.847760200500488,15.96123218536377,15.96123218536377,10
20220410T000000,MEGI,125.9,10.8,20.57776,55.56,12.72650146484375,16.195659637451172,423.3356198894724,75.10633992841464,0.013671875,12.056632041931152,-7.851258535156251,-4.3821003625488295,367.7756198894724,19.54633992841464,17.05475616455078,0.0,-3.52300383544922,11.66708755493164,12.056632041931152,12.056632041931152,14
20220410T060000,MALAKAS,138.8,11.2,23.14998,37.04,17.724166870117188,17.481475830078125,88.1897081288859,249.7862840670566,0.1982421875,16.952545166015625,-5.425813129882812,-5.668504169921874,51.1497081288859,212.74628406705665,19.158077239990234,0.0,-3.991902760009765,16.932273864746094,16.952545166015625,16.952545166015625,203
20220410T060000,MEGI,125.6,10.8,18.00554,111.12,12.535639762878418,15.096458435058594,443.1547021422222,80.85601466883476,0.060546875,11.472222328186035,-5.469900237121582,-2.909081564941406,332.0347021422222,-30.263985331165244,15.986509323120115,0.0,-2.0190306768798827,11.280159950256348,11.472222328186035,11.472222328186035,62
20220410T120000,MALAKAS,137.8,11.6,25.7222,46.3,6.784120082855225,18.06322479248047,460.3814704437887,122.98439938703908,0.0,,-18.938079917144776,-7.658975207519532,414.0814704437887,76.68439938703906,19.47919464111328,0.0,-6.24300535888672,,,,0
20220410T120000,MEGI,125.3,10.9,18.00554,55.56,8.099164962768555,14.731893539428713,613.8484149177792,85.77024330948359,0.0,,-9.906375037231443,-3.273646460571289,558.2884149177792,30.210243309483587,15.234652519226074,0.0,-2.7708874807739257,,,,0
20220410T180000,MALAKAS,136.9,11.9,25.7222,46.3,18.3455810546875,17.05394744873047,172.20585097825034,219.62669647266063,0.1875,17.026344299316406,-7.376618945312501,-8.668252551269532,125.90585097825031,173.32669647266064,17.733810424804688,0.0,-7.988389575195313,16.96927833557129,17.026344299316406,17.026344299316406,192
20220410T180000,MEGI,125.1,11.0,18.00554,55.56,11.935871124267578,12.652839660644531,597.8406928123203,85.74467118029152,0.0908203125,12.555779457092283,-6.069668875732422,-5.352700339355469,542.2806928123202,30.18467118029152,13.011693954467772,0.0,-4.993846045532226,12.309215545654297,12.555779457092285,12.555779457092285,93
20220411T000000,MALAKAS,136.4,12.4,25.7222,27.78,18.53940391540528,18.35045051574707,449.8256961275571,141.79964892618537,0.013671875,19.66304016113281,-7.182796084594727,-7.37174948425293,422.0456961275571,114.01964892618535,19.800369262695312,0.0,-5.921830737304688,19.607877731323242,19.663040161132812,19.663040161132812,14
20220411T060000,MALAKAS,136.1,13.2,25.7222,37.04,17.50168228149414,19.691104888916016,155.16024929707015,157.96914085548588,0.3056640625,21.84562873840332,-8.22051771850586,-6.031095111083985,118.12024929707016,120.92914085548588,21.352399826049805,0.0,-4.369800173950196,20.36956787109375,21.84562873840332,21.84562873840332,313
20220411T120000,MALAKAS,135.8,14.0,28.29442,37.04,5.924475193023682,19.18014907836914,587.606427969467,191.11355450939047,0.0,,-22.36994480697632,-9.114270921630862,550.566427969467,154.07355450939048,22.902755737304688,0.0,-5.391664262695311,,,,0
20220411T180000,MALAKAS,135.6,14.7,30.86664,37.04,52.62688446044922,21.19746398925781,151.4669343042973,194.55776919983472,0.2138671875,22.5147647857666,21.76024446044922,-9.669176010742188,114.4269343042973,157.51776919983473,23.02633285522461,0.0,-7.840307144775391,22.111339569091797,22.5147647857666,22.5147647857666,219
20220412T000000,MALAKAS,135.0,15.4,33.43886,46.3,17.29011344909668,20.043869018554688,243.9495362272562,192.27475153150425,0.0009765625,10.95084285736084,-16.14874655090332,-13.39499098144531,197.6495362272562,145.9747515315042,22.20576286315918,0.0,-11.23309713684082,,,,1
20220412T060000,MALAKAS,135.1,15.8,36.01108,31.484,24.19184112548828,21.03191375732422,227.84210481188865,119.52199558110586,0.3408203125,24.28044319152832,-11.81923887451172,-14.97916624267578,196.3581048118886,88.03799558110586,23.868257522583008,0.0,-12.142822477416992,23.636905670166016,24.28044319152832,24.28044319152832,349
20220412T180000,MALAKAS,135.9,16.7,41.15552,46.3,34.355567932128906,23.715744018554688,269.9416063816371,104.19690841892076,0.240234375,23.60091018676757,-6.7999520678710965,-17.439775981445315,223.64160638163708,57.896908418920766,27.423486709594727,0.0,-13.732033290405276,23.50115203857422,23.600910186767578,23.600910186767578,246
20220413T000000,MALAKAS,136.4,17.3,41.15552,46.3,23.42923355102539,25.675683975219727,307.37678629443474,103.82467759717623,0.0400390625,21.39177894592285,-17.726286448974612,-15.479836024780276,261.0767862944347,57.52467759717623,29.683353424072266,0.0,-11.472166575927735,21.10750389099121,21.39177894592285,21.39177894592285,41
20220413T060000,MALAKAS,137.0,17.9,43.72774,31.484,23.65224838256836,25.51078987121582,33.32060597433317,70.61873192837184,0.2568359375,25.38355255126953,-20.075491617431645,-18.216950128784184,1.8366059743331675,39.13473192837184,29.68434333801269,0.0,-14.043396661987302,25.20439910888672,25.38355255126953,25.38355255126953,263
20220413T180000,MALAKAS,137.5,19.7,46.29996,27.78,29.151519775390625,26.48165512084961,235.1820560418044,176.33811289876672,0.181640625,25.173667907714844,-17.148440224609374,-19.81830487915039,207.4020560418044,148.55811289876672,30.91756057739257,0.0,-15.38239942260742,25.07851791381836,25.173667907714844,25.173667907714844,186
20220414T000000,MALAKAS,138.0,20.6,46.29996,9.26,48.5774040222168,25.670759201049805,178.65073740472312,130.65854066530457,0.0458984375,28.432979583740234,2.277444022216798,-20.6292007989502,169.39073740472313,121.39854066530457,30.010093688964844,0.0,-16.289866311035155,27.919546127319336,28.432979583740234,28.432979583740234,47
20220414T060000,MALAKAS,138.5,21.7,46.29996,9.26,38.1534538269043,26.61397171020508,53.01298512210631,97.4503169040296,0.1591796875,26.480688095092773,-8.146506173095702,-19.68598828979492,43.75298512210631,88.1903169040296,30.54471015930176,0.0,-15.75524984069824,26.31035041809082,26.480688095092773,26.480688095092773,163
20220414T150000,MALAKAS,139.6,23.3,43.72774,18.52,12.97111988067627,28.05093574523925,585.8811898328062,159.69386733845832,0.0,,-30.75662011932373,-15.676804254760746,567.3611898328062,141.1738673384583,29.89396476745605,3.0,-13.833775232543942,,,,0
20220414T180000,MALAKAS,140.1,24.3,41.15552,27.78,31.9218807220459,27.51788330078125,86.36441140301466,108.78747276192443,0.2197265625,41.03657150268555,-9.233639277954104,-13.637636699218753,58.584411403014656,81.00747276192445,33.33411407470703,0.0,-7.8214059252929715,39.356422424316406,41.03657150268555,41.03657150268555,225
20220414T210000,MALAKAS,140.4,25.3,41.15552,27.78,44.34093475341797,28.89914321899414,358.16603165006376,123.66758482278418,0.2744140625,41.03657150268555,3.185414753417966,-12.256376781005862,330.3860316500637,95.88758482278418,33.33411407470703,3.0,-7.8214059252929715,39.356422424316406,41.03657150268555,41.03657150268555,281
20220415T000000,MALAKAS,140.7,26.3,38.5833,27.78,43.71917343139648,27.57682609558105,67.78034190812525,196.6684870433693,0.2548828125,28.47610282897949,5.135873431396483,-11.006473904418948,40.00034190812525,168.8884870433693,33.11141586303711,0.0,-5.471884136962892,28.421804428100586,28.476102828979492,28.476102828979492,261
20220415T030000,MALAKAS,141.1,27.1,36.01108,46.3,36.68971252441406,27.32135581970215,111.45386491619054,160.22829275959555,0.16796875,28.47610282897949,0.6786325244140627,-8.689724180297851,65.15386491619054,113.92829275959554,33.11141586303711,3.0,-2.8996641369628904,28.412673950195312,28.476102828979492,28.476102828979492,172
20220630T060000,CHABA,115.4,16.1,20.57776,157.42000000000002,27.508520126342773,15.889267921447754,284.4556326914757,160.41118658050544,0.2578125,21.298620223999023,6.930760126342772,-4.688492078552248,127.03563269147573,2.991186580505428,16.81578826904297,0.0,-3.7619717309570326,20.508474349975586,21.298620223999023,21.298620223999023,264
20220630T120000,CHABA,115.1,17.0,23.14998,157.42000000000002,17.187776565551758,15.607118606567385,225.95408576053472,187.5276963336072,0.0224609375,16.481794357299805,-5.9622034344482415,-7.542861393432616,68.53408576053471,30.107696333607123,16.427404403686523,0.0,-6.722575596313476,16.43290901184082,16.481794357299805,16.481794357299805,23
20220630T180000,AERE,131.0,19.7,18.00554,83.34,10.088398933410645,14.46316146850586,424.0959089655856,118.09477168520624,0.0361328125,10.195326805114746,-7.917141066589355,-3.5423785314941405,340.7559089655856,34.75477168520624,15.403639793395996,0.0,-2.601900206604004,10.165470123291016,10.195326805114746,10.195326805114746,37
20220630T180000,CHABA,114.7,17.5,25.7222,83.34,28.316389083862305,18.47405242919922,151.70471425139257,120.35408009275176,0.240234375,19.027114868164062,2.594189083862304,-7.248147570800782,68.36471425139257,37.01408009275177,19.290740966796875,0.0,-6.431459033203126,19.03990936279297,19.027114868164062,19.027114868164062,246
20220701T000000,AERE,131.1,20.2,20.57776,83.34,6.209964752197266,16.48074722290039,218.91801675843564,134.39436653635863,0.0,,-14.367795247802736,-4.097012777099611,135.57801675843564,51.05436653635863,17.4281063079834,0.0,-3.149653692016603,,,,0
20220701T000000,CHABA,114.1,18.3,28.29442,83.34,6.810126781463623,18.371273040771484,320.1023113528189,136.06948634169595,0.0,,-21.48429321853638,-9.923146959228518,236.7623113528189,52.729486341695946,19.133075714111328,0.0,-9.16134428588867,,,,0
20220701T060000,AERE,131.2,21.0,20.57776,83.34,32.72743606567383,19.62963485717773,45.49266731631089,128.76035441662268,0.2978515625,15.309045791625977,12.149676065673829,-0.948125142822267,-37.84733268368911,45.42035441662267,22.50082397460937,0.0,1.9230639746093736,15.202229499816895,15.309045791625977,15.309045791625977,305
20220701T060000,CHABA,113.2,18.9,28.29442,83.34,23.30961799621582,19.44485092163086,117.22185541018942,161.0919913981611,0.154296875,21.99627113342285,-4.984802003784182,-8.849569078369143,33.88185541018942,77.7519913981611,21.096567153930664,0.0,-7.197852846069335,20.964500427246094,21.99627113342285,21.99627113342285,158
20220701T120000,AERE,131.3,22.1,20.57776,83.34,25.28728103637696,17.867170333862305,109.91405134139252,146.58259248029168,0.1669921875,18.922578811645508,4.709521036376952,-2.7105896661376967,26.574051341392504,63.24259248029168,19.20456314086914,0.0,-1.3731968591308608,18.754615783691406,18.922578811645508,18.922578811645508,171
20220701T120000,CHABA,112.7,19.4,30.86664,83.34,26.87226295471192,18.531095504760746,61.20351647220659,153.38718941210706,0.029296875,32.3307991027832,-3.9943770452880862,-12.335544495239258,-22.136483527793416,70.04718941210706,21.223783493041992,0.0,-9.642856506958008,31.406110763549805,32.3307991027832,32.3307991027832,30
20220701T180000,AERE,131.1,23.3,20.57776,92.6,14.98218822479248,19.44112014770508,298.7949472348809,86.91959658063968,0.0361328125,13.910887718200684,-5.595571775207521,-1.1366398522949233,206.19494723488089,-5.680403419360331,21.215471267700195,0.0,0.6377112677001939,13.824491500854492,13.910887718200684,13.910887718200684,37
20220701T180000,CHABA,112.1,20.1,33.43886,64.82000000000001,41.91838836669922,20.81840133666992,467.6803020552081,155.90368282647597,0.0625,39.388648986816406,8.47952836669922,-12.620458663330076,402.86030205520814,91.08368282647596,22.892831802368164,0.0,-10.546028197631834,38.144874572753906,39.388648986816406,39.388648986816406,64
20220702T000000,AERE,130.3,24.7,20.57776,83.34,5.657412052154541,18.573843002319336,442.0395696896033,95.68421569527,0.0,,-14.92034794784546,-2.003916997680665,358.6995696896033,12.344215695270009,19.53808784484864,0.0,-1.0396721551513686,,,,0
20220702T000000,CHABA,111.7,20.6,36.01108,55.56,8.069817543029785,21.42481803894043,447.0614931534968,166.86909526650845,0.0,,-27.94126245697021,-14.58626196105957,391.5014931534968,111.30909526650844,23.45353889465332,0.0,-12.55754110534668,,,,0
20220702T060000,AERE,129.4,25.9,23.14998,83.34,36.8796272277832,19.143817901611328,198.9405001063541,76.64780320575547,0.2509765625,18.08597755432129,13.729647227783204,-4.006162098388671,115.60050010635412,-6.692196794244538,19.349645614624023,0.0,-3.800334385375976,17.770652770996094,18.08597755432129,18.08597755432129,257
20220702T060000,CHABA,111.2,21.2,36.01108,55.56,28.88688087463379,19.522518157958984,44.85289365633264,179.71892080252564,0.111328125,32.31513214111328,-7.124199125366211,-16.488561842041015,-10.707106343667364,124.15892080252564,20.871875762939453,0.0,-15.139204237060548,31.026390075683594,32.31513214111328,32.31513214111328,114
20220702T120000,AERE,128.1,26.4,23.14998,83.34,20.997737884521484,17.88189697265625,251.5250412440461,114.75447173829464,0.33984375,18.58838081359864,-2.152242115478515,-5.268083027343749,168.18504124404612,31.414471738294623,17.93320083618164,0.0,-5.216779163818359,18.611961364746094,18.588380813598633,18.588380813598633,348
20220702T120000,CHABA,110.8,21.9,25.7222,64.82000000000001,20.80437469482422,16.622623443603516,423.6123258642256,125.51303355918108,0.0439453125,19.88926887512207,-4.917825305175782,-9.099576556396483,358.7923258642256,60.69303355918108,17.361120223999023,0.0,-8.361079776000977,19.55038070678711,19.88926887512207,19.88926887512207,45
20220702T140000,AERE,127.8,26.7,23.14998,83.34,18.888090133666992,18.32424545288086,94.47001029143608,108.46599134522953,0.2724609375,18.58838081359864,-4.261889866333007,-4.82573454711914,11.13001029143608,25.125991345229508,17.93320083618164,2.0,-5.216779163818359,18.374971389770508,18.588380813598633,18.588380813598633,279
20220702T180000,AERE,127.5,27.3,20.57776,83.34,9.424843788146973,17.12165069580078,462.5878414954384,110.45658717970804,0.0,,-11.152916211853029,-3.45610930419922,379.2478414954384,27.116587179708034,16.396484375,0.0,-4.181275625000001,,,,0
20220702T180000,CHABA,110.5,22.6,23.14998,64.82000000000001,10.696856498718262,17.35187530517578,519.5751285800268,178.90879625277034,0.0087890625,9.68575954437256,-12.453123501281738,-5.798104694824218,454.7551285800268,114.08879625277034,18.326475143432617,0.0,-4.823504856567382,9.512630462646484,9.685759544372559,9.685759544372559,9
20220703T000000,AERE,127.2,27.8,18.00554,83.34,8.774666786193848,15.069231033325195,426.4762922776357,120.92623490897856,0.0,,-9.230873213806152,-2.936308966674805,343.1362922776357,37.58623490897856,14.994272232055664,0.0,-3.011267767944336,,,,0
20220703T000000,CHABA,110.6,23.6,18.00554,64.82000000000001,8.47437858581543,14.666318893432615,603.419268835009,320.5491042417233,0.0,,-9.53116141418457,-3.3392211065673827,538.599268835009,255.7291042417233,14.771187782287598,0.0,-3.2343522177124022,,,,0
20220703T060000,AERE,126.9,28.2,18.00554,83.34,16.560428619384766,16.39569854736328,198.3001951252426,121.26209048977232,0.2685546875,13.486368179321287,-1.4451113806152345,-1.6098414526367186,114.9601951252426,37.92209048977232,16.785898208618164,0.0,-1.2196417913818358,13.232072830200195,13.486368179321289,13.486368179321289,275
20220703T120000,AERE,126.5,28.5,18.00554,83.34,14.78558349609375,14.27366065979004,443.00516093453626,187.88851489348195,0.3310546875,13.90277862548828,-3.21995650390625,-3.731879340209961,359.6651609345363,104.54851489348196,14.388439178466797,0.0,-3.617100821533203,14.094788551330566,13.902778625488281,13.902778625488281,339
20220703T180000,AERE,126.8,29.3,18.00554,83.34,11.74204444885254,14.305253982543944,468.83456806919,332.0638873367395,0.0,,-6.263495551147461,-3.700286017456055,385.49456806919,248.72388733673952,13.682798385620115,0.0,-4.322741614379883,,,,0
20220704T000000,AERE,127.4,30.0,18.00554,83.34,12.577373504638672,13.56180191040039,400.3780109176545,313.91545490559287,0.0,,-5.428166495361328,-4.443738089599609,317.03801091765445,230.5754549055929,14.55900764465332,0.0,-3.44653235534668,,,,0
20220704T060000,AERE,127.9,30.9,18.00554,83.34,20.60681533813477,12.208005905151367,214.78101249672173,238.44788958154533,0.23046875,12.950459480285645,2.6012753381347657,-5.797534094848633,131.44101249672173,155.10788958154532,13.146299362182615,0.0,-4.859240637817383,12.937456130981445,12.950459480285645,12.950459480285645,236
20220704T120000,AERE,128.7,31.6,18.00554,74.08,13.071481704711914,12.646223068237305,192.82001945735453,157.64944018255883,0.2294921875,11.826470375061035,-4.934058295288086,-5.359316931762695,118.74001945735452,83.56944018255884,12.071100234985352,0.0,-5.934439765014648,11.774036407470703,11.826470375061035,11.826470375061035,235
20220704T180000,AERE,129.4,32.7,18.00554,74.08,11.86998462677002,12.765819549560549,89.60134933050676,370.42640750645074,0.0,,-6.13555537322998,-5.239720450439453,15.521349330506766,296.3464075064508,12.999045372009276,0.0,-5.0064946279907225,,,,0
20220728T120000,SONGDA,139.1,22.5,18.00554,,7.749152183532715,16.733861923217773,505.5557669671316,375.9758768838693,0.0009765625,7.937172889709473,-10.256387816467283,-1.2716780767822264,,,17.66237449645996,0.0,-0.3431655035400389,,,,1
20220728T180000,SONGDA,137.5,25.3,18.00554,,15.612900733947754,15.938913345336914,320.19906024211326,314.3708567444495,0.193359375,15.795195579528809,-2.392639266052246,-2.066626654663086,,,15.968321800231934,0.0,-2.0372181997680663,15.768600463867188,15.795195579528809,15.795195579528809,198
20220729T000000,SONGDA,134.5,28.0,18.00554,,15.240843772888184,15.689983367919922,398.5531740839869,329.81965785787304,0.37890625,19.57183074951172,-2.7646962271118163,-2.315556632080078,,,14.41082763671875,0.0,-3.59471236328125,18.68996810913086,19.57183074951172,19.57183074951172,388
20220729T060000,SONGDA,132.0,29.1,18.00554,,10.799298286437988,15.956640243530272,501.24562815860753,415.0244118781444,0.0,,-7.206241713562012,-2.0488997564697264,,,17.826143264770508,0.0,-0.179396735229492,,,,0
20220729T120000,SONGDA,130.0,30.0,20.57776,,11.53012466430664,12.991019248962402,390.07801178368953,215.49398560124192,0.0,,-9.04763533569336,-7.586740751037599,,,13.440743446350098,0.0,-7.137016553649904,,,,0
20220729T180000,SONGDA,128.2,30.6,18.00554,74.08,13.45526123046875,13.538558959960938,208.1580235308168,181.2781785446556,0.39453125,13.606807708740234,-4.55027876953125,-4.466981040039062,134.07802353081684,107.1981785446556,13.79962921142578,0.0,-4.205910788574219,13.37883472442627,13.606807708740234,13.606807708740234,404
20220730T000000,SONGDA,126.3,31.3,18.00554,74.08,13.407512664794922,12.768390655517578,150.48924714892414,130.76432259404868,0.33984375,14.47157096862793,-4.598027335205078,-5.237149344482422,76.40924714892414,56.68432259404868,13.205557823181152,0.0,-4.799982176818848,14.35912799835205,14.47157096862793,14.47157096862793,348
20220730T060000,SONGDA,125.0,31.9,18.00554,74.08,10.773065567016602,14.449122428894045,398.1521930708154,168.58833361828482,0.0,,-7.232474432983398,-3.556417571105957,324.07219307081544,94.50833361828482,15.2683744430542,0.0,-2.7371655569458007,,,,0
20220730T120000,SONGDA,124.1,32.7,18.00554,74.08,11.515871047973633,14.163925170898438,355.5240086013177,149.99337381309357,0.0,,-6.489668952026367,-3.8416148291015615,281.4440086013177,75.91337381309357,13.822265625,0.0,-4.183274375,,,,0
20220730T180000,SONGDA,123.4,33.3,18.00554,74.08,12.233813285827637,13.136810302734377,206.86129316316843,127.3305449998591,0.28125,12.992265701293944,-5.771726714172363,-4.868729697265625,132.7812931631684,53.2505449998591,12.949779510498049,0.0,-5.055760489501953,12.77955436706543,12.992265701293945,12.992265701293945,288
20220731T000000,SONGDA,123.1,33.6,18.00554,74.08,28.31381607055664,11.973397254943848,235.47099215909367,367.8998067224933,0.19921875,21.75712013244629,10.30827607055664,-6.032142745056152,161.39099215909368,293.8198067224933,12.207315444946287,0.0,-5.798224555053711,20.37165069580078,21.75712013244629,21.75712013244629,204
20220731T000000,TRASES,127.9,25.8,18.00554,138.9,26.072593688964844,17.044204711914062,127.68717952322498,207.9993603425084,0.3212890625,20.309755325317383,8.067053688964844,-0.9613352880859374,-11.212820476775022,69.09936034250839,18.08095932006836,0.0,0.0754193200683595,19.94251823425293,20.309755325317383,20.309755325317383,329
20220731T060000,SONGDA,123.2,33.9,18.00554,74.08,11.078624725341797,13.57843780517578,369.905696920037,337.777206835608,0.0,,-6.926915274658203,-4.427102194824219,295.82569692003705,263.697206835608,13.457502365112305,0.0,-4.548037634887695,,,,0
20220731T060000,TRASES,127.6,27.3,18.00554,138.9,8.94604778289795,18.05375289916992,457.0612580093058,178.43879609593114,0.0,,-9.05949221710205,0.048212899169922,318.1612580093058,39.53879609593113,18.325626373291016,0.0,0.3200863732910157,,,,0
20220731T120000,TRASES,127.2,28.6,18.00554,83.34,11.394854545593262,18.15575790405273,420.9136115887036,165.59970593554064,0.0,,-6.610685454406738,0.1502179040527345,337.5736115887036,82.25970593554064,19.72046089172364,0.0,1.714920891723633,,,,0
20220731T180000,TRASES,127.1,30.2,18.00554,111.12,24.588762283325195,19.628786087036133,367.3418381811499,123.95838265660537,0.4326171875,18.1899642944336,6.583222283325195,1.623246087036133,256.2218381811499,12.838382656605347,20.24716567993164,0.0,2.2416256799316407,18.01319694519043,18.189964294433594,18.189964294433594,443
20220801T000000,TRASES,126.9,32.7,18.00554,92.6,22.92758750915528,17.165756225585938,210.65102070643223,114.97570399758416,0.2666015625,17.632810592651367,4.922047509155274,-0.8397837744140624,118.05102070643224,22.37570399758416,17.130002975463867,0.0,-0.8755370245361327,17.62317657470703,17.632810592651367,17.632810592651367,273
20220809T060000,MULAN,113.4,17.3,18.00554,,6.673164367675781,16.980243682861328,405.0792010925918,339.18769286383883,0.0,,-11.33237563232422,-1.0252963171386718,,,18.059307098388672,0.0,0.053767098388672,,,,0
20220809T120000,MULAN,112.7,18.4,18.00554,,15.731754302978516,15.273201942443848,336.40273950568684,309.2285849900852,0.2490234375,17.542217254638672,-2.2737856970214843,-2.732338057556152,,,15.271247863769531,0.0,-2.7342921362304686,16.89128303527832,17.542217254638672,17.542217254638672,255
20220809T180000,MULAN,111.9,19.2,18.00554,,15.886326789855955,15.661090850830078,185.5609735129424,295.2540352812942,0.0986328125,15.838418006896973,-2.119213210144043,-2.3444491491699218,,,15.976337432861328,0.0,-2.029202567138672,15.500876426696777,15.838418006896973,15.838418006896973,101
20220810T000000,MULAN,111.0,20.0,18.00554,,13.076340675354004,13.969125747680664,542.8977201176599,390.02673262270935,0.0,,-4.929199324645996,-4.036414252319336,,,15.2174072265625,0.0,-2.7881327734375,,,,0
20220810T060000,MULAN,109.9,20.4,18.00554,,8.979386329650879,15.378785133361816,385.7929486368653,362.2012826787733,0.0,,-9.02615367034912,-2.6267548666381835,,,16.024829864501953,0.0,-1.9807101354980468,,,,0
20220810T120000,MULAN,109.2,20.6,18.00554,,11.591224670410156,12.94112777709961,391.7868978090765,315.62883732371256,0.1044921875,11.42068862915039,-6.414315329589844,-5.064412222900391,,,12.992621421813965,0.0,-5.012918578186035,11.397920608520508,11.42068862915039,11.42068862915039,107
20220811T120000,MEARI,135.6,28.8,18.00554,101.86,22.661766052246094,17.822723388671875,238.9959848564721,198.43705146276247,0.33203125,14.585138320922852,4.656226052246094,-0.1828166113281248,137.1359848564722,96.57705146276248,18.33968544006348,0.0,0.3341454400634767,14.562695503234863,14.585138320922852,14.585138320922852,340
20220811T180000,MEARI,135.9,29.4,18.00554,101.86,23.42172241210937,19.816688537597656,465.03076172055376,174.88105360797582,0.31640625,16.294450759887695,5.416182412109375,1.8111485375976564,363.17076172055374,73.02105360797582,21.377025604248047,0.0,3.371485604248047,16.10101318359375,16.294450759887695,16.294450759887695,324
20220812T000000,MEARI,136.2,30.4,18.00554,101.86,12.566198348999023,16.670331954956055,428.67164774760727,191.5915164233856,0.0,,-5.439341651000976,-1.3352080450439452,326.81164774760725,89.73151642338554,18.13998031616211,0.0,0.1344403161621095,,,,0
20220812T060000,MEARI,136.5,30.8,18.00554,74.08,13.734106063842772,15.129326820373535,378.72171392118526,167.4270160754962,0.0,,-4.271433936157226,-2.8762131796264647,304.64171392118527,93.3470160754962,14.650569915771484,0.0,-3.3549700842285155,,,,0
20220812T120000,MEARI,136.7,31.9,20.57776,74.08,24.410703659057617,16.91741943359375,340.66970106387754,138.1479691111249,0.330078125,23.34537124633789,3.832943659057616,-3.6603405664062514,266.5897010638776,64.06796911112487,17.443939208984375,0.0,-3.1338207910156264,21.189958572387695,23.34537124633789,23.34537124633789,338
20220812T180000,MEARI,136.7,32.9,20.57776,120.38,15.235482215881348,19.87215805053711,30.473804019693148,104.45001357666504,0.0595703125,11.81810188293457,-5.342277784118654,-0.705601949462892,-89.90619598030686,-15.92998642333498,20.35557746887207,0.0,-0.222182531127931,11.792813301086426,11.81810188293457,11.81810188293457,61
20220813T000000,MEARI,137.3,33.8,20.57776,92.6,13.696627616882324,20.08902359008789,36.79434392363621,99.63696673334066,0.0,,-6.881132383117677,-0.4887364099121107,-55.8056560763638,7.036966733340648,22.54794883728028,0.0,1.970188837280272,,,,0
20220821T180000,MA-ON,125.4,16.4,18.00554,55.56,7.9274468421936035,14.178927421569824,310.0253235671724,132.97061361007093,0.0,,-10.078093157806396,-3.826612578430176,254.4653235671724,77.41061361007093,14.239934921264648,0.0,-3.765605078735352,,,,0
20220822T000000,MA-ON,124.5,16.3,20.57776,55.56,6.770823001861572,13.915780067443848,475.8557377201719,103.72084079015453,0.0,,-13.80693699813843,-6.661979932556154,420.2957377201719,48.16084079015451,18.08297538757324,0.0,-2.494784612426759,,,,0
20220822T060000,MA-ON,123.7,16.2,20.57776,55.56,35.85685348510742,16.42507553100586,281.94816630581226,125.76670299120823,0.216796875,18.524450302124023,15.27909348510742,-4.152684468994142,226.38816630581223,70.20670299120825,17.21965789794922,0.0,-3.358102102050782,18.287080764770508,18.524450302124023,18.524450302124023,222
20220822T120000,MA-ON,123.4,16.1,23.14998,55.56,39.84617233276367,16.61349868774414,136.13736894105935,80.66071177804147,0.15625,18.063899993896484,16.696192332763673,-6.536481312255859,80.57736894105935,25.10071177804147,17.906465530395508,0.0,-5.243514469604492,16.808446884155273,18.063899993896484,18.063899993896484,160
20220822T180000,MA-ON,123.3,16.3,25.7222,37.04,10.404332160949709,17.354759216308594,234.20494215945712,97.01656384510858,0.0048828125,7.2311506271362305,-15.317867839050294,-8.367440783691407,197.16494215945715,59.97656384510858,17.89422607421875,0.0,-7.827973925781251,7.1935133934021,7.2311506271362305,7.2311506271362305,5
20220823T000000,MA-ON,122.8,17.1,25.7222,37.04,7.265359401702881,19.612178802490234,303.454505407565,66.06769703706394,0.0,,-18.45684059829712,-6.110021197509767,266.414505407565,29.027697037063938,21.708873748779297,0.0,-4.013326251220704,,,,0
20220823T060000,MA-ON,121.6,17.9,25.7222,37.04,18.54425621032715,18.88878631591797,259.06942754129005,187.8502236106229,0.2421875,21.814342498779297,-7.177943789672852,-6.833413684082032,222.0294275412901,150.81022361062296,19.87116432189941,0.0,-5.851035678100587,21.30348014831543,21.814342498779297,21.814342498779297,248
20220823T120000,MA-ON,120.4,18.4,25.7222,37.04,20.93678474426269,18.85157012939453,170.47002108166075,223.0174303671626,0.2197265625,18.652820587158203,-4.7854152557373055,-6.87062987060547,133.43002108166075,185.9774303671626,19.61044692993164,0.0,-6.11175307006836,18.458139419555664,18.652820587158203,18.652820587158203,225
20220823T180000,MA-ON,118.8,19.0,28.29442,37.04,7.834729194641113,18.36801147460937,572.2762914292155,138.84541813681622,0.0,,-20.45969080535889,-9.926408525390627,535.2362914292155,101.80541813681624,19.16179847717285,0.0,-9.132621522827147,,,,0
20220824T000000,MA-ON,117.4,19.2,28.29442,46.3,8.051852226257324,19.297637939453125,312.5829291862947,128.93608193890552,0.0,,-20.24256777374268,-8.996782060546877,266.28292918629467,82.6360819389055,20.757349014282227,0.0,-7.537070985717772,,,,0
20220824T060000,MA-ON,116.3,19.6,28.29442,46.3,31.18682289123535,21.688262939453125,113.66510475203378,116.5928518571679,0.310546875,23.84582901000977,2.892402891235349,-6.606157060546877,67.36510475203377,70.2928518571679,24.33062171936035,0.0,-3.9637982806396472,23.703723907470703,23.845829010009766,23.845829010009766,318
20220824T120000,MA-ON,114.9,20.0,28.29442,55.56,31.63075828552246,20.014141082763672,73.35062786900255,86.5509392738987,0.1875,24.271011352539062,3.3363382855224586,-8.28027891723633,17.79062786900255,30.990939273898704,24.553102493286133,0.0,-3.741317506713866,23.803394317626953,24.271011352539062,24.271011352539062,192
20220824T180000,MA-ON,113.3,20.7,28.29442,55.56,5.696769714355469,21.4377555847168,540.879658047488,93.19691102777362,0.0,,-22.597650285644534,-6.8566644152832055,485.319658047488,37.63691102777362,23.81879234313965,0.0,-4.47562765686035,,,,0
20220825T000000,MA-ON,111.9,21.1,28.29442,55.56,9.329628944396973,20.278823852539062,512.7818582721975,139.64202129940577,0.0,,-18.96479105560303,-8.01559614746094,457.2218582721975,84.08202129940577,22.686607360839844,0.0,-5.607812639160155,,,,0
20220825T060000,MA-ON,109.9,21.7,25.7222,55.56,23.85107421875,17.687305450439453,224.244726365872,214.21337141197816,0.107421875,21.87059783935547,-1.8711257812500008,-8.034894549560548,168.68472636587197,158.65337141197816,19.13884162902832,0.0,-6.5833583709716805,21.5960750579834,21.87059783935547,21.87059783935547,110
20220829T120000,HINNAMNOR,141.2,27.3,43.72774,12.964,9.518054962158203,16.802120208740234,428.96338958121424,76.43469350843056,0.0,,-34.2096850378418,-26.92561979125977,415.9993895812143,63.47069350843056,17.659576416015625,0.0,-26.06816358398437,,,,0
20220829T150000,HINNAMNOR,140.2,27.2,43.72774,16.668,8.4769926071167,17.37589454650879,418.4126867125492,85.96156205826732,0.0,,-35.250747392883305,-26.35184545349121,401.7446867125492,69.29356205826733,17.659576416015625,3.0,-26.06816358398437,,,,0
20220830T000000,HINNAMNOR,137.3,26.8,48.87218,9.26,19.598529815673828,17.866436004638672,11.176901555823962,92.0351201938196,0.392578125,22.65964126586914,-29.27365018432617,-31.00574399536133,1.9169015558239624,82.7751201938196,18.7208194732666,0.0,-30.1513605267334,22.293127059936523,22.65964126586914,22.65964126586914,402
20220830T060000,HINNAMNOR,135.4,26.8,51.4444,18.52,25.76337242126465,16.13380241394043,88.70845122923036,67.70598599619194,0.404296875,23.24087905883789,-25.68102757873536,-35.31059758605957,70.18845122923037,49.185985996191945,16.476160049438477,0.0,-34.968239950561525,22.834678649902344,23.24087905883789,23.24087905883789,414
20220830T120000,HINNAMNOR,133.6,26.6,54.01662,18.52,7.912632942199707,18.90852165222168,484.9744058057349,58.42998610611131,0.01953125,6.88605260848999,-46.103987057800296,-35.10809834777832,466.4544058057349,39.909986106111305,20.334264755249023,0.0,-33.68235524475098,6.828577995300293,6.88605260848999,6.88605260848999,20
20220830T150000,HINNAMNOR,132.7,26.5,54.01662,14.816,5.172789573669434,20.255279541015625,567.0036009820319,71.63391007938088,0.0,,-48.84383042633057,-33.76134045898438,552.1876009820319,56.81791007938088,20.334264755249023,3.0,-33.68235524475098,,,,0
20220830T210000,HINNAMNOR,131.1,26.1,54.01662,9.26,12.580395698547363,20.173492431640625,442.5889665027536,100.77824876769536,0.013671875,11.92540454864502,-41.43622430145264,-33.84312756835938,433.3289665027536,91.51824876769535,21.633028030395508,3.0,-32.383591969604495,11.862611770629883,11.92540454864502,11.92540454864502,14
20220831T000000,HINNAMNOR,130.3,25.9,51.4444,9.26,15.80986499786377,20.0880184173584,17.72578407154951,86.88639668581034,0.375,17.776412963867188,-35.63453500213623,-31.356381582641603,8.465784071549509,77.62639668581033,22.36219787597656,0.0,-29.08220212402344,17.361652374267578,17.776412963867188,17.776412963867188,384
20220831T030000,HINNAMNOR,129.6,25.7,51.4444,9.26,17.086851119995117,19.955087661743164,8.70790591903969,79.92718410663574,0.390625,23.08294105529785,-34.357548880004884,-31.48931233825684,-0.552094080960309,70.66718410663573,22.36219787597656,3.0,-29.08220212402344,21.349437713623047,23.08294105529785,23.08294105529785,400
20220831T060000,HINNAMNOR,129.0,25.4,51.4444,9.26,18.47309684753418,20.295700073242188,12.861109616005423,81.58237256409392,0.3349609375,23.08294105529785,-32.97130315246582,-31.14869992675781,3.601109616005424,72.32237256409391,22.85341453552246,0.0,-28.59098546447754,22.101970672607422,23.08294105529785,23.08294105529785,343
20220831T090000,HINNAMNOR,128.4,25.1,51.4444,9.26,24.854337692260746,20.673171997070312,3.750137697195167,78.67980743009802,0.330078125,22.398168563842773,-26.59006230773926,-30.77122800292969,-5.509862302804833,69.41980743009802,22.85341453552246,3.0,-28.59098546447754,22.096529006958008,22.398168563842773,22.398168563842773,338
20220831T120000,HINNAMNOR,127.7,24.7,51.4444,9.26,22.038349151611328,22.39331817626953,357.66558760714656,57.51126221886437,0.0546875,16.80498504638672,-29.40605084838868,-29.05108182373047,348.4055876071466,48.25126221886437,28.93277168273925,0.0,-22.511628317260744,16.692663192749023,16.80498504638672,16.80498504638672,56
20220831T180000,HINNAMNOR,126.4,23.7,51.4444,9.26,5.725354671478272,23.14166831970215,411.5736202025011,47.32612153851938,0.0,,-45.71904532852173,-28.302731680297853,402.3136202025011,38.06612153851938,26.122772216796875,0.0,-25.321627783203127,,,,0
20220901T000000,HINNAMNOR,125.7,22.5,51.4444,9.26,28.65920066833496,22.24835205078125,94.557539847796,97.59820704771818,0.337890625,27.148637771606445,-22.78519933166504,-29.19604794921875,85.29753984779599,88.33820704771817,25.017454147338867,0.0,-26.42694585266113,26.448444366455078,27.148637771606445,27.148637771606445,346
20220901T060000,HINNAMNOR,125.5,21.8,51.4444,9.26,19.535362243652344,20.4943904876709,155.42045525280813,112.04863723374012,0.23046875,23.97596549987793,-31.90903775634765,-30.950009512329103,146.1604552528081,102.78863723374012,21.15688705444336,0.0,-30.28751294555664,23.758094787597656,23.97596549987793,23.97596549987793,236
20220901T120000,HINNAMNOR,125.5,21.3,51.4444,9.26,19.311424255371094,23.151344299316406,150.27718521818494,76.17054808208647,0.0419921875,16.09031105041504,-32.13297574462891,-28.293055700683595,141.01718521818495,66.91054808208646,26.301307678222656,0.0,-25.143092321777345,16.037065505981445,16.09031105041504,16.09031105041504,43
20220901T180000,HINNAMNOR,125.5,21.3,46.29996,9.26,5.768117427825928,23.436176300048828,379.0362589952774,91.00904954990676,0.0,,-40.53184257217407,-22.86378369995117,369.77625899527743,81.74904954990674,25.95409774780273,0.0,-20.345862252197264,,,,0
20220902T000000,HINNAMNOR,125.4,21.5,41.15552,9.26,44.26318359375,23.3969841003418,41.77844147814658,76.31536318895527,0.34375,30.05525779724121,3.107663593749997,-17.758535899658206,32.518441478146585,67.05536318895527,25.784854888916016,0.0,-15.370665111083987,28.947797775268555,30.05525779724121,30.05525779724121,352
20220902T060000,HINNAMNOR,125.0,21.9,38.5833,27.78,33.34798049926758,23.944236755371094,104.45950010526244,90.32492812654264,0.2353515625,23.824621200561523,-5.235319500732423,-14.639063244628908,76.67950010526245,62.54492812654263,27.089494705200195,0.0,-11.493805294799806,23.54823112487793,23.824621200561523,23.824621200561523,241
20220902T120000,HINNAMNOR,124.7,22.2,38.5833,27.78,19.702192306518555,24.896499633789062,349.0596674160116,137.04288496348966,0.0009765625,16.085790634155273,-18.881107693481447,-13.68680036621094,321.27966741601165,109.26288496348964,30.3359432220459,0.0,-8.247356777954103,,,,1
20220902T180000,HINNAMNOR,124.7,22.5,38.5833,46.3,6.964663982391357,23.82168960571289,565.8179957642535,162.3454213581968,0.0,,-31.618636017608644,-14.76161039428711,519.5179957642536,116.0454213581968,26.84510612487793,0.0,-11.738193875122072,,,,0
20220902T210000,HINNAMNOR,124.7,22.7,38.5833,46.3,28.11119079589844,23.60010528564453,66.41956564879905,114.58245174584394,0.1669921875,26.561946868896484,-10.472109204101564,-14.98319471435547,20.11956564879905,68.28245174584393,26.84510612487793,3.0,-11.738193875122072,26.01142692565918,26.561946868896484,26.561946868896484,171
20220903T000000,HINNAMNOR,124.7,23.0,38.5833,46.3,30.583402633666992,24.85643196105957,154.99453036846177,146.44937983972292,0.22265625,32.288330078125,-7.999897366333009,-13.726868038940433,108.69453036846176,100.14937983972293,30.37152671813965,0.0,-8.211773281860353,31.10531997680664,32.288330078125,32.288330078125,228
20220903T030000,HINNAMNOR,124.7,23.3,38.5833,46.3,49.815948486328125,26.46953773498535,442.00090506350097,146.91960387436285,0.115234375,32.288330078125,11.232648486328124,-12.11376226501465,395.70090506350095,100.61960387436284,30.37152671813965,3.0,-8.211773281860353,31.783937454223633,32.288330078125,32.288330078125,118
20220903T060000,HINNAMNOR,124.7,23.7,38.5833,46.3,30.10566711425781,26.108943939208984,111.09693076832949,145.3697218052648,0.2939453125,31.65788459777832,-8.477632885742189,-12.474356060791017,64.79693076832947,99.06972180526478,30.899396896362305,0.0,-7.683903103637697,30.856199264526367,31.65788459777832,31.65788459777832,301
20220903T090000,HINNAMNOR,124.8,24.0,38.5833,46.3,38.12226867675781,25.442354202270508,110.02829281009092,135.37583035972327,0.2626953125,31.65788459777832,-0.4610313232421887,-13.140945797729492,63.72829281009093,89.07583035972326,30.899396896362305,3.0,-7.683903103637697,30.75214195251465,31.65788459777832,31.65788459777832,269
20220903T120000,HINNAMNOR,124.8,24.3,41.15552,46.3,7.795040130615234,26.41806411743164,594.4244488333296,142.5635143601114,0.0,,-33.36047986938477,-14.737455882568362,548.1244488333297,96.2635143601114,31.41995429992676,0.0,-9.735565700073243,,,,0
20220903T150000,HINNAMNOR,124.7,24.7,41.15552,46.3,6.5855631828308105,29.5390739440918,495.8982860304696,151.2787435444123,0.0,,-34.56995681716919,-11.616446055908206,449.5982860304695,104.97874354441224,31.41995429992676,3.0,-9.735565700073243,,,,0
20220903T180000,HINNAMNOR,124.6,25.1,41.15552,46.3,8.163818359375,26.614482879638672,486.10766252080646,190.80868089934108,0.0,,-32.991701640625,-14.541037120361333,439.8076625208065,144.50868089934107,32.109893798828125,0.0,-9.045626201171878,,,,0
20220903T210000,HINNAMNOR,124.6,25.5,41.15552,27.78,46.04042816162109,27.7783203125,128.13027284687217,103.7533347214972,0.169921875,37.78201675415039,4.884908161621091,-13.377199687500005,100.35027284687214,75.97333472149721,32.109893798828125,3.0,-9.045626201171878,37.63803482055664,37.78201675415039,37.78201675415039,174
20220904T000000,HINNAMNOR,124.6,26.0,43.72774,9.26,40.14609909057617,29.26592254638672,158.85008684342674,152.9612589665465,0.2587890625,38.62276840209961,-3.5816409094238324,-14.461817453613286,149.59008684342675,143.7012589665465,35.81995391845703,0.0,-7.907786081542966,37.945518493652344,38.62276840209961,38.62276840209961,265
20220904T030000,HINNAMNOR,124.6,26.5,43.72774,9.26,57.28030776977539,28.76986122131348,30.706594072163696,87.56146716094678,0.197265625,38.62276840209961,13.552567769775386,-14.957878778686528,21.4465940721637,78.30146716094677,35.81995391845703,3.0,-7.907786081542966,37.71034240722656,38.62276840209961,38.62276840209961,202
20220904T060000,HINNAMNOR,124.7,27.0,46.29996,9.26,43.60581970214844,27.857391357421875,15.762877210147646,135.29957591765128,0.1923828125,34.89531707763672,-2.694140297851561,-18.442568642578124,6.502877210147647,126.03957591765128,34.14036560058594,0.0,-12.15959439941406,33.85784149169922,34.89531707763672,34.89531707763672,197
20220904T090000,HINNAMNOR,124.6,27.4,46.29996,9.26,41.25313186645508,26.68592071533203,420.1253343538913,82.48085635334229,0.107421875,34.89531707763672,-5.0468281335449205,-19.614039284667967,410.86533435389134,73.22085635334228,34.14036560058594,3.0,-12.15959439941406,33.85239791870117,34.89531707763672,34.89531707763672,110
20220904T120000,HINNAMNOR,124.6,27.7,46.29996,9.26,8.61323356628418,28.48310279846192,400.3552132144517,125.84454639780604,0.0,,-37.68672643371582,-17.816857201538085,391.0952132144517,116.58454639780604,35.283203125,0.0,-11.016756875,,,,0
20220904T180000,HINNAMNOR,124.7,28.6,46.29996,9.26,11.446661949157717,28.176172256469727,468.6159072340593,118.5717369487861,0.0,,-34.853298050842284,-18.123787743530272,459.3559072340593,109.31173694878608,35.126564025878906,0.0,-11.173395974121092,,,,0
20220905T000000,HINNAMNOR,124.9,29.8,43.72774,9.26,40.022090911865234,26.06937599182129,245.9077081648059,132.46619705999694,0.298828125,39.05304718017578,-3.70564908813477,-17.658364008178715,236.64770816480592,123.20619705999694,33.37914276123047,0.0,-10.348597238769528,37.908485412597656,39.05304718017578,39.05304718017578,306
20220905T030000,HINNAMNOR,125.1,30.3,43.72774,9.26,77.8003158569336,26.426870346069336,311.1965166855214,114.64462866148062,0.4326171875,51.21495056152344,34.07257585693359,-17.30086965393067,301.9365166855214,105.38462866148062,33.37914276123047,3.0,-10.348597238769528,46.558189392089844,51.21495056152344,51.21495056152344,443
20220905T060000,HINNAMNOR,125.6,31.0,41.15552,9.26,50.29926300048828,27.64099502563477,339.46532017649224,101.5958331898748,0.3232421875,51.21495056152344,9.143743000488278,-13.514524974365235,330.20532017649225,92.3358331898748,33.88925552368164,0.0,-7.266264476318362,47.66913986206055,51.21495056152344,51.21495056152344,331
20220905T090000,HINNAMNOR,126.0,31.7,41.15552,14.816,57.6588249206543,26.365108489990234,192.0106841289803,145.30537358457073,0.037109375,42.48795700073242,16.503304920654294,-14.790411510009768,177.1946841289803,130.48937358457073,33.88925552368164,3.0,-7.266264476318362,42.38816833496094,42.48795700073242,42.48795700073242,38
20220905T120000,HINNAMNOR,126.6,32.4,38.5833,18.52,11.930511474609377,28.3519229888916,238.4847684662412,133.48992119384053,0.0,,-26.652788525390623,-10.2313770111084,219.9647684662412,114.96992119384052,35.47351837158203,0.0,-3.10978162841797,,,,0
20220905T150000,HINNAMNOR,127.3,33.3,38.5833,18.52,11.265893936157228,28.191669464111328,146.54972630327677,110.73954735075664,0.0,,-27.31740606384277,-10.391630535888671,128.02972630327676,92.21954735075664,35.47351837158203,3.0,-3.10978162841797,,,,0
20220905T180000,HINNAMNOR,128.1,34.2,36.01108,18.52,12.775250434875488,28.03729820251465,116.38237503595528,101.12472110212764,0.0,,-23.23582956512451,-7.973781797485351,97.86237503595528,82.60472110212764,35.243892669677734,0.0,-0.7671873303222654,,,,0
20220907T180000,MUIFA,133.7,16.9,18.00554,55.56,9.58066177368164,9.95347785949707,481.0981531767936,460.6533852712063,0.103515625,10.569864273071287,-8.42487822631836,-8.05206214050293,425.5381531767936,405.0933852712063,10.706880569458008,0.0,-7.298659430541992,10.387537002563477,10.569864273071289,10.569864273071289,106
20220908T000000,MUIFA,132.8,17.0,20.57776,55.56,9.804605484008787,8.904691696166992,430.0708789276831,408.4534724805179,0.017578125,9.665411949157717,-10.773154515991212,-11.67306830383301,374.5108789276831,352.8934724805179,10.801007270812988,0.0,-9.776752729187011,9.609776496887207,9.665411949157715,9.665411949157715,18
20220908T060000,MUIFA,131.8,17.1,20.57776,55.56,11.69642162322998,10.037992477416992,102.88452994713523,380.8905740322588,0.421875,16.536218643188477,-8.881338376770021,-10.53976752258301,47.32452994713525,325.3305740322588,11.01149845123291,0.0,-9.566261548767091,16.282222747802734,16.536218643188477,16.536218643188477,432
20220908T180000,MUIFA,130.2,17.5,23.14998,64.82000000000001,10.288453102111816,10.180864334106444,284.11490610343634,254.4151398644248,0.1005859375,10.715777397155762,-12.861526897888185,-12.969115665893554,219.29490610343635,189.5951398644247,9.66875171661377,0.0,-13.48122828338623,10.380706787109375,10.715777397155762,10.715777397155762,103
20220909T000000,MUIFA,129.3,18.2,23.14998,37.04,8.706293106079102,12.346559524536133,340.1592902940046,156.8843481671735,0.0107421875,6.533058166503906,-14.443686893920898,-10.803420475463868,303.1192902940046,119.84434816717352,15.522722244262695,0.0,-7.627257755737304,6.518922805786133,6.533058166503906,6.533058166503906,11
20220909T060000,MUIFA,128.5,19.0,25.7222,37.04,14.105031967163086,12.491621017456056,19.13208958375216,125.77800730821455,0.4365234375,18.897743225097656,-11.617168032836917,-13.230578982543946,-17.90791041624784,88.73800730821455,13.290637016296388,0.0,-12.431562983703614,18.56082534790039,18.897743225097656,18.897743225097656,447
20220909T180000,MUIFA,127.0,20.0,30.86664,37.04,33.911014556884766,14.617691040039062,104.84803517664048,152.3369201494101,0.1103515625,23.715307235717773,3.0443745568847653,-16.248948959960938,67.80803517664046,115.29692014941013,14.957386016845703,0.0,-15.909253983154295,23.67853546142578,23.715307235717773,23.715307235717773,113
20220910T000000,MUIFA,126.2,20.6,36.01108,37.04,11.59328556060791,16.95510482788086,432.70810410306507,92.54586118195546,0.0615234375,9.937360763549805,-24.41779443939209,-19.05597517211914,395.66810410306505,55.50586118195546,18.49501037597656,0.0,-17.516069624023437,9.94424057006836,9.937360763549805,9.937360763549805,63
20220910T060000,MUIFA,125.8,21.2,36.01108,27.78,30.737451553344727,19.74359703063965,19.971362666959266,97.75947621879936,0.3466796875,28.11772918701172,-5.273628446655273,-16.26748296936035,-7.808637333040735,69.97947621879935,20.76496124267578,0.0,-15.24611875732422,27.560773849487305,28.11772918701172,28.11772918701172,355
20220910T180000,MUIFA,124.9,22.2,41.15552,9.26,13.114782333374023,20.951446533203125,136.19743410675525,105.72420629145144,0.0693359375,19.91126251220703,-28.04073766662598,-20.20407346679688,126.93743410675523,96.46420629145145,22.412328720092773,0.0,-18.74319127990723,19.76239776611328,19.91126251220703,19.91126251220703,71
20220911T000000,MUIFA,124.5,22.6,43.72774,27.78,33.50239181518555,22.534988403320312,270.84678664511995,94.80106956638564,0.1103515625,32.50905227661133,-10.225348184814456,-21.19275159667969,243.06678664511995,67.02106956638563,24.25736618041992,0.0,-19.470373819580075,30.877470016479492,32.50905227661133,32.50905227661133,113
20220911T030000,MUIFA,124.4,22.7,43.72774,27.78,39.333251953125,22.96979141235352,240.64300199431395,105.3959002682164,0.337890625,34.73966598510742,-4.394488046875004,-20.75794858764649,212.86300199431395,77.6159002682164,24.25736618041992,3.0,-19.470373819580075,32.19432830810547,34.73966598510742,34.73966598510742,346
20220911T060000,MUIFA,124.4,22.9,43.72774,27.78,39.765281677246094,23.221126556396484,132.14666244848718,83.17020899072405,0.255859375,34.73966598510742,-3.962458322753912,-20.50661344360352,104.36666244848718,55.39020899072405,25.89564514160156,0.0,-17.832094858398435,33.524497985839844,34.73966598510742,34.73966598510742,262
20220911T090000,MUIFA,124.3,23.1,43.72774,27.78,6.838696002960205,23.09199523925781,551.1496471984555,82.78280685817309,0.0,,-36.8890439970398,-20.63574476074219,523.3696471984555,55.00280685817309,25.89564514160156,3.0,-17.832094858398435,,,,0
20220911T150000,MUIFA,124.3,23.5,41.15552,27.78,8.305445671081543,23.880455017089844,541.6630908841447,76.96027703163247,0.0,,-32.85007432891846,-17.27506498291016,513.8830908841447,49.18027703163247,28.517074584960938,3.0,-12.638445415039063,,,,0
20220911T180000,MUIFA,124.2,23.7,38.5833,27.78,16.136917114257812,22.794219970703125,258.64290428744766,96.26017244832758,0.09375,17.97979164123535,-22.44638288574219,-15.789080029296876,230.8629042874477,68.48017244832758,25.56298446655273,0.0,-13.020315533447269,17.81424331665039,17.97979164123535,17.97979164123535,96
20220911T210000,MUIFA,124.2,23.8,38.5833,42.596,18.32183265686035,22.77277565002441,191.26632616629047,101.35614735774612,0.087890625,17.97979164123535,-20.26146734313965,-15.810524349975587,148.6703261662905,58.760147357746106,25.56298446655273,3.0,-13.020315533447269,17.81424331665039,17.97979164123535,17.97979164123535,90
20220912T000000,MUIFA,124.2,24.0,38.5833,55.56,31.79388427734375,24.121437072753903,60.0127488334491,84.90930315923177,0.15234375,25.65865135192871,-6.789415722656251,-14.461862927246097,4.4527488334491,29.349303159231766,29.10603713989257,0.0,-9.477262860107423,25.558486938476562,25.65865135192871,25.65865135192871,156
20220912T030000,MUIFA,124.1,24.4,38.5833,57.412000000000006,32.658348083496094,24.028039932250977,149.40345621603814,101.76669360815968,0.2080078125,25.65865135192871,-5.924951916503908,-14.555260067749025,91.99145621603812,44.354693608159664,29.10603713989257,3.0,-9.477262860107423,25.544326782226562,25.65865135192871,25.65865135192871,213
20220912T060000,MUIFA,124.0,24.7,38.5833,59.264,31.58782958984375,23.166156768798828,15.136170214351337,97.97019517125209,0.08203125,22.79055976867676,-6.995470410156251,-15.417143231201171,-44.12782978564867,38.70619517125207,26.23958969116211,0.0,-12.343710308837892,22.569995880126953,22.790559768676758,22.790559768676758,84
20220912T090000,MUIFA,124.0,24.8,38.5833,59.264,7.522982120513916,24.755416870117188,464.2836119871677,125.33449583188543,0.0,,-31.060317879486085,-13.827883129882814,405.0196119871677,66.07049583188544,26.23958969116211,3.0,-12.343710308837892,,,,0
20220912T120000,MUIFA,124.0,24.9,38.5833,59.264,7.41810941696167,25.320695877075195,454.0868651791057,69.60216442449486,0.0,,-31.16519058303833,-13.262604122924806,394.8228651791057,10.338164424494856,27.81071662902832,0.0,-10.77258337097168,,,,0
20220912T150000,MUIFA,124.0,25.0,38.5833,59.264,10.099834442138672,25.243724822998047,469.2348457569296,64.46951622648048,0.0,,-28.48346555786133,-13.339575177001954,409.9708457569296,5.205516226480476,27.81071662902832,3.0,-10.77258337097168,,,,0
20220912T180000,MUIFA,124.1,25.2,38.5833,59.264,29.99601936340332,23.28732681274414,200.2917886392109,98.48058563633543,0.1328125,22.663009643554688,-8.587280636596681,-15.29597318725586,141.02778863921088,39.216585636335445,26.52359199523925,0.0,-12.059708004760743,22.363601684570312,22.663009643554688,22.663009643554688,136
20220912T210000,MUIFA,124.2,25.5,38.5833,48.152,26.70621681213379,22.035717010498047,164.37759803113832,115.50948473635567,0.1142578125,22.663009643554688,-11.877083187866212,-16.547582989501954,116.22559803113832,67.35748473635567,26.52359199523925,3.0,-12.059708004760743,22.36572265625,22.663009643554688,22.663009643554688,117
20220913T000000,MUIFA,124.2,25.7,41.15552,37.04,19.03573036193848,21.08995246887207,379.57685465774216,125.4788388467619,0.083984375,14.700431823730469,-22.11978963806153,-20.06556753112793,342.53685465774214,88.43883884676191,23.833616256713867,0.0,-17.321903743286136,14.590157508850098,14.700431823730469,14.700431823730469,86
20220913T030000,MUIFA,124.1,25.9,41.15552,37.04,14.557759284973145,19.28253555297852,447.6071250985461,114.00246457183628,0.0869140625,14.700431823730469,-26.59776071502686,-21.872984447021487,410.5671250985461,76.96246457183628,23.833616256713867,3.0,-17.321903743286136,14.592536926269531,14.700431823730469,14.700431823730469,89
20220913T060000,MUIFA,124.0,26.1,41.15552,37.04,11.577055931091309,20.65934181213379,516.0376058399811,102.06830001642386,0.0146484375,13.2249116897583,-29.57846406890869,-20.496178187866214,478.9976058399811,65.02830001642386,23.205028533935547,0.0,-17.950491466064456,12.933966636657715,13.2249116897583,13.2249116897583,15
20220913T120000,MUIFA,123.9,26.7,41.15552,27.78,7.998040676116943,20.625225067138672,298.28271583459394,122.30412234907764,0.0,,-33.15747932388306,-20.53029493286133,270.5027158345939,94.52412234907764,22.424945831298828,0.0,-18.73057416870117,,,,0
20220913T180000,MUIFA,123.5,27.2,41.15552,27.78,29.11301040649414,20.158252716064453,410.2632970366504,112.86316575160043,0.12109375,26.23028945922852,-12.042509593505862,-20.99726728393555,382.48329703665047,85.08316575160043,20.855941772460938,0.0,-20.299578227539065,25.967111587524414,26.230289459228516,26.230289459228516,124
20220913T180000,NANMADOL,140.1,22.4,18.00554,55.56,40.66487121582031,16.148916244506836,345.8631378947567,199.4104495459822,0.2626953125,16.2799072265625,22.65933121582032,-1.856623755493164,290.3031378947567,143.8504495459822,16.9833984375,0.0,-1.0221415625,16.217605590820312,16.2799072265625,16.2799072265625,269
20220914T000000,MUIFA,123.2,28.0,41.15552,50.004000000000005,39.088829040527344,20.55882835388184,166.46690391953229,105.79804850232117,0.0390625,24.843446731567383,-2.066690959472659,-20.596691646118167,116.46290391953228,55.79404850232116,24.822359085083008,0.0,-16.333160914916995,24.4650936126709,24.843446731567383,24.843446731567383,40
20220914T000000,NANMADOL,140.6,22.5,18.00554,55.56,14.898333549499512,16.195703506469727,370.03274049619466,136.31103815092428,0.29296875,17.221813201904297,-3.107206450500488,-1.809836493530273,314.47274049619466,80.75103815092427,16.745691299438477,0.0,-1.259848700561523,16.843700408935547,17.221813201904297,17.221813201904297,300
20220914T060000,MUIFA,122.8,28.8,41.15552,50.004000000000005,7.149140357971191,20.96771049499512,491.3723423891928,76.98139443882769,0.0,,-34.00637964202881,-20.18780950500489,441.3683423891927,26.977394438827687,23.77377700805664,0.0,-17.381742991943362,,,,0
20220914T060000,NANMADOL,140.7,22.8,18.00554,55.56,6.08047342300415,17.11580467224121,500.611033199915,174.95317790694605,0.0,,-11.92506657699585,-0.8897353277587889,445.051033199915,119.39317790694604,18.46590614318848,0.0,0.4603661431884767,,,,0
20220914T120000,MUIFA,122.3,29.9,38.5833,50.004000000000005,10.245430946350098,22.21081924438477,473.2076132552564,86.44798648331098,0.0,,-28.337869053649904,-16.372480755615236,423.2036132552564,36.44398648331098,25.405797958374023,0.0,-13.177502041625978,,,,0
20220914T120000,NANMADOL,140.3,22.9,20.57776,37.04,5.825320720672607,19.20964431762696,565.2908599988672,137.26978778343226,0.0,,-14.752439279327394,-1.3681156823730485,528.2508599988672,100.22978778343229,20.453882217407227,0.0,-0.1238777825927748,,,,0
20220914T180000,MUIFA,121.7,31.2,33.43886,46.3,20.128767013549805,20.97268295288086,278.3718310341794,79.60170069146041,0.0537109375,21.847898483276367,-13.310092986450194,-12.46617704711914,232.0718310341794,33.301700691460404,24.180662155151367,0.0,-9.258197844848633,21.146652221679688,21.847898483276367,21.847898483276367,55
20220914T180000,NANMADOL,139.7,23.1,23.14998,37.04,21.66400718688965,19.070995330810547,339.40188444573124,198.1699893047744,0.2373046875,20.25538444519043,-1.485972813110351,-4.0789846691894525,302.3618844457312,161.12998930477443,19.58783531188965,0.0,-3.562144688110351,20.266277313232422,20.25538444519043,20.25538444519043,243
20220915T000000,MUIFA,120.9,32.7,25.7222,46.3,20.468233108520508,20.02109718322754,139.24794140856676,93.19661496280038,0.1298828125,22.632787704467773,-5.253966891479493,-5.701102816772462,92.94794140856676,46.89661496280038,20.884031295776367,0.0,-4.838168704223634,22.391679763793945,22.632787704467773,22.632787704467773,133
20220915T000000,NANMADOL,138.9,23.2,25.7222,46.3,22.95321083068848,19.568199157714844,296.801014013188,113.66381903866004,0.2666015625,23.598819732666016,-2.7689891693115243,-6.154000842285157,250.501014013188,67.36381903866004,22.65350914001465,0.0,-3.0686908599853524,23.020967483520508,23.598819732666016,23.598819732666016,273
20220915T060000,MUIFA,120.5,34.0,23.14998,37.04,7.975633144378662,18.0947494506836,403.29241554164304,90.13759858916994,0.0,,-15.174346855621335,-5.055230549316406,366.252415541643,53.09759858916994,18.98097419738769,0.0,-4.169005802612304,,,,0
20220915T060000,NANMADOL,137.9,23.3,28.29442,74.08,6.658501625061035,19.056644439697266,447.2598764584853,128.92806800301113,0.0,,-21.635918374938967,-9.237775560302737,373.17987645848535,54.848068003011136,20.10247802734375,0.0,-8.191941972656249,,,,0
20220915T120000,NANMADOL,137.3,23.4,33.43886,46.3,5.713536262512207,22.192302703857425,538.6120722967145,109.86526849759092,0.0,,-27.72532373748779,-11.246557296142576,492.31207229671446,63.56526849759093,24.768638610839844,0.0,-8.670221389160155,,,,0
20220915T180000,NANMADOL,136.4,23.4,38.5833,46.3,26.86044311523437,22.61089324951172,242.4729629375801,138.11753128857433,0.2099609375,28.00476837158203,-11.722856884765626,-15.972406750488284,196.17296293758008,91.81753128857432,24.995290756225582,0.0,-13.588009243774415,26.250062942504883,28.00476837158203,28.00476837158203,215
20220916T000000,NANMADOL,135.9,23.7,43.72774,37.04,33.791595458984375,21.9533805847168,357.5097708945662,105.76023542734669,0.220703125,23.97869873046875,-9.93614454101563,-21.774359415283207,320.4697708945662,68.7202354273467,24.06892967224121,0.0,-19.658810327758783,23.875837326049805,23.97869873046875,23.97869873046875,226
20220916T060000,NANMADOL,135.5,24.2,46.29996,37.04,7.181389331817627,24.751108169555664,582.8842637772235,100.41213038341184,0.0,,-39.11857066818237,-21.54885183044433,545.8442637772235,63.37213038341184,27.812152862548828,0.0,-18.48780713745117,,,,0
20220916T120000,NANMADOL,134.7,24.8,48.87218,37.04,6.195886135101318,26.524789810180664,603.9480771454931,126.93585587151613,0.0,,-42.67629386489868,-22.347390189819336,566.9080771454932,89.89585587151612,32.60649871826172,0.0,-16.26568128173828,,,,0
20220916T150000,NANMADOL,134.2,25.2,51.4444,33.336,26.10418701171875,25.020261764526367,224.62222591935645,131.82357058615662,0.158203125,27.59150123596192,-25.34021298828125,-26.424138235473634,191.28622591935647,98.48757058615662,32.60649871826172,3.0,-18.837901281738283,26.747529983520508,27.591501235961914,27.591501235961914,162
20220916T180000,NANMADOL,133.8,25.5,54.01662,27.78,35.77378463745117,24.391088485717773,158.67034870102873,126.30965971435243,0.259765625,32.69111251831055,-18.24283536254883,-29.62553151428223,130.89034870102873,98.52965971435243,28.79280471801757,0.0,-25.223815281982425,31.722259521484375,32.69111251831055,32.69111251831055,266
20220916T210000,NANMADOL,133.4,25.7,54.01662,27.78,36.33203887939453,23.287574768066406,198.12153350817067,86.55140596593846,0.1552734375,32.69111251831055,-17.684581120605472,-30.7290452319336,170.34153350817067,58.771405965938456,28.79280471801757,3.0,-25.223815281982425,32.58766174316406,32.69111251831055,32.69111251831055,159
20220917T000000,NANMADOL,133.1,26.0,54.01662,27.78,30.02787971496582,24.575145721435547,49.964933128385546,133.87949863285098,0.13671875,27.624004364013672,-23.988740285034183,-29.441474278564456,22.184933128385545,106.09949863285098,29.42564392089844,0.0,-24.59097607910157,26.39188003540039,27.624004364013672,27.624004364013672,140
20220917T030000,NANMADOL,132.8,26.4,54.01662,27.78,27.83288955688477,24.71510887145996,227.5239309919675,170.35393521109864,0.0625,27.624004364013672,-26.18373044311524,-29.30151112854004,199.7439309919675,142.57393521109864,29.42564392089844,3.0,-24.59097607910157,26.482994079589844,27.624004364013672,27.624004364013672,64
20220917T060000,NANMADOL,132.5,26.7,54.01662,27.78,5.171755313873291,26.317827224731445,537.1900167297915,167.9084143903701,0.0,,-48.84486468612671,-27.69879277526856,509.4100167297916,140.1284143903701,31.513092041015625,0.0,-22.50352795898437,,,,0
20220917T120000,NANMADOL,132.0,27.5,54.01662,27.78,8.797922134399414,25.42644500732422,398.3013433349125,129.82556250314633,0.0,,-45.21869786560059,-28.590174992675784,370.5213433349125,102.04556250314631,30.812788009643555,0.0,-23.20383199035645,,,,0
20220917T150000,NANMADOL,131.7,28.0,51.4444,18.52,32.4329719543457,26.939640045166016,67.75040421703903,114.14518786260447,0.15625,29.07856178283692,-19.0114280456543,-24.504759954833983,49.23040421703904,95.62518786260448,30.812788009643555,3.0,-20.631611990356447,28.284372329711914,29.078561782836914,29.078561782836914,160
20220917T180000,NANMADOL,131.4,28.5,48.87218,9.26,34.83220291137695,26.520244598388672,83.6481910131842,190.2620176163545,0.197265625,29.07856178283692,-14.039977088623049,-22.35193540161133,74.3881910131842,181.0020176163545,31.829111099243164,0.0,-17.043068900756836,28.354835510253906,29.078561782836914,29.078561782836914,202
20220917T210000,NANMADOL,131.3,29.1,48.87218,14.816,36.8091049194336,25.79257583618164,31.43259659984638,119.41882251647333,0.171875,34.97835159301758,-12.063075080566406,-23.07960416381836,16.616596599846382,104.60282251647332,31.829111099243164,3.0,-17.043068900756836,34.87528991699219,34.97835159301758,34.97835159301758,176
20220918T000000,NANMADOL,131.0,29.7,46.29996,18.52,36.23609161376953,26.31344985961914,51.2066265652665,132.87362572233073,0.1376953125,34.97835159301758,-10.063868386230467,-19.98651014038085,32.68662656526651,114.35362572233072,35.4603385925293,0.0,-10.839621407470702,34.87528991699219,34.97835159301758,34.97835159301758,141
20220918T030000,NANMADOL,130.7,30.2,46.29996,18.52,9.654213905334473,29.16328430175781,471.35481670033545,100.505545567479,0.0,,-36.645746094665526,-17.136675698242186,452.83481670033547,81.985545567479,35.4603385925293,3.0,-10.839621407470702,,,,0
20220918T040000,NANMADOL,130.7,30.4,46.29996,18.52,10.807161331176758,28.363964080810547,372.96926414250686,92.07561749180122,0.0,,-35.49279866882324,-17.935995919189452,354.4492641425069,73.55561749180123,34.35141372680664,2.0,-11.948546273193358,,,,0
20220918T060000,NANMADOL,130.7,30.7,46.29996,18.52,11.344310760498049,27.84996032714844,343.5905241759563,100.10177685891138,0.0,,-34.95564923950195,-18.44999967285156,325.07052417595634,81.58177685891138,34.35141372680664,0.0,-11.948546273193358,,,,0
20220918T100000,NANMADOL,130.6,31.5,43.72774,31.484,11.490859031677246,27.55695343017578,263.94898076400113,98.23231731917316,0.0,,-32.23688096832276,-16.170786569824223,232.46498076400115,66.74831731917314,32.767112731933594,2.0,-10.960627268066403,,,,0
20220918T120000,NANMADOL,130.5,31.9,38.5833,37.04,11.87060260772705,25.52695083618164,223.71769191879807,129.84836072860298,0.0,,-26.71269739227295,-13.05634916381836,186.67769191879813,92.808360728603,32.767112731933594,0.0,-5.816187268066408,,,,0
20220918T150000,NANMADOL,130.4,32.6,36.01108,37.04,31.616100311279297,25.33456039428711,230.3571346345269,187.23724741595507,0.1025390625,24.675737380981445,-4.394979688720703,-10.67651960571289,193.31713463452687,150.19724741595508,32.767112731933594,3.0,-3.243967268066406,24.435361862182617,24.675737380981445,24.675737380981445,105
20220918T180000,NANMADOL,130.4,33.2,36.01108,37.04,28.82305335998535,23.935283660888672,345.4973743453289,195.1306793687292,0.1796875,26.089962005615234,-7.188026640014648,-12.075796339111328,308.4573743453289,158.0906793687292,28.197099685668945,0.0,-7.8139803143310544,25.42081069946289,26.089962005615234,26.089962005615234,184
20220918T210000,NANMADOL,130.6,33.6,33.43886,37.04,31.30215072631836,23.55088424682617,285.8448393281514,197.69083020798843,0.1865234375,26.172481536865234,-2.136709273681639,-9.887975753173826,248.80483932815144,160.65083020798846,28.197099685668945,3.0,-5.241760314331053,25.50762176513672,26.172481536865234,26.172481536865234,191
20220919T000000,NANMADOL,130.9,34.0,30.86664,37.04,28.70952033996582,21.881317138671875,117.0125349689693,205.32954092405416,0.078125,26.172481536865234,-2.15711966003418,-8.985322861328125,79.97253496896931,168.28954092405417,24.714326858520508,0.0,-6.1523131414794925,24.919504165649414,26.172481536865234,26.172481536865234,80
20220922T000000,TALAS,137.4,26.0,18.00554,101.86,12.777965545654297,13.07322120666504,322.43054973354685,100.25836663484093,0.2763671875,12.675803184509276,-5.227574454345703,-4.932318793334961,220.57054973354684,-1.6016333651590742,13.940481185913086,0.0,-4.065058814086914,12.742316246032715,12.675803184509277,12.675803184509277,283
20220922T120000,TALAS,135.6,28.1,18.00554,101.86,16.038963317871094,14.2198486328125,422.24454202370646,152.48832275162127,0.2138671875,14.543384552001951,-1.966576682128906,-3.7856913671875,320.38454202370644,50.62832275162127,14.856931686401367,0.0,-3.1486083135986327,14.532031059265137,14.543384552001953,14.543384552001953,219
20220922T180000,NORU,133.4,18.0,18.00554,37.04,6.155176162719727,8.927081108093262,377.0638095275119,97.331293491529,0.0478515625,7.886640071868896,-11.850363837280272,-9.078458891906738,340.02380952751184,60.29129349152901,9.12480640411377,0.0,-8.88073359588623,7.666533946990967,7.8866400718688965,7.8866400718688965,49
20220922T180000,TALAS,135.0,29.5,18.00554,101.86,14.80051326751709,13.543157577514648,326.7119899618296,139.68471971178698,0.4345703125,14.85745906829834,-3.20502673248291,-4.462382422485351,224.8519899618296,37.82471971178698,13.651668548583984,0.0,-4.353871451416016,14.574655532836914,14.85745906829834,14.85745906829834,445
20220923T000000,NORU,132.4,17.7,18.00554,37.04,8.881858825683594,9.817418098449709,342.5953073856021,212.7307656592539,0.0654296875,9.840686798095703,-9.123681174316406,-8.188121901550293,305.5553073856021,175.6907656592539,11.1416015625,0.0,-6.8639384375,9.825149536132812,9.840686798095703,9.840686798095703,67
20220923T000000,TALAS,134.8,30.8,18.00554,83.34,17.911251068115234,13.505733489990234,443.2566004561995,198.2825794901809,0.0419921875,8.690199851989746,-0.0942889318847655,-4.4998065100097655,359.9166004561995,114.94257949018098,15.183926582336426,0.0,-2.821613417663574,8.642120361328125,8.690199851989746,8.690199851989746,43
20220923T120000,NORU,130.5,17.4,23.14998,37.04,13.504242897033691,11.03046989440918,180.84720005616435,220.0056577616731,0.3076171875,16.557504653930664,-9.645737102966308,-12.11951010559082,143.80720005616433,182.9656577616731,11.626293182373049,0.0,-11.523686817626952,15.605244636535645,16.557504653930664,16.557504653930664,315
20220923T180000,NORU,129.4,17.0,25.7222,46.3,10.302419662475586,10.216909408569336,449.7212821052048,209.8446772798048,0.0947265625,10.30838394165039,-15.419780337524417,-15.505290591430663,403.4212821052048,163.54467727980477,10.78733730316162,0.0,-14.93486269683838,10.276278495788574,10.30838394165039,10.30838394165039,97
20220924T000000,NORU,128.1,16.3,30.86664,27.78,15.53952407836914,11.620957374572754,70.33340019713212,177.5541410408443,0.11328125,18.43838119506836,-15.32711592163086,-19.245682625427246,42.55340019713212,149.7741410408443,11.79425048828125,0.0,-19.07238951171875,18.242521286010742,18.43838119506836,18.43838119506836,116
20220924T120000,NORU,126.0,15.5,41.15552,27.78,26.28817749023437,13.759336471557615,19.305333373401872,154.70855534710518,0.2255859375,31.85963630676269,-14.867342509765628,-27.396183528442386,-8.474666626598129,126.92855534710516,14.53379249572754,0.0,-26.621727504272464,30.811010360717773,31.859636306762695,31.859636306762695,231
20220924T180000,NORU,124.7,15.2,46.29996,12.964,20.33719825744629,15.830452919006348,196.7141819592765,75.48541205173028,0.07421875,22.317262649536133,-25.96276174255371,-30.46950708099365,183.7501819592765,62.52141205173028,16.47809410095215,0.0,-29.82186589904785,21.803747177124023,22.317262649536133,22.317262649536133,76
20220925T000000,NORU,123.6,15.0,48.87218,9.26,11.620108604431152,15.844115257263184,130.3257688367566,127.39484817594244,0.0625,10.937630653381348,-37.25207139556885,-33.02806474273682,121.0657688367566,118.13484817594244,16.219799041748047,0.0,-32.65238095825195,10.908206939697266,10.937630653381348,10.937630653381348,64
20220925T060000,NORU,122.5,15.0,48.87218,12.964,7.173101425170898,17.834909439086914,486.5454054547144,80.29483968677526,0.0,,-41.6990785748291,-31.03727056091309,473.5814054547144,67.33083968677526,19.24966812133789,0.0,-29.62251187866211,,,,0
20220925T120000,NORU,121.4,15.2,43.72774,9.26,17.72978973388672,19.167823791503903,390.26161046664055,80.16133936039337,0.14453125,18.23290634155273,-25.99795026611329,-24.55991620849609,381.00161046664056,70.90133936039337,21.70655632019043,0.0,-22.021183679809567,17.781221389770508,18.232906341552734,18.232906341552734,148
20220925T180000,NORU,119.9,15.5,38.5833,18.52,17.60906982421875,15.091690063476562,358.1139796404552,303.3172240075953,0.080078125,17.25410270690918,-20.97423017578125,-23.49160993652344,339.5939796404552,284.79722400759533,16.27985382080078,0.0,-22.30344617919922,17.117849349975586,17.25410270690918,17.25410270690918,82
20220926T000000,NORU,118.4,16.0,36.01108,18.52,35.487648010253906,17.449981689453125,125.12474620110017,86.0197115985944,0.1318359375,31.310022354125977,-0.5234319897460935,-18.561098310546875,106.60474620110016,67.4997115985944,19.50584602355957,0.0,-16.50523397644043,30.42644500732422,31.310022354125977,31.310022354125977,135
20220926T060000,NORU,116.9,15.9,33.43886,18.52,6.787625789642334,18.23276710510254,533.4470841237636,108.44785007563648,0.0,,-26.651234210357664,-15.20609289489746,514.9270841237636,89.92785007563647,19.91458511352539,0.0,-13.524274886474608,,,,0
20220926T120000,NORU,115.5,15.9,36.01108,18.52,25.198036193847656,19.72104263305664,40.20149560856969,90.00745194455878,0.2099609375,19.206663131713867,-10.813043806152344,-16.29003736694336,21.681495608569687,71.48745194455879,24.012615203857425,0.0,-11.998464796142578,19.116039276123047,19.206663131713867,19.206663131713867,215
20220926T180000,NORU,113.6,15.8,38.5833,18.52,24.613964080810547,18.77835464477539,70.36471059595091,123.54235949477436,0.1005859375,21.538864135742188,-13.969335919189454,-19.80494535522461,51.844710595950914,105.02235949477436,19.799034118652344,0.0,-18.784265881347658,21.42100715637207,21.538864135742188,21.538864135742188,103
20220927T000000,NORU,112.1,15.5,43.72774,18.52,24.92440414428711,20.602928161621094,244.23633730046868,101.64130241997864,0.1142578125,23.7193660736084,-18.80333585571289,-23.12481183837891,225.71633730046867,83.12130241997863,25.350889205932617,0.0,-18.37685079406738,23.581356048583984,23.7193660736084,23.7193660736084,117
20220927T060000,NORU,111.2,15.6,43.72774,12.964,7.774248123168945,21.612842559814453,565.5808758095292,108.71358580490867,0.0,,-35.95349187683106,-22.11489744018555,552.6168758095291,95.74958580490868,23.736980438232425,0.0,-19.99075956176757,,,,0
20220927T120000,NORU,110.0,15.8,43.72774,9.26,19.725229263305664,22.693506240844727,100.0930394130844,92.70160864275414,0.1455078125,20.99521255493164,-24.00251073669434,-21.03423375915528,90.8330394130844,83.44160864275413,25.525598526000977,0.0,-18.20214147399902,20.82921028137207,20.99521255493164,20.99521255493164,149
20220928T120000,ROKE,131.7,23.0,18.00554,55.56,11.427757263183594,12.972949981689451,70.44271392770048,119.1995098212153,0.4853515625,13.413514137268066,-6.577782736816406,-5.032590018310547,14.88271392770048,63.6395098212153,13.672280311584473,0.0,-4.333259688415527,13.382563591003418,13.413514137268066,13.413514137268066,497
20220928T180000,ROKE,131.6,23.9,20.57776,55.56,15.470073699951172,13.835908889770508,139.74278480601797,119.62311619548623,0.4521484375,16.306934356689453,-5.1076863000488295,-6.741851110229494,84.18278480601796,64.06311619548623,14.078433990478516,0.0,-6.499326009521486,15.789468765258789,16.306934356689453,16.306934356689453,463
20220929T000000,ROKE,131.7,25.0,23.14998,27.78,6.252818584442139,14.244467735290527,480.3095480997596,98.86967975647936,0.0,,-16.89716141555786,-8.905512264709472,452.5295480997596,71.08967975647937,14.96762466430664,0.0,-8.182355335693359,,,,0
20220929T060000,ROKE,132.2,25.8,28.29442,9.26,6.242885589599609,16.601289749145508,522.4788325844795,82.55872989415312,0.0,,-22.0515344104004,-11.693130250854496,513.2188325844795,73.29872989415311,16.941965103149414,0.0,-11.352454896850585,,,,0
20220929T090000,ROKE,132.6,26.2,30.86664,9.26,19.328075408935547,15.542771339416504,29.695584885297865,85.44769413086658,0.31640625,20.750368118286133,-11.538564591064452,-15.323868660583496,20.435584885297864,76.18769413086657,16.941965103149414,3.0,-13.924674896850586,20.409875869750977,20.750368118286133,20.750368118286133,324
20220929T120000,ROKE,133.1,26.6,33.43886,9.26,17.523807525634766,15.02041244506836,80.65487304499696,52.26657963762017,0.4755859375,20.750368118286133,-15.915052474365233,-18.41844755493164,71.39487304499696,43.00657963762017,15.772783279418944,0.0,-17.666076720581053,20.130001068115234,20.750368118286133,20.750368118286133,487
20220929T180000,ROKE,134.3,27.5,33.43886,18.52,24.85481071472168,15.524588584899902,123.3493059028394,52.62838580536044,0.4404296875,24.95945930480957,-8.584049285278319,-17.914271415100096,104.8293059028394,34.10838580536044,15.193528175354004,0.0,-18.245331824645994,24.479873657226562,24.95945930480957,24.95945930480957,451
20220930T000000,ROKE,135.9,28.2,36.01108,18.52,8.315361976623535,16.235733032226562,426.66223028144486,58.98551559550816,0.0,,-27.695718023376465,-19.77534696777344,408.1422302814449,40.46551559550815,17.29953956604004,0.0,-18.71154043395996,,,,0
20220930T060000,ROKE,138.1,29.1,36.01108,18.52,12.993616104125977,16.85192108154297,520.2217051683742,117.91378701453291,0.0,,-23.017463895874023,-19.15915891845703,501.7017051683743,99.39378701453292,16.68257713317871,0.0,-19.32850286682129,,,,0
20220930T120000,ROKE,140.3,30.0,33.43886,27.78,16.513452529907227,18.531604766845703,133.08899424992202,141.14191863725952,0.5654296875,19.41855239868164,-16.92540747009277,-14.907255233154295,105.30899424992202,113.36191863725952,18.424680709838867,0.0,-15.014179290161133,18.47661781311035,19.41855239868164,19.41855239868164,579
